[0.182s] DEBUG:colcon:Command line arguments: ['/usr/bin/colcon', 'build']
[0.182s] DEBUG:colcon:Parsed command line arguments: Namespace(log_base=None, log_level=None, verb_name='build', build_base='build', install_base='install', merge_install=False, symlink_install=False, test_result_base=None, continue_on_error=False, executor='parallel', parallel_workers=8, event_handlers=None, ignore_user_meta=False, metas=['./colcon.meta'], base_paths=['.'], packages_ignore=None, packages_ignore_regex=None, paths=None, packages_up_to=None, packages_up_to_regex=None, packages_above=None, packages_above_and_dependencies=None, packages_above_depth=None, packages_select_by_dep=None, packages_skip_by_dep=None, packages_skip_up_to=None, packages_select_build_failed=False, packages_skip_build_finished=False, packages_select_test_failures=False, packages_skip_test_passed=False, packages_select=None, packages_skip=None, packages_select_regex=None, packages_skip_regex=None, packages_start=None, packages_end=None, allow_overriding=[], cmake_args=None, cmake_target=None, cmake_target_skip_unavailable=False, cmake_clean_cache=False, cmake_clean_first=False, cmake_force_configure=False, ament_cmake_args=None, catkin_cmake_args=None, catkin_skip_building_tests=False, mixin_files=None, mixin=None, verb_parser=<colcon_mixin.mixin.mixin_argument.MixinArgumentDecorator object at 0x75c8443990f0>, verb_extension=<colcon_core.verb.build.BuildVerb object at 0x75c844398c40>, main=<bound method BuildVerb.main of <colcon_core.verb.build.BuildVerb object at 0x75c844398c40>>, mixin_verb=('build',))
[0.478s] Level 1:colcon.colcon_core.package_discovery:discover_packages(colcon_meta) check parameters
[0.478s] Level 1:colcon.colcon_core.package_discovery:discover_packages(recursive) check parameters
[0.478s] Level 1:colcon.colcon_core.package_discovery:discover_packages(ignore) check parameters
[0.478s] Level 1:colcon.colcon_core.package_discovery:discover_packages(path) check parameters
[0.478s] Level 1:colcon.colcon_core.package_discovery:discover_packages(colcon_meta) discover
[0.478s] Level 1:colcon.colcon_core.package_discovery:discover_packages(recursive) discover
[0.478s] INFO:colcon.colcon_core.package_discovery:Crawling recursively for packages in '/home/devika/robo_ws'
[0.478s] Level 1:colcon.colcon_core.package_identification:_identify(.) by extensions ['ignore', 'ignore_ament_install']
[0.479s] Level 1:colcon.colcon_core.package_identification:_identify(.) by extension 'ignore'
[0.479s] Level 1:colcon.colcon_core.package_identification:_identify(.) by extension 'ignore_ament_install'
[0.479s] Level 1:colcon.colcon_core.package_identification:_identify(.) by extensions ['colcon_pkg']
[0.479s] Level 1:colcon.colcon_core.package_identification:_identify(.) by extension 'colcon_pkg'
[0.479s] Level 1:colcon.colcon_core.package_identification:_identify(.) by extensions ['colcon_meta']
[0.479s] Level 1:colcon.colcon_core.package_identification:_identify(.) by extension 'colcon_meta'
[0.479s] Level 1:colcon.colcon_core.package_identification:_identify(.) by extensions ['ros']
[0.479s] Level 1:colcon.colcon_core.package_identification:_identify(.) by extension 'ros'
[0.512s] Level 1:colcon.colcon_core.package_identification:_identify(.) by extensions ['cmake', 'python']
[0.512s] Level 1:colcon.colcon_core.package_identification:_identify(.) by extension 'cmake'
[0.512s] Level 1:colcon.colcon_core.package_identification:_identify(.) by extension 'python'
[0.512s] Level 1:colcon.colcon_core.package_identification:_identify(.) by extensions ['python_setup_py']
[0.512s] Level 1:colcon.colcon_core.package_identification:_identify(.) by extension 'python_setup_py'
[0.513s] Level 1:colcon.colcon_core.package_identification:_identify(build) by extensions ['ignore', 'ignore_ament_install']
[0.513s] Level 1:colcon.colcon_core.package_identification:_identify(build) by extension 'ignore'
[0.513s] Level 1:colcon.colcon_core.package_identification:_identify(build) ignored
[0.513s] Level 1:colcon.colcon_core.package_identification:_identify(install) by extensions ['ignore', 'ignore_ament_install']
[0.513s] Level 1:colcon.colcon_core.package_identification:_identify(install) by extension 'ignore'
[0.513s] Level 1:colcon.colcon_core.package_identification:_identify(install) ignored
[0.513s] Level 1:colcon.colcon_core.package_identification:_identify(log) by extensions ['ignore', 'ignore_ament_install']
[0.514s] Level 1:colcon.colcon_core.package_identification:_identify(log) by extension 'ignore'
[0.514s] Level 1:colcon.colcon_core.package_identification:_identify(log) ignored
[0.514s] Level 1:colcon.colcon_core.package_identification:_identify(src) by extensions ['ignore', 'ignore_ament_install']
[0.514s] Level 1:colcon.colcon_core.package_identification:_identify(src) by extension 'ignore'
[0.514s] Level 1:colcon.colcon_core.package_identification:_identify(src) by extension 'ignore_ament_install'
[0.514s] Level 1:colcon.colcon_core.package_identification:_identify(src) by extensions ['colcon_pkg']
[0.514s] Level 1:colcon.colcon_core.package_identification:_identify(src) by extension 'colcon_pkg'
[0.514s] Level 1:colcon.colcon_core.package_identification:_identify(src) by extensions ['colcon_meta']
[0.514s] Level 1:colcon.colcon_core.package_identification:_identify(src) by extension 'colcon_meta'
[0.514s] Level 1:colcon.colcon_core.package_identification:_identify(src) by extensions ['ros']
[0.514s] Level 1:colcon.colcon_core.package_identification:_identify(src) by extension 'ros'
[0.514s] Level 1:colcon.colcon_core.package_identification:_identify(src) by extensions ['cmake', 'python']
[0.514s] Level 1:colcon.colcon_core.package_identification:_identify(src) by extension 'cmake'
[0.514s] Level 1:colcon.colcon_core.package_identification:_identify(src) by extension 'python'
[0.514s] Level 1:colcon.colcon_core.package_identification:_identify(src) by extensions ['python_setup_py']
[0.514s] Level 1:colcon.colcon_core.package_identification:_identify(src) by extension 'python_setup_py'
[0.515s] Level 1:colcon.colcon_core.package_identification:_identify(src/cylinder_position_estimator) by extensions ['ignore', 'ignore_ament_install']
[0.515s] Level 1:colcon.colcon_core.package_identification:_identify(src/cylinder_position_estimator) by extension 'ignore'
[0.515s] Level 1:colcon.colcon_core.package_identification:_identify(src/cylinder_position_estimator) by extension 'ignore_ament_install'
[0.515s] Level 1:colcon.colcon_core.package_identification:_identify(src/cylinder_position_estimator) by extensions ['colcon_pkg']
[0.515s] Level 1:colcon.colcon_core.package_identification:_identify(src/cylinder_position_estimator) by extension 'colcon_pkg'
[0.515s] Level 1:colcon.colcon_core.package_identification:_identify(src/cylinder_position_estimator) by extensions ['colcon_meta']
[0.515s] Level 1:colcon.colcon_core.package_identification:_identify(src/cylinder_position_estimator) by extension 'colcon_meta'
[0.515s] Level 1:colcon.colcon_core.package_identification:_identify(src/cylinder_position_estimator) by extensions ['ros']
[0.515s] Level 1:colcon.colcon_core.package_identification:_identify(src/cylinder_position_estimator) by extension 'ros'
[0.519s] DEBUG:colcon.colcon_core.package_identification:Package 'src/cylinder_position_estimator' with type 'ros.ament_python' and name 'cylinder_position_estimator'
[0.520s] Level 1:colcon.colcon_core.package_identification:_identify(src/gazebo_ros2_control) by extensions ['ignore', 'ignore_ament_install']
[0.520s] Level 1:colcon.colcon_core.package_identification:_identify(src/gazebo_ros2_control) by extension 'ignore'
[0.520s] Level 1:colcon.colcon_core.package_identification:_identify(src/gazebo_ros2_control) by extension 'ignore_ament_install'
[0.520s] Level 1:colcon.colcon_core.package_identification:_identify(src/gazebo_ros2_control) by extensions ['colcon_pkg']
[0.520s] Level 1:colcon.colcon_core.package_identification:_identify(src/gazebo_ros2_control) by extension 'colcon_pkg'
[0.520s] Level 1:colcon.colcon_core.package_identification:_identify(src/gazebo_ros2_control) by extensions ['colcon_meta']
[0.520s] Level 1:colcon.colcon_core.package_identification:_identify(src/gazebo_ros2_control) by extension 'colcon_meta'
[0.520s] Level 1:colcon.colcon_core.package_identification:_identify(src/gazebo_ros2_control) by extensions ['ros']
[0.520s] Level 1:colcon.colcon_core.package_identification:_identify(src/gazebo_ros2_control) by extension 'ros'
[0.522s] DEBUG:colcon.colcon_core.package_identification:Package 'src/gazebo_ros2_control' with type 'ros.ament_cmake' and name 'gazebo_ros2_control'
[0.522s] Level 1:colcon.colcon_core.package_identification:_identify(src/hello_moveit) by extensions ['ignore', 'ignore_ament_install']
[0.522s] Level 1:colcon.colcon_core.package_identification:_identify(src/hello_moveit) by extension 'ignore'
[0.522s] Level 1:colcon.colcon_core.package_identification:_identify(src/hello_moveit) by extension 'ignore_ament_install'
[0.522s] Level 1:colcon.colcon_core.package_identification:_identify(src/hello_moveit) by extensions ['colcon_pkg']
[0.522s] Level 1:colcon.colcon_core.package_identification:_identify(src/hello_moveit) by extension 'colcon_pkg'
[0.522s] Level 1:colcon.colcon_core.package_identification:_identify(src/hello_moveit) by extensions ['colcon_meta']
[0.522s] Level 1:colcon.colcon_core.package_identification:_identify(src/hello_moveit) by extension 'colcon_meta'
[0.522s] Level 1:colcon.colcon_core.package_identification:_identify(src/hello_moveit) by extensions ['ros']
[0.522s] Level 1:colcon.colcon_core.package_identification:_identify(src/hello_moveit) by extension 'ros'
[0.524s] DEBUG:colcon.colcon_core.package_identification:Package 'src/hello_moveit' with type 'ros.ament_cmake' and name 'hello_moveit'
[0.524s] Level 1:colcon.colcon_core.package_identification:_identify(src/hello_moveit_task_constructor) by extensions ['ignore', 'ignore_ament_install']
[0.524s] Level 1:colcon.colcon_core.package_identification:_identify(src/hello_moveit_task_constructor) by extension 'ignore'
[0.525s] Level 1:colcon.colcon_core.package_identification:_identify(src/hello_moveit_task_constructor) by extension 'ignore_ament_install'
[0.525s] Level 1:colcon.colcon_core.package_identification:_identify(src/hello_moveit_task_constructor) by extensions ['colcon_pkg']
[0.525s] Level 1:colcon.colcon_core.package_identification:_identify(src/hello_moveit_task_constructor) by extension 'colcon_pkg'
[0.525s] Level 1:colcon.colcon_core.package_identification:_identify(src/hello_moveit_task_constructor) by extensions ['colcon_meta']
[0.525s] Level 1:colcon.colcon_core.package_identification:_identify(src/hello_moveit_task_constructor) by extension 'colcon_meta'
[0.525s] Level 1:colcon.colcon_core.package_identification:_identify(src/hello_moveit_task_constructor) by extensions ['ros']
[0.525s] Level 1:colcon.colcon_core.package_identification:_identify(src/hello_moveit_task_constructor) by extension 'ros'
[0.526s] DEBUG:colcon.colcon_core.package_identification:Package 'src/hello_moveit_task_constructor' with type 'ros.ament_cmake' and name 'hello_moveit_task_constructor'
[0.527s] Level 1:colcon.colcon_core.package_identification:_identify(src/moveit_task_constructor) by extensions ['ignore', 'ignore_ament_install']
[0.527s] Level 1:colcon.colcon_core.package_identification:_identify(src/moveit_task_constructor) by extension 'ignore'
[0.527s] Level 1:colcon.colcon_core.package_identification:_identify(src/moveit_task_constructor) by extension 'ignore_ament_install'
[0.527s] Level 1:colcon.colcon_core.package_identification:_identify(src/moveit_task_constructor) by extensions ['colcon_pkg']
[0.527s] Level 1:colcon.colcon_core.package_identification:_identify(src/moveit_task_constructor) by extension 'colcon_pkg'
[0.527s] Level 1:colcon.colcon_core.package_identification:_identify(src/moveit_task_constructor) by extensions ['colcon_meta']
[0.527s] Level 1:colcon.colcon_core.package_identification:_identify(src/moveit_task_constructor) by extension 'colcon_meta'
[0.527s] Level 1:colcon.colcon_core.package_identification:_identify(src/moveit_task_constructor) by extensions ['ros']
[0.527s] Level 1:colcon.colcon_core.package_identification:_identify(src/moveit_task_constructor) by extension 'ros'
[0.527s] Level 1:colcon.colcon_core.package_identification:_identify(src/moveit_task_constructor) by extensions ['cmake', 'python']
[0.527s] Level 1:colcon.colcon_core.package_identification:_identify(src/moveit_task_constructor) by extension 'cmake'
[0.527s] Level 1:colcon.colcon_core.package_identification:_identify(src/moveit_task_constructor) by extension 'python'
[0.527s] Level 1:colcon.colcon_core.package_identification:_identify(src/moveit_task_constructor) by extensions ['python_setup_py']
[0.528s] Level 1:colcon.colcon_core.package_identification:_identify(src/moveit_task_constructor) by extension 'python_setup_py'
[0.528s] Level 1:colcon.colcon_core.package_identification:_identify(src/moveit_task_constructor/capabilities) by extensions ['ignore', 'ignore_ament_install']
[0.528s] Level 1:colcon.colcon_core.package_identification:_identify(src/moveit_task_constructor/capabilities) by extension 'ignore'
[0.528s] Level 1:colcon.colcon_core.package_identification:_identify(src/moveit_task_constructor/capabilities) by extension 'ignore_ament_install'
[0.528s] Level 1:colcon.colcon_core.package_identification:_identify(src/moveit_task_constructor/capabilities) by extensions ['colcon_pkg']
[0.528s] Level 1:colcon.colcon_core.package_identification:_identify(src/moveit_task_constructor/capabilities) by extension 'colcon_pkg'
[0.528s] Level 1:colcon.colcon_core.package_identification:_identify(src/moveit_task_constructor/capabilities) by extensions ['colcon_meta']
[0.528s] Level 1:colcon.colcon_core.package_identification:_identify(src/moveit_task_constructor/capabilities) by extension 'colcon_meta'
[0.528s] Level 1:colcon.colcon_core.package_identification:_identify(src/moveit_task_constructor/capabilities) by extensions ['ros']
[0.528s] Level 1:colcon.colcon_core.package_identification:_identify(src/moveit_task_constructor/capabilities) by extension 'ros'
[0.530s] DEBUG:colcon.colcon_core.package_identification:Package 'src/moveit_task_constructor/capabilities' with type 'ros.ament_cmake' and name 'moveit_task_constructor_capabilities'
[0.530s] Level 1:colcon.colcon_core.package_identification:_identify(src/moveit_task_constructor/core) by extensions ['ignore', 'ignore_ament_install']
[0.530s] Level 1:colcon.colcon_core.package_identification:_identify(src/moveit_task_constructor/core) by extension 'ignore'
[0.530s] Level 1:colcon.colcon_core.package_identification:_identify(src/moveit_task_constructor/core) by extension 'ignore_ament_install'
[0.530s] Level 1:colcon.colcon_core.package_identification:_identify(src/moveit_task_constructor/core) by extensions ['colcon_pkg']
[0.530s] Level 1:colcon.colcon_core.package_identification:_identify(src/moveit_task_constructor/core) by extension 'colcon_pkg'
[0.530s] Level 1:colcon.colcon_core.package_identification:_identify(src/moveit_task_constructor/core) by extensions ['colcon_meta']
[0.531s] Level 1:colcon.colcon_core.package_identification:_identify(src/moveit_task_constructor/core) by extension 'colcon_meta'
[0.531s] Level 1:colcon.colcon_core.package_identification:_identify(src/moveit_task_constructor/core) by extensions ['ros']
[0.531s] Level 1:colcon.colcon_core.package_identification:_identify(src/moveit_task_constructor/core) by extension 'ros'
[0.533s] DEBUG:colcon.colcon_core.package_identification:Package 'src/moveit_task_constructor/core' with type 'ros.ament_cmake' and name 'moveit_task_constructor_core'
[0.533s] Level 1:colcon.colcon_core.package_identification:_identify(src/moveit_task_constructor/demo) by extensions ['ignore', 'ignore_ament_install']
[0.533s] Level 1:colcon.colcon_core.package_identification:_identify(src/moveit_task_constructor/demo) by extension 'ignore'
[0.533s] Level 1:colcon.colcon_core.package_identification:_identify(src/moveit_task_constructor/demo) by extension 'ignore_ament_install'
[0.533s] Level 1:colcon.colcon_core.package_identification:_identify(src/moveit_task_constructor/demo) by extensions ['colcon_pkg']
[0.533s] Level 1:colcon.colcon_core.package_identification:_identify(src/moveit_task_constructor/demo) by extension 'colcon_pkg'
[0.533s] Level 1:colcon.colcon_core.package_identification:_identify(src/moveit_task_constructor/demo) by extensions ['colcon_meta']
[0.533s] Level 1:colcon.colcon_core.package_identification:_identify(src/moveit_task_constructor/demo) by extension 'colcon_meta'
[0.533s] Level 1:colcon.colcon_core.package_identification:_identify(src/moveit_task_constructor/demo) by extensions ['ros']
[0.534s] Level 1:colcon.colcon_core.package_identification:_identify(src/moveit_task_constructor/demo) by extension 'ros'
[0.535s] DEBUG:colcon.colcon_core.package_identification:Package 'src/moveit_task_constructor/demo' with type 'ros.ament_cmake' and name 'moveit_task_constructor_demo'
[0.535s] Level 1:colcon.colcon_core.package_identification:_identify(src/moveit_task_constructor/msgs) by extensions ['ignore', 'ignore_ament_install']
[0.536s] Level 1:colcon.colcon_core.package_identification:_identify(src/moveit_task_constructor/msgs) by extension 'ignore'
[0.536s] Level 1:colcon.colcon_core.package_identification:_identify(src/moveit_task_constructor/msgs) by extension 'ignore_ament_install'
[0.536s] Level 1:colcon.colcon_core.package_identification:_identify(src/moveit_task_constructor/msgs) by extensions ['colcon_pkg']
[0.536s] Level 1:colcon.colcon_core.package_identification:_identify(src/moveit_task_constructor/msgs) by extension 'colcon_pkg'
[0.536s] Level 1:colcon.colcon_core.package_identification:_identify(src/moveit_task_constructor/msgs) by extensions ['colcon_meta']
[0.536s] Level 1:colcon.colcon_core.package_identification:_identify(src/moveit_task_constructor/msgs) by extension 'colcon_meta'
[0.536s] Level 1:colcon.colcon_core.package_identification:_identify(src/moveit_task_constructor/msgs) by extensions ['ros']
[0.536s] Level 1:colcon.colcon_core.package_identification:_identify(src/moveit_task_constructor/msgs) by extension 'ros'
[0.537s] DEBUG:colcon.colcon_core.package_identification:Package 'src/moveit_task_constructor/msgs' with type 'ros.ament_cmake' and name 'moveit_task_constructor_msgs'
[0.537s] Level 1:colcon.colcon_core.package_identification:_identify(src/moveit_task_constructor/rviz_marker_tools) by extensions ['ignore', 'ignore_ament_install']
[0.537s] Level 1:colcon.colcon_core.package_identification:_identify(src/moveit_task_constructor/rviz_marker_tools) by extension 'ignore'
[0.537s] Level 1:colcon.colcon_core.package_identification:_identify(src/moveit_task_constructor/rviz_marker_tools) by extension 'ignore_ament_install'
[0.538s] Level 1:colcon.colcon_core.package_identification:_identify(src/moveit_task_constructor/rviz_marker_tools) by extensions ['colcon_pkg']
[0.538s] Level 1:colcon.colcon_core.package_identification:_identify(src/moveit_task_constructor/rviz_marker_tools) by extension 'colcon_pkg'
[0.538s] Level 1:colcon.colcon_core.package_identification:_identify(src/moveit_task_constructor/rviz_marker_tools) by extensions ['colcon_meta']
[0.538s] Level 1:colcon.colcon_core.package_identification:_identify(src/moveit_task_constructor/rviz_marker_tools) by extension 'colcon_meta'
[0.538s] Level 1:colcon.colcon_core.package_identification:_identify(src/moveit_task_constructor/rviz_marker_tools) by extensions ['ros']
[0.538s] Level 1:colcon.colcon_core.package_identification:_identify(src/moveit_task_constructor/rviz_marker_tools) by extension 'ros'
[0.539s] DEBUG:colcon.colcon_core.package_identification:Package 'src/moveit_task_constructor/rviz_marker_tools' with type 'ros.ament_cmake' and name 'rviz_marker_tools'
[0.539s] Level 1:colcon.colcon_core.package_identification:_identify(src/moveit_task_constructor/visualization) by extensions ['ignore', 'ignore_ament_install']
[0.540s] Level 1:colcon.colcon_core.package_identification:_identify(src/moveit_task_constructor/visualization) by extension 'ignore'
[0.540s] Level 1:colcon.colcon_core.package_identification:_identify(src/moveit_task_constructor/visualization) by extension 'ignore_ament_install'
[0.540s] Level 1:colcon.colcon_core.package_identification:_identify(src/moveit_task_constructor/visualization) by extensions ['colcon_pkg']
[0.540s] Level 1:colcon.colcon_core.package_identification:_identify(src/moveit_task_constructor/visualization) by extension 'colcon_pkg'
[0.540s] Level 1:colcon.colcon_core.package_identification:_identify(src/moveit_task_constructor/visualization) by extensions ['colcon_meta']
[0.540s] Level 1:colcon.colcon_core.package_identification:_identify(src/moveit_task_constructor/visualization) by extension 'colcon_meta'
[0.540s] Level 1:colcon.colcon_core.package_identification:_identify(src/moveit_task_constructor/visualization) by extensions ['ros']
[0.540s] Level 1:colcon.colcon_core.package_identification:_identify(src/moveit_task_constructor/visualization) by extension 'ros'
[0.542s] DEBUG:colcon.colcon_core.package_identification:Package 'src/moveit_task_constructor/visualization' with type 'ros.ament_cmake' and name 'moveit_task_constructor_visualization'
[0.542s] Level 1:colcon.colcon_core.package_identification:_identify(src/perception_vision) by extensions ['ignore', 'ignore_ament_install']
[0.542s] Level 1:colcon.colcon_core.package_identification:_identify(src/perception_vision) by extension 'ignore'
[0.542s] Level 1:colcon.colcon_core.package_identification:_identify(src/perception_vision) by extension 'ignore_ament_install'
[0.542s] Level 1:colcon.colcon_core.package_identification:_identify(src/perception_vision) by extensions ['colcon_pkg']
[0.542s] Level 1:colcon.colcon_core.package_identification:_identify(src/perception_vision) by extension 'colcon_pkg'
[0.542s] Level 1:colcon.colcon_core.package_identification:_identify(src/perception_vision) by extensions ['colcon_meta']
[0.542s] Level 1:colcon.colcon_core.package_identification:_identify(src/perception_vision) by extension 'colcon_meta'
[0.542s] Level 1:colcon.colcon_core.package_identification:_identify(src/perception_vision) by extensions ['ros']
[0.542s] Level 1:colcon.colcon_core.package_identification:_identify(src/perception_vision) by extension 'ros'
[0.543s] DEBUG:colcon.colcon_core.package_identification:Package 'src/perception_vision' with type 'ros.ament_python' and name 'perception_vision'
[0.544s] Level 1:colcon.colcon_core.package_identification:_identify(src/urdf_humble_test) by extensions ['ignore', 'ignore_ament_install']
[0.544s] Level 1:colcon.colcon_core.package_identification:_identify(src/urdf_humble_test) by extension 'ignore'
[0.544s] Level 1:colcon.colcon_core.package_identification:_identify(src/urdf_humble_test) by extension 'ignore_ament_install'
[0.544s] Level 1:colcon.colcon_core.package_identification:_identify(src/urdf_humble_test) by extensions ['colcon_pkg']
[0.544s] Level 1:colcon.colcon_core.package_identification:_identify(src/urdf_humble_test) by extension 'colcon_pkg'
[0.544s] Level 1:colcon.colcon_core.package_identification:_identify(src/urdf_humble_test) by extensions ['colcon_meta']
[0.544s] Level 1:colcon.colcon_core.package_identification:_identify(src/urdf_humble_test) by extension 'colcon_meta'
[0.544s] Level 1:colcon.colcon_core.package_identification:_identify(src/urdf_humble_test) by extensions ['ros']
[0.544s] Level 1:colcon.colcon_core.package_identification:_identify(src/urdf_humble_test) by extension 'ros'
[0.546s] DEBUG:colcon.colcon_core.package_identification:Package 'src/urdf_humble_test' with type 'ros.ament_cmake' and name 'urdf_humble_test'
[0.546s] Level 1:colcon.colcon_core.package_identification:_identify(src/urdf_humble_test_moveit_config) by extensions ['ignore', 'ignore_ament_install']
[0.547s] Level 1:colcon.colcon_core.package_identification:_identify(src/urdf_humble_test_moveit_config) by extension 'ignore'
[0.547s] Level 1:colcon.colcon_core.package_identification:_identify(src/urdf_humble_test_moveit_config) by extension 'ignore_ament_install'
[0.547s] Level 1:colcon.colcon_core.package_identification:_identify(src/urdf_humble_test_moveit_config) by extensions ['colcon_pkg']
[0.547s] Level 1:colcon.colcon_core.package_identification:_identify(src/urdf_humble_test_moveit_config) by extension 'colcon_pkg'
[0.547s] Level 1:colcon.colcon_core.package_identification:_identify(src/urdf_humble_test_moveit_config) by extensions ['colcon_meta']
[0.547s] Level 1:colcon.colcon_core.package_identification:_identify(src/urdf_humble_test_moveit_config) by extension 'colcon_meta'
[0.547s] Level 1:colcon.colcon_core.package_identification:_identify(src/urdf_humble_test_moveit_config) by extensions ['ros']
[0.547s] Level 1:colcon.colcon_core.package_identification:_identify(src/urdf_humble_test_moveit_config) by extension 'ros'
[0.549s] DEBUG:colcon.colcon_core.package_identification:Package 'src/urdf_humble_test_moveit_config' with type 'ros.ament_cmake' and name 'urdf_humble_test_moveit_config'
[0.549s] Level 1:colcon.colcon_core.package_identification:_identify(src/warehouse_ros_mongo) by extensions ['ignore', 'ignore_ament_install']
[0.549s] Level 1:colcon.colcon_core.package_identification:_identify(src/warehouse_ros_mongo) by extension 'ignore'
[0.549s] Level 1:colcon.colcon_core.package_identification:_identify(src/warehouse_ros_mongo) by extension 'ignore_ament_install'
[0.549s] Level 1:colcon.colcon_core.package_identification:_identify(src/warehouse_ros_mongo) by extensions ['colcon_pkg']
[0.549s] Level 1:colcon.colcon_core.package_identification:_identify(src/warehouse_ros_mongo) by extension 'colcon_pkg'
[0.549s] Level 1:colcon.colcon_core.package_identification:_identify(src/warehouse_ros_mongo) by extensions ['colcon_meta']
[0.549s] Level 1:colcon.colcon_core.package_identification:_identify(src/warehouse_ros_mongo) by extension 'colcon_meta'
[0.549s] Level 1:colcon.colcon_core.package_identification:_identify(src/warehouse_ros_mongo) by extensions ['ros']
[0.549s] Level 1:colcon.colcon_core.package_identification:_identify(src/warehouse_ros_mongo) by extension 'ros'
[0.551s] DEBUG:colcon.colcon_core.package_identification:Package 'src/warehouse_ros_mongo' with type 'ros.ament_cmake' and name 'warehouse_ros_mongo'
[0.551s] Level 1:colcon.colcon_core.package_discovery:discover_packages(recursive) using defaults
[0.551s] Level 1:colcon.colcon_core.package_discovery:discover_packages(ignore) discover
[0.551s] Level 1:colcon.colcon_core.package_discovery:discover_packages(ignore) using defaults
[0.551s] Level 1:colcon.colcon_core.package_discovery:discover_packages(path) discover
[0.551s] Level 1:colcon.colcon_core.package_discovery:discover_packages(path) using defaults
[0.585s] Level 1:colcon.colcon_core.package_discovery:discover_packages(prefix_path) check parameters
[0.585s] Level 1:colcon.colcon_core.package_discovery:discover_packages(prefix_path) discover
[0.589s] DEBUG:colcon.colcon_installed_package_information.package_discovery:Found 14 installed packages in /home/devika/robo_ws/install
[0.590s] DEBUG:colcon.colcon_installed_package_information.package_discovery:Found 3 installed packages in /home/devika/manga_ws/install
[0.591s] DEBUG:colcon.colcon_installed_package_information.package_discovery:Found 7 installed packages in /home/devika/some_ws/install
[0.594s] DEBUG:colcon.colcon_installed_package_information.package_discovery:Found 419 installed packages in /opt/ros/humble
[0.598s] Level 1:colcon.colcon_core.package_discovery:discover_packages(prefix_path) using defaults
[0.673s] WARNING:colcon.colcon_core.package_selection:Some selected packages are already built in one or more underlay workspaces:
	'warehouse_ros_mongo' is in: /home/devika/robo_ws/install/warehouse_ros_mongo
	'gazebo_ros2_control' is in: /home/devika/robo_ws/install/gazebo_ros2_control, /opt/ros/humble
If a package in a merged underlay workspace is overridden and it installs headers, then all packages in the overlay must sort their include directories by workspace order. Failure to do so may result in build failures or undefined behavior at run time.
If the overridden package is used by another package in any underlay, then the overriding package in the overlay must be API and ABI compatible or undefined behavior at run time may occur.

If you understand the risks and want to override a package anyways, add the following to the command line:
	--allow-overriding gazebo_ros2_control warehouse_ros_mongo

This may be promoted to an error in a future release of colcon-override-check.
[0.675s] Level 5:colcon.colcon_core.verb:set package 'cylinder_position_estimator' build argument 'cmake_args' from command line to 'None'
[0.675s] Level 5:colcon.colcon_core.verb:set package 'cylinder_position_estimator' build argument 'cmake_target' from command line to 'None'
[0.675s] Level 5:colcon.colcon_core.verb:set package 'cylinder_position_estimator' build argument 'cmake_target_skip_unavailable' from command line to 'False'
[0.675s] Level 5:colcon.colcon_core.verb:set package 'cylinder_position_estimator' build argument 'cmake_clean_cache' from command line to 'False'
[0.675s] Level 5:colcon.colcon_core.verb:set package 'cylinder_position_estimator' build argument 'cmake_clean_first' from command line to 'False'
[0.675s] Level 5:colcon.colcon_core.verb:set package 'cylinder_position_estimator' build argument 'cmake_force_configure' from command line to 'False'
[0.675s] Level 5:colcon.colcon_core.verb:set package 'cylinder_position_estimator' build argument 'ament_cmake_args' from command line to 'None'
[0.675s] Level 5:colcon.colcon_core.verb:set package 'cylinder_position_estimator' build argument 'catkin_cmake_args' from command line to 'None'
[0.675s] Level 5:colcon.colcon_core.verb:set package 'cylinder_position_estimator' build argument 'catkin_skip_building_tests' from command line to 'False'
[0.675s] DEBUG:colcon.colcon_core.verb:Building package 'cylinder_position_estimator' with the following arguments: {'ament_cmake_args': None, 'build_base': '/home/devika/robo_ws/build/cylinder_position_estimator', 'catkin_cmake_args': None, 'catkin_skip_building_tests': False, 'cmake_args': None, 'cmake_clean_cache': False, 'cmake_clean_first': False, 'cmake_force_configure': False, 'cmake_target': None, 'cmake_target_skip_unavailable': False, 'install_base': '/home/devika/robo_ws/install/cylinder_position_estimator', 'merge_install': False, 'path': '/home/devika/robo_ws/src/cylinder_position_estimator', 'symlink_install': False, 'test_result_base': None}
[0.676s] Level 5:colcon.colcon_core.verb:set package 'gazebo_ros2_control' build argument 'cmake_args' from command line to 'None'
[0.676s] Level 5:colcon.colcon_core.verb:set package 'gazebo_ros2_control' build argument 'cmake_target' from command line to 'None'
[0.676s] Level 5:colcon.colcon_core.verb:set package 'gazebo_ros2_control' build argument 'cmake_target_skip_unavailable' from command line to 'False'
[0.676s] Level 5:colcon.colcon_core.verb:set package 'gazebo_ros2_control' build argument 'cmake_clean_cache' from command line to 'False'
[0.676s] Level 5:colcon.colcon_core.verb:set package 'gazebo_ros2_control' build argument 'cmake_clean_first' from command line to 'False'
[0.676s] Level 5:colcon.colcon_core.verb:set package 'gazebo_ros2_control' build argument 'cmake_force_configure' from command line to 'False'
[0.676s] Level 5:colcon.colcon_core.verb:set package 'gazebo_ros2_control' build argument 'ament_cmake_args' from command line to 'None'
[0.676s] Level 5:colcon.colcon_core.verb:set package 'gazebo_ros2_control' build argument 'catkin_cmake_args' from command line to 'None'
[0.676s] Level 5:colcon.colcon_core.verb:set package 'gazebo_ros2_control' build argument 'catkin_skip_building_tests' from command line to 'False'
[0.676s] DEBUG:colcon.colcon_core.verb:Building package 'gazebo_ros2_control' with the following arguments: {'ament_cmake_args': None, 'build_base': '/home/devika/robo_ws/build/gazebo_ros2_control', 'catkin_cmake_args': None, 'catkin_skip_building_tests': False, 'cmake_args': None, 'cmake_clean_cache': False, 'cmake_clean_first': False, 'cmake_force_configure': False, 'cmake_target': None, 'cmake_target_skip_unavailable': False, 'install_base': '/home/devika/robo_ws/install/gazebo_ros2_control', 'merge_install': False, 'path': '/home/devika/robo_ws/src/gazebo_ros2_control', 'symlink_install': False, 'test_result_base': None}
[0.676s] Level 5:colcon.colcon_core.verb:set package 'hello_moveit' build argument 'cmake_args' from command line to 'None'
[0.676s] Level 5:colcon.colcon_core.verb:set package 'hello_moveit' build argument 'cmake_target' from command line to 'None'
[0.676s] Level 5:colcon.colcon_core.verb:set package 'hello_moveit' build argument 'cmake_target_skip_unavailable' from command line to 'False'
[0.676s] Level 5:colcon.colcon_core.verb:set package 'hello_moveit' build argument 'cmake_clean_cache' from command line to 'False'
[0.677s] Level 5:colcon.colcon_core.verb:set package 'hello_moveit' build argument 'cmake_clean_first' from command line to 'False'
[0.677s] Level 5:colcon.colcon_core.verb:set package 'hello_moveit' build argument 'cmake_force_configure' from command line to 'False'
[0.677s] Level 5:colcon.colcon_core.verb:set package 'hello_moveit' build argument 'ament_cmake_args' from command line to 'None'
[0.677s] Level 5:colcon.colcon_core.verb:set package 'hello_moveit' build argument 'catkin_cmake_args' from command line to 'None'
[0.677s] Level 5:colcon.colcon_core.verb:set package 'hello_moveit' build argument 'catkin_skip_building_tests' from command line to 'False'
[0.677s] DEBUG:colcon.colcon_core.verb:Building package 'hello_moveit' with the following arguments: {'ament_cmake_args': None, 'build_base': '/home/devika/robo_ws/build/hello_moveit', 'catkin_cmake_args': None, 'catkin_skip_building_tests': False, 'cmake_args': None, 'cmake_clean_cache': False, 'cmake_clean_first': False, 'cmake_force_configure': False, 'cmake_target': None, 'cmake_target_skip_unavailable': False, 'install_base': '/home/devika/robo_ws/install/hello_moveit', 'merge_install': False, 'path': '/home/devika/robo_ws/src/hello_moveit', 'symlink_install': False, 'test_result_base': None}
[0.677s] Level 5:colcon.colcon_core.verb:set package 'moveit_task_constructor_msgs' build argument 'cmake_args' from command line to 'None'
[0.677s] Level 5:colcon.colcon_core.verb:set package 'moveit_task_constructor_msgs' build argument 'cmake_target' from command line to 'None'
[0.677s] Level 5:colcon.colcon_core.verb:set package 'moveit_task_constructor_msgs' build argument 'cmake_target_skip_unavailable' from command line to 'False'
[0.677s] Level 5:colcon.colcon_core.verb:set package 'moveit_task_constructor_msgs' build argument 'cmake_clean_cache' from command line to 'False'
[0.677s] Level 5:colcon.colcon_core.verb:set package 'moveit_task_constructor_msgs' build argument 'cmake_clean_first' from command line to 'False'
[0.677s] Level 5:colcon.colcon_core.verb:set package 'moveit_task_constructor_msgs' build argument 'cmake_force_configure' from command line to 'False'
[0.677s] Level 5:colcon.colcon_core.verb:set package 'moveit_task_constructor_msgs' build argument 'ament_cmake_args' from command line to 'None'
[0.677s] Level 5:colcon.colcon_core.verb:set package 'moveit_task_constructor_msgs' build argument 'catkin_cmake_args' from command line to 'None'
[0.677s] Level 5:colcon.colcon_core.verb:set package 'moveit_task_constructor_msgs' build argument 'catkin_skip_building_tests' from command line to 'False'
[0.677s] DEBUG:colcon.colcon_core.verb:Building package 'moveit_task_constructor_msgs' with the following arguments: {'ament_cmake_args': None, 'build_base': '/home/devika/robo_ws/build/moveit_task_constructor_msgs', 'catkin_cmake_args': None, 'catkin_skip_building_tests': False, 'cmake_args': None, 'cmake_clean_cache': False, 'cmake_clean_first': False, 'cmake_force_configure': False, 'cmake_target': None, 'cmake_target_skip_unavailable': False, 'install_base': '/home/devika/robo_ws/install/moveit_task_constructor_msgs', 'merge_install': False, 'path': '/home/devika/robo_ws/src/moveit_task_constructor/msgs', 'symlink_install': False, 'test_result_base': None}
[0.678s] Level 5:colcon.colcon_core.verb:set package 'perception_vision' build argument 'cmake_args' from command line to 'None'
[0.678s] Level 5:colcon.colcon_core.verb:set package 'perception_vision' build argument 'cmake_target' from command line to 'None'
[0.678s] Level 5:colcon.colcon_core.verb:set package 'perception_vision' build argument 'cmake_target_skip_unavailable' from command line to 'False'
[0.678s] Level 5:colcon.colcon_core.verb:set package 'perception_vision' build argument 'cmake_clean_cache' from command line to 'False'
[0.678s] Level 5:colcon.colcon_core.verb:set package 'perception_vision' build argument 'cmake_clean_first' from command line to 'False'
[0.678s] Level 5:colcon.colcon_core.verb:set package 'perception_vision' build argument 'cmake_force_configure' from command line to 'False'
[0.678s] Level 5:colcon.colcon_core.verb:set package 'perception_vision' build argument 'ament_cmake_args' from command line to 'None'
[0.678s] Level 5:colcon.colcon_core.verb:set package 'perception_vision' build argument 'catkin_cmake_args' from command line to 'None'
[0.678s] Level 5:colcon.colcon_core.verb:set package 'perception_vision' build argument 'catkin_skip_building_tests' from command line to 'False'
[0.678s] DEBUG:colcon.colcon_core.verb:Building package 'perception_vision' with the following arguments: {'ament_cmake_args': None, 'build_base': '/home/devika/robo_ws/build/perception_vision', 'catkin_cmake_args': None, 'catkin_skip_building_tests': False, 'cmake_args': None, 'cmake_clean_cache': False, 'cmake_clean_first': False, 'cmake_force_configure': False, 'cmake_target': None, 'cmake_target_skip_unavailable': False, 'install_base': '/home/devika/robo_ws/install/perception_vision', 'merge_install': False, 'path': '/home/devika/robo_ws/src/perception_vision', 'symlink_install': False, 'test_result_base': None}
[0.679s] Level 5:colcon.colcon_core.verb:set package 'rviz_marker_tools' build argument 'cmake_args' from command line to 'None'
[0.679s] Level 5:colcon.colcon_core.verb:set package 'rviz_marker_tools' build argument 'cmake_target' from command line to 'None'
[0.679s] Level 5:colcon.colcon_core.verb:set package 'rviz_marker_tools' build argument 'cmake_target_skip_unavailable' from command line to 'False'
[0.679s] Level 5:colcon.colcon_core.verb:set package 'rviz_marker_tools' build argument 'cmake_clean_cache' from command line to 'False'
[0.679s] Level 5:colcon.colcon_core.verb:set package 'rviz_marker_tools' build argument 'cmake_clean_first' from command line to 'False'
[0.679s] Level 5:colcon.colcon_core.verb:set package 'rviz_marker_tools' build argument 'cmake_force_configure' from command line to 'False'
[0.679s] Level 5:colcon.colcon_core.verb:set package 'rviz_marker_tools' build argument 'ament_cmake_args' from command line to 'None'
[0.679s] Level 5:colcon.colcon_core.verb:set package 'rviz_marker_tools' build argument 'catkin_cmake_args' from command line to 'None'
[0.679s] Level 5:colcon.colcon_core.verb:set package 'rviz_marker_tools' build argument 'catkin_skip_building_tests' from command line to 'False'
[0.679s] DEBUG:colcon.colcon_core.verb:Building package 'rviz_marker_tools' with the following arguments: {'ament_cmake_args': None, 'build_base': '/home/devika/robo_ws/build/rviz_marker_tools', 'catkin_cmake_args': None, 'catkin_skip_building_tests': False, 'cmake_args': None, 'cmake_clean_cache': False, 'cmake_clean_first': False, 'cmake_force_configure': False, 'cmake_target': None, 'cmake_target_skip_unavailable': False, 'install_base': '/home/devika/robo_ws/install/rviz_marker_tools', 'merge_install': False, 'path': '/home/devika/robo_ws/src/moveit_task_constructor/rviz_marker_tools', 'symlink_install': False, 'test_result_base': None}
[0.680s] Level 5:colcon.colcon_core.verb:set package 'warehouse_ros_mongo' build argument 'cmake_args' from command line to 'None'
[0.680s] Level 5:colcon.colcon_core.verb:set package 'warehouse_ros_mongo' build argument 'cmake_target' from command line to 'None'
[0.680s] Level 5:colcon.colcon_core.verb:set package 'warehouse_ros_mongo' build argument 'cmake_target_skip_unavailable' from command line to 'False'
[0.680s] Level 5:colcon.colcon_core.verb:set package 'warehouse_ros_mongo' build argument 'cmake_clean_cache' from command line to 'False'
[0.680s] Level 5:colcon.colcon_core.verb:set package 'warehouse_ros_mongo' build argument 'cmake_clean_first' from command line to 'False'
[0.680s] Level 5:colcon.colcon_core.verb:set package 'warehouse_ros_mongo' build argument 'cmake_force_configure' from command line to 'False'
[0.680s] Level 5:colcon.colcon_core.verb:set package 'warehouse_ros_mongo' build argument 'ament_cmake_args' from command line to 'None'
[0.680s] Level 5:colcon.colcon_core.verb:set package 'warehouse_ros_mongo' build argument 'catkin_cmake_args' from command line to 'None'
[0.680s] Level 5:colcon.colcon_core.verb:set package 'warehouse_ros_mongo' build argument 'catkin_skip_building_tests' from command line to 'False'
[0.680s] DEBUG:colcon.colcon_core.verb:Building package 'warehouse_ros_mongo' with the following arguments: {'ament_cmake_args': None, 'build_base': '/home/devika/robo_ws/build/warehouse_ros_mongo', 'catkin_cmake_args': None, 'catkin_skip_building_tests': False, 'cmake_args': None, 'cmake_clean_cache': False, 'cmake_clean_first': False, 'cmake_force_configure': False, 'cmake_target': None, 'cmake_target_skip_unavailable': False, 'install_base': '/home/devika/robo_ws/install/warehouse_ros_mongo', 'merge_install': False, 'path': '/home/devika/robo_ws/src/warehouse_ros_mongo', 'symlink_install': False, 'test_result_base': None}
[0.680s] Level 5:colcon.colcon_core.verb:set package 'moveit_task_constructor_core' build argument 'cmake_args' from command line to 'None'
[0.681s] Level 5:colcon.colcon_core.verb:set package 'moveit_task_constructor_core' build argument 'cmake_target' from command line to 'None'
[0.681s] Level 5:colcon.colcon_core.verb:set package 'moveit_task_constructor_core' build argument 'cmake_target_skip_unavailable' from command line to 'False'
[0.681s] Level 5:colcon.colcon_core.verb:set package 'moveit_task_constructor_core' build argument 'cmake_clean_cache' from command line to 'False'
[0.681s] Level 5:colcon.colcon_core.verb:set package 'moveit_task_constructor_core' build argument 'cmake_clean_first' from command line to 'False'
[0.681s] Level 5:colcon.colcon_core.verb:set package 'moveit_task_constructor_core' build argument 'cmake_force_configure' from command line to 'False'
[0.681s] Level 5:colcon.colcon_core.verb:set package 'moveit_task_constructor_core' build argument 'ament_cmake_args' from command line to 'None'
[0.681s] Level 5:colcon.colcon_core.verb:set package 'moveit_task_constructor_core' build argument 'catkin_cmake_args' from command line to 'None'
[0.681s] Level 5:colcon.colcon_core.verb:set package 'moveit_task_constructor_core' build argument 'catkin_skip_building_tests' from command line to 'False'
[0.681s] DEBUG:colcon.colcon_core.verb:Building package 'moveit_task_constructor_core' with the following arguments: {'ament_cmake_args': None, 'build_base': '/home/devika/robo_ws/build/moveit_task_constructor_core', 'catkin_cmake_args': None, 'catkin_skip_building_tests': False, 'cmake_args': None, 'cmake_clean_cache': False, 'cmake_clean_first': False, 'cmake_force_configure': False, 'cmake_target': None, 'cmake_target_skip_unavailable': False, 'install_base': '/home/devika/robo_ws/install/moveit_task_constructor_core', 'merge_install': False, 'path': '/home/devika/robo_ws/src/moveit_task_constructor/core', 'symlink_install': False, 'test_result_base': None}
[0.681s] Level 5:colcon.colcon_core.verb:set package 'urdf_humble_test' build argument 'cmake_args' from command line to 'None'
[0.681s] Level 5:colcon.colcon_core.verb:set package 'urdf_humble_test' build argument 'cmake_target' from command line to 'None'
[0.681s] Level 5:colcon.colcon_core.verb:set package 'urdf_humble_test' build argument 'cmake_target_skip_unavailable' from command line to 'False'
[0.681s] Level 5:colcon.colcon_core.verb:set package 'urdf_humble_test' build argument 'cmake_clean_cache' from command line to 'False'
[0.681s] Level 5:colcon.colcon_core.verb:set package 'urdf_humble_test' build argument 'cmake_clean_first' from command line to 'False'
[0.681s] Level 5:colcon.colcon_core.verb:set package 'urdf_humble_test' build argument 'cmake_force_configure' from command line to 'False'
[0.682s] Level 5:colcon.colcon_core.verb:set package 'urdf_humble_test' build argument 'ament_cmake_args' from command line to 'None'
[0.682s] Level 5:colcon.colcon_core.verb:set package 'urdf_humble_test' build argument 'catkin_cmake_args' from command line to 'None'
[0.682s] Level 5:colcon.colcon_core.verb:set package 'urdf_humble_test' build argument 'catkin_skip_building_tests' from command line to 'False'
[0.682s] DEBUG:colcon.colcon_core.verb:Building package 'urdf_humble_test' with the following arguments: {'ament_cmake_args': None, 'build_base': '/home/devika/robo_ws/build/urdf_humble_test', 'catkin_cmake_args': None, 'catkin_skip_building_tests': False, 'cmake_args': None, 'cmake_clean_cache': False, 'cmake_clean_first': False, 'cmake_force_configure': False, 'cmake_target': None, 'cmake_target_skip_unavailable': False, 'install_base': '/home/devika/robo_ws/install/urdf_humble_test', 'merge_install': False, 'path': '/home/devika/robo_ws/src/urdf_humble_test', 'symlink_install': False, 'test_result_base': None}
[0.682s] Level 5:colcon.colcon_core.verb:set package 'hello_moveit_task_constructor' build argument 'cmake_args' from command line to 'None'
[0.682s] Level 5:colcon.colcon_core.verb:set package 'hello_moveit_task_constructor' build argument 'cmake_target' from command line to 'None'
[0.682s] Level 5:colcon.colcon_core.verb:set package 'hello_moveit_task_constructor' build argument 'cmake_target_skip_unavailable' from command line to 'False'
[0.682s] Level 5:colcon.colcon_core.verb:set package 'hello_moveit_task_constructor' build argument 'cmake_clean_cache' from command line to 'False'
[0.682s] Level 5:colcon.colcon_core.verb:set package 'hello_moveit_task_constructor' build argument 'cmake_clean_first' from command line to 'False'
[0.682s] Level 5:colcon.colcon_core.verb:set package 'hello_moveit_task_constructor' build argument 'cmake_force_configure' from command line to 'False'
[0.682s] Level 5:colcon.colcon_core.verb:set package 'hello_moveit_task_constructor' build argument 'ament_cmake_args' from command line to 'None'
[0.682s] Level 5:colcon.colcon_core.verb:set package 'hello_moveit_task_constructor' build argument 'catkin_cmake_args' from command line to 'None'
[0.682s] Level 5:colcon.colcon_core.verb:set package 'hello_moveit_task_constructor' build argument 'catkin_skip_building_tests' from command line to 'False'
[0.682s] DEBUG:colcon.colcon_core.verb:Building package 'hello_moveit_task_constructor' with the following arguments: {'ament_cmake_args': None, 'build_base': '/home/devika/robo_ws/build/hello_moveit_task_constructor', 'catkin_cmake_args': None, 'catkin_skip_building_tests': False, 'cmake_args': None, 'cmake_clean_cache': False, 'cmake_clean_first': False, 'cmake_force_configure': False, 'cmake_target': None, 'cmake_target_skip_unavailable': False, 'install_base': '/home/devika/robo_ws/install/hello_moveit_task_constructor', 'merge_install': False, 'path': '/home/devika/robo_ws/src/hello_moveit_task_constructor', 'symlink_install': False, 'test_result_base': None}
[0.683s] Level 5:colcon.colcon_core.verb:set package 'moveit_task_constructor_capabilities' build argument 'cmake_args' from command line to 'None'
[0.683s] Level 5:colcon.colcon_core.verb:set package 'moveit_task_constructor_capabilities' build argument 'cmake_target' from command line to 'None'
[0.683s] Level 5:colcon.colcon_core.verb:set package 'moveit_task_constructor_capabilities' build argument 'cmake_target_skip_unavailable' from command line to 'False'
[0.683s] Level 5:colcon.colcon_core.verb:set package 'moveit_task_constructor_capabilities' build argument 'cmake_clean_cache' from command line to 'False'
[0.683s] Level 5:colcon.colcon_core.verb:set package 'moveit_task_constructor_capabilities' build argument 'cmake_clean_first' from command line to 'False'
[0.683s] Level 5:colcon.colcon_core.verb:set package 'moveit_task_constructor_capabilities' build argument 'cmake_force_configure' from command line to 'False'
[0.683s] Level 5:colcon.colcon_core.verb:set package 'moveit_task_constructor_capabilities' build argument 'ament_cmake_args' from command line to 'None'
[0.683s] Level 5:colcon.colcon_core.verb:set package 'moveit_task_constructor_capabilities' build argument 'catkin_cmake_args' from command line to 'None'
[0.683s] Level 5:colcon.colcon_core.verb:set package 'moveit_task_constructor_capabilities' build argument 'catkin_skip_building_tests' from command line to 'False'
[0.683s] DEBUG:colcon.colcon_core.verb:Building package 'moveit_task_constructor_capabilities' with the following arguments: {'ament_cmake_args': None, 'build_base': '/home/devika/robo_ws/build/moveit_task_constructor_capabilities', 'catkin_cmake_args': None, 'catkin_skip_building_tests': False, 'cmake_args': None, 'cmake_clean_cache': False, 'cmake_clean_first': False, 'cmake_force_configure': False, 'cmake_target': None, 'cmake_target_skip_unavailable': False, 'install_base': '/home/devika/robo_ws/install/moveit_task_constructor_capabilities', 'merge_install': False, 'path': '/home/devika/robo_ws/src/moveit_task_constructor/capabilities', 'symlink_install': False, 'test_result_base': None}
[0.684s] Level 5:colcon.colcon_core.verb:set package 'moveit_task_constructor_visualization' build argument 'cmake_args' from command line to 'None'
[0.684s] Level 5:colcon.colcon_core.verb:set package 'moveit_task_constructor_visualization' build argument 'cmake_target' from command line to 'None'
[0.684s] Level 5:colcon.colcon_core.verb:set package 'moveit_task_constructor_visualization' build argument 'cmake_target_skip_unavailable' from command line to 'False'
[0.684s] Level 5:colcon.colcon_core.verb:set package 'moveit_task_constructor_visualization' build argument 'cmake_clean_cache' from command line to 'False'
[0.684s] Level 5:colcon.colcon_core.verb:set package 'moveit_task_constructor_visualization' build argument 'cmake_clean_first' from command line to 'False'
[0.684s] Level 5:colcon.colcon_core.verb:set package 'moveit_task_constructor_visualization' build argument 'cmake_force_configure' from command line to 'False'
[0.684s] Level 5:colcon.colcon_core.verb:set package 'moveit_task_constructor_visualization' build argument 'ament_cmake_args' from command line to 'None'
[0.684s] Level 5:colcon.colcon_core.verb:set package 'moveit_task_constructor_visualization' build argument 'catkin_cmake_args' from command line to 'None'
[0.684s] Level 5:colcon.colcon_core.verb:set package 'moveit_task_constructor_visualization' build argument 'catkin_skip_building_tests' from command line to 'False'
[0.684s] DEBUG:colcon.colcon_core.verb:Building package 'moveit_task_constructor_visualization' with the following arguments: {'ament_cmake_args': None, 'build_base': '/home/devika/robo_ws/build/moveit_task_constructor_visualization', 'catkin_cmake_args': None, 'catkin_skip_building_tests': False, 'cmake_args': None, 'cmake_clean_cache': False, 'cmake_clean_first': False, 'cmake_force_configure': False, 'cmake_target': None, 'cmake_target_skip_unavailable': False, 'install_base': '/home/devika/robo_ws/install/moveit_task_constructor_visualization', 'merge_install': False, 'path': '/home/devika/robo_ws/src/moveit_task_constructor/visualization', 'symlink_install': False, 'test_result_base': None}
[0.684s] Level 5:colcon.colcon_core.verb:set package 'urdf_humble_test_moveit_config' build argument 'cmake_args' from command line to 'None'
[0.685s] Level 5:colcon.colcon_core.verb:set package 'urdf_humble_test_moveit_config' build argument 'cmake_target' from command line to 'None'
[0.685s] Level 5:colcon.colcon_core.verb:set package 'urdf_humble_test_moveit_config' build argument 'cmake_target_skip_unavailable' from command line to 'False'
[0.685s] Level 5:colcon.colcon_core.verb:set package 'urdf_humble_test_moveit_config' build argument 'cmake_clean_cache' from command line to 'False'
[0.685s] Level 5:colcon.colcon_core.verb:set package 'urdf_humble_test_moveit_config' build argument 'cmake_clean_first' from command line to 'False'
[0.685s] Level 5:colcon.colcon_core.verb:set package 'urdf_humble_test_moveit_config' build argument 'cmake_force_configure' from command line to 'False'
[0.685s] Level 5:colcon.colcon_core.verb:set package 'urdf_humble_test_moveit_config' build argument 'ament_cmake_args' from command line to 'None'
[0.685s] Level 5:colcon.colcon_core.verb:set package 'urdf_humble_test_moveit_config' build argument 'catkin_cmake_args' from command line to 'None'
[0.685s] Level 5:colcon.colcon_core.verb:set package 'urdf_humble_test_moveit_config' build argument 'catkin_skip_building_tests' from command line to 'False'
[0.685s] DEBUG:colcon.colcon_core.verb:Building package 'urdf_humble_test_moveit_config' with the following arguments: {'ament_cmake_args': None, 'build_base': '/home/devika/robo_ws/build/urdf_humble_test_moveit_config', 'catkin_cmake_args': None, 'catkin_skip_building_tests': False, 'cmake_args': None, 'cmake_clean_cache': False, 'cmake_clean_first': False, 'cmake_force_configure': False, 'cmake_target': None, 'cmake_target_skip_unavailable': False, 'install_base': '/home/devika/robo_ws/install/urdf_humble_test_moveit_config', 'merge_install': False, 'path': '/home/devika/robo_ws/src/urdf_humble_test_moveit_config', 'symlink_install': False, 'test_result_base': None}
[0.685s] Level 5:colcon.colcon_core.verb:set package 'moveit_task_constructor_demo' build argument 'cmake_args' from command line to 'None'
[0.685s] Level 5:colcon.colcon_core.verb:set package 'moveit_task_constructor_demo' build argument 'cmake_target' from command line to 'None'
[0.685s] Level 5:colcon.colcon_core.verb:set package 'moveit_task_constructor_demo' build argument 'cmake_target_skip_unavailable' from command line to 'False'
[0.685s] Level 5:colcon.colcon_core.verb:set package 'moveit_task_constructor_demo' build argument 'cmake_clean_cache' from command line to 'False'
[0.685s] Level 5:colcon.colcon_core.verb:set package 'moveit_task_constructor_demo' build argument 'cmake_clean_first' from command line to 'False'
[0.686s] Level 5:colcon.colcon_core.verb:set package 'moveit_task_constructor_demo' build argument 'cmake_force_configure' from command line to 'False'
[0.686s] Level 5:colcon.colcon_core.verb:set package 'moveit_task_constructor_demo' build argument 'ament_cmake_args' from command line to 'None'
[0.686s] Level 5:colcon.colcon_core.verb:set package 'moveit_task_constructor_demo' build argument 'catkin_cmake_args' from command line to 'None'
[0.686s] Level 5:colcon.colcon_core.verb:set package 'moveit_task_constructor_demo' build argument 'catkin_skip_building_tests' from command line to 'False'
[0.686s] DEBUG:colcon.colcon_core.verb:Building package 'moveit_task_constructor_demo' with the following arguments: {'ament_cmake_args': None, 'build_base': '/home/devika/robo_ws/build/moveit_task_constructor_demo', 'catkin_cmake_args': None, 'catkin_skip_building_tests': False, 'cmake_args': None, 'cmake_clean_cache': False, 'cmake_clean_first': False, 'cmake_force_configure': False, 'cmake_target': None, 'cmake_target_skip_unavailable': False, 'install_base': '/home/devika/robo_ws/install/moveit_task_constructor_demo', 'merge_install': False, 'path': '/home/devika/robo_ws/src/moveit_task_constructor/demo', 'symlink_install': False, 'test_result_base': None}
[0.686s] INFO:colcon.colcon_core.executor:Executing jobs using 'parallel' executor
[0.688s] DEBUG:colcon.colcon_parallel_executor.executor.parallel:run_until_complete
[0.689s] INFO:colcon.colcon_ros.task.ament_cmake.build:Building ROS package in '/home/devika/robo_ws/src/moveit_task_constructor/msgs' with build type 'ament_cmake'
[0.690s] INFO:colcon.colcon_cmake.task.cmake.build:Building CMake package in '/home/devika/robo_ws/src/moveit_task_constructor/msgs'
[0.695s] INFO:colcon.colcon_core.plugin_system:Skipping extension 'colcon_core.shell.bat': Not used on non-Windows systems
[0.695s] INFO:colcon.colcon_core.shell:Skip shell extension 'powershell' for command environment: Not usable outside of PowerShell
[0.695s] DEBUG:colcon.colcon_core.shell:Skip shell extension 'dsv' for command environment
[0.708s] INFO:colcon.colcon_ros.task.ament_cmake.build:Building ROS package in '/home/devika/robo_ws/src/moveit_task_constructor/rviz_marker_tools' with build type 'ament_cmake'
[0.708s] INFO:colcon.colcon_cmake.task.cmake.build:Building CMake package in '/home/devika/robo_ws/src/moveit_task_constructor/rviz_marker_tools'
[0.709s] INFO:colcon.colcon_core.shell:Skip shell extension 'powershell' for command environment: Not usable outside of PowerShell
[0.709s] DEBUG:colcon.colcon_core.shell:Skip shell extension 'dsv' for command environment
[0.719s] INFO:colcon.colcon_ros.task.ament_cmake.build:Building ROS package in '/home/devika/robo_ws/src/gazebo_ros2_control' with build type 'ament_cmake'
[0.719s] INFO:colcon.colcon_cmake.task.cmake.build:Building CMake package in '/home/devika/robo_ws/src/gazebo_ros2_control'
[0.720s] INFO:colcon.colcon_core.shell:Skip shell extension 'powershell' for command environment: Not usable outside of PowerShell
[0.720s] DEBUG:colcon.colcon_core.shell:Skip shell extension 'dsv' for command environment
[0.730s] INFO:colcon.colcon_ros.task.ament_cmake.build:Building ROS package in '/home/devika/robo_ws/src/warehouse_ros_mongo' with build type 'ament_cmake'
[0.731s] INFO:colcon.colcon_cmake.task.cmake.build:Building CMake package in '/home/devika/robo_ws/src/warehouse_ros_mongo'
[0.731s] INFO:colcon.colcon_core.shell:Skip shell extension 'powershell' for command environment: Not usable outside of PowerShell
[0.731s] DEBUG:colcon.colcon_core.shell:Skip shell extension 'dsv' for command environment
[0.743s] INFO:colcon.colcon_ros.task.ament_python.build:Building ROS package in '/home/devika/robo_ws/src/cylinder_position_estimator' with build type 'ament_python'
[0.743s] Level 1:colcon.colcon_core.shell:create_environment_hook('cylinder_position_estimator', 'ament_prefix_path')
[0.744s] INFO:colcon.colcon_core.shell:Creating environment hook '/home/devika/robo_ws/install/cylinder_position_estimator/share/cylinder_position_estimator/hook/ament_prefix_path.ps1'
[0.745s] INFO:colcon.colcon_core.shell:Creating environment descriptor '/home/devika/robo_ws/install/cylinder_position_estimator/share/cylinder_position_estimator/hook/ament_prefix_path.dsv'
[0.746s] INFO:colcon.colcon_core.shell:Creating environment hook '/home/devika/robo_ws/install/cylinder_position_estimator/share/cylinder_position_estimator/hook/ament_prefix_path.sh'
[0.748s] INFO:colcon.colcon_core.shell:Skip shell extension 'powershell' for command environment: Not usable outside of PowerShell
[0.748s] DEBUG:colcon.colcon_core.shell:Skip shell extension 'dsv' for command environment
[0.758s] INFO:colcon.colcon_ros.task.ament_cmake.build:Building ROS package in '/home/devika/robo_ws/src/hello_moveit' with build type 'ament_cmake'
[0.758s] INFO:colcon.colcon_cmake.task.cmake.build:Building CMake package in '/home/devika/robo_ws/src/hello_moveit'
[0.758s] INFO:colcon.colcon_core.shell:Skip shell extension 'powershell' for command environment: Not usable outside of PowerShell
[0.759s] DEBUG:colcon.colcon_core.shell:Skip shell extension 'dsv' for command environment
[0.768s] INFO:colcon.colcon_ros.task.ament_python.build:Building ROS package in '/home/devika/robo_ws/src/perception_vision' with build type 'ament_python'
[0.769s] Level 1:colcon.colcon_core.shell:create_environment_hook('perception_vision', 'ament_prefix_path')
[0.770s] INFO:colcon.colcon_core.shell:Creating environment hook '/home/devika/robo_ws/install/perception_vision/share/perception_vision/hook/ament_prefix_path.ps1'
[0.771s] INFO:colcon.colcon_core.shell:Creating environment descriptor '/home/devika/robo_ws/install/perception_vision/share/perception_vision/hook/ament_prefix_path.dsv'
[0.773s] INFO:colcon.colcon_core.shell:Creating environment hook '/home/devika/robo_ws/install/perception_vision/share/perception_vision/hook/ament_prefix_path.sh'
[0.774s] INFO:colcon.colcon_core.shell:Skip shell extension 'powershell' for command environment: Not usable outside of PowerShell
[0.774s] DEBUG:colcon.colcon_core.shell:Skip shell extension 'dsv' for command environment
[0.795s] DEBUG:colcon.colcon_core.event_handler.log_command:Invoking command in '/home/devika/robo_ws/build/moveit_task_constructor_msgs': CMAKE_PREFIX_PATH=${CMAKE_PREFIX_PATH}:/home/devika/robo_ws/install/perception_vision:/home/devika/robo_ws/install/cylinder_position_estimator:/opt/ros/humble /usr/bin/cmake --build /home/devika/robo_ws/build/moveit_task_constructor_msgs -- -j8 -l8
[0.800s] DEBUG:colcon.colcon_core.event_handler.log_command:Invoking command in '/home/devika/robo_ws/build/rviz_marker_tools': CMAKE_PREFIX_PATH=${CMAKE_PREFIX_PATH}:/home/devika/robo_ws/install/perception_vision:/home/devika/robo_ws/install/cylinder_position_estimator:/opt/ros/humble /usr/bin/cmake --build /home/devika/robo_ws/build/rviz_marker_tools -- -j8 -l8
[0.810s] DEBUG:colcon.colcon_core.event_handler.log_command:Invoking command in '/home/devika/robo_ws/build/gazebo_ros2_control': CMAKE_PREFIX_PATH=${CMAKE_PREFIX_PATH}:/home/devika/robo_ws/install/perception_vision:/home/devika/robo_ws/install/cylinder_position_estimator:/opt/ros/humble /usr/bin/cmake --build /home/devika/robo_ws/build/gazebo_ros2_control -- -j8 -l8
[0.818s] DEBUG:colcon.colcon_core.event_handler.log_command:Invoking command in '/home/devika/robo_ws/build/warehouse_ros_mongo': CMAKE_PREFIX_PATH=${CMAKE_PREFIX_PATH}:/home/devika/robo_ws/install/perception_vision:/home/devika/robo_ws/install/cylinder_position_estimator:/opt/ros/humble /usr/bin/cmake --build /home/devika/robo_ws/build/warehouse_ros_mongo -- -j8 -l8
[1.543s] INFO:colcon.colcon_core.task.python.build:Building Python package in '/home/devika/robo_ws/src/cylinder_position_estimator'
[1.544s] INFO:colcon.colcon_core.shell:Skip shell extension 'powershell' for command environment: Not usable outside of PowerShell
[1.544s] DEBUG:colcon.colcon_core.shell:Skip shell extension 'dsv' for command environment
[1.565s] DEBUG:colcon.colcon_core.event_handler.log_command:Invoking command in '/home/devika/robo_ws/build/hello_moveit': CMAKE_PREFIX_PATH=${CMAKE_PREFIX_PATH}:/home/devika/robo_ws/install/perception_vision:/home/devika/robo_ws/install/cylinder_position_estimator:/opt/ros/humble /usr/bin/cmake --build /home/devika/robo_ws/build/hello_moveit -- -j8 -l8
[2.082s] INFO:colcon.colcon_core.task.python.build:Building Python package in '/home/devika/robo_ws/src/perception_vision'
[2.083s] INFO:colcon.colcon_core.shell:Skip shell extension 'powershell' for command environment: Not usable outside of PowerShell
[2.083s] DEBUG:colcon.colcon_core.shell:Skip shell extension 'dsv' for command environment
[2.095s] DEBUG:colcon.colcon_core.event_handler.log_command:Invoked command in '/home/devika/robo_ws/build/rviz_marker_tools' returned '0': CMAKE_PREFIX_PATH=${CMAKE_PREFIX_PATH}:/home/devika/robo_ws/install/perception_vision:/home/devika/robo_ws/install/cylinder_position_estimator:/opt/ros/humble /usr/bin/cmake --build /home/devika/robo_ws/build/rviz_marker_tools -- -j8 -l8
[2.116s] DEBUG:colcon.colcon_core.event_handler.log_command:Invoking command in '/home/devika/robo_ws/build/rviz_marker_tools': CMAKE_PREFIX_PATH=${CMAKE_PREFIX_PATH}:/home/devika/robo_ws/install/perception_vision:/home/devika/robo_ws/install/cylinder_position_estimator:/opt/ros/humble /usr/bin/cmake --install /home/devika/robo_ws/build/rviz_marker_tools
[2.120s] DEBUG:colcon.colcon_core.event_handler.log_command:Invoked command in '/home/devika/robo_ws/build/gazebo_ros2_control' returned '0': CMAKE_PREFIX_PATH=${CMAKE_PREFIX_PATH}:/home/devika/robo_ws/install/perception_vision:/home/devika/robo_ws/install/cylinder_position_estimator:/opt/ros/humble /usr/bin/cmake --build /home/devika/robo_ws/build/gazebo_ros2_control -- -j8 -l8
[2.124s] DEBUG:colcon.colcon_core.event_handler.log_command:Invoking command in '/home/devika/robo_ws/build/gazebo_ros2_control': CMAKE_PREFIX_PATH=${CMAKE_PREFIX_PATH}:/home/devika/robo_ws/install/perception_vision:/home/devika/robo_ws/install/cylinder_position_estimator:/opt/ros/humble /usr/bin/cmake --install /home/devika/robo_ws/build/gazebo_ros2_control
[2.132s] DEBUG:colcon.colcon_core.event_handler.log_command:Invoked command in '/home/devika/robo_ws/build/hello_moveit' returned '0': CMAKE_PREFIX_PATH=${CMAKE_PREFIX_PATH}:/home/devika/robo_ws/install/perception_vision:/home/devika/robo_ws/install/cylinder_position_estimator:/opt/ros/humble /usr/bin/cmake --build /home/devika/robo_ws/build/hello_moveit -- -j8 -l8
[2.137s] DEBUG:colcon.colcon_core.event_handler.log_command:Invoking command in '/home/devika/robo_ws/build/hello_moveit': CMAKE_PREFIX_PATH=${CMAKE_PREFIX_PATH}:/home/devika/robo_ws/install/perception_vision:/home/devika/robo_ws/install/cylinder_position_estimator:/opt/ros/humble /usr/bin/cmake --install /home/devika/robo_ws/build/hello_moveit
[2.140s] DEBUG:colcon.colcon_core.event_handler.log_command:Invoked command in '/home/devika/robo_ws/build/warehouse_ros_mongo' returned '0': CMAKE_PREFIX_PATH=${CMAKE_PREFIX_PATH}:/home/devika/robo_ws/install/perception_vision:/home/devika/robo_ws/install/cylinder_position_estimator:/opt/ros/humble /usr/bin/cmake --build /home/devika/robo_ws/build/warehouse_ros_mongo -- -j8 -l8
[2.147s] DEBUG:colcon.colcon_core.event_handler.log_command:Invoking command in '/home/devika/robo_ws/build/warehouse_ros_mongo': CMAKE_PREFIX_PATH=${CMAKE_PREFIX_PATH}:/home/devika/robo_ws/install/perception_vision:/home/devika/robo_ws/install/cylinder_position_estimator:/opt/ros/humble /usr/bin/cmake --install /home/devika/robo_ws/build/warehouse_ros_mongo
[2.149s] DEBUG:colcon.colcon_core.event_handler.log_command:Invoked command in '/home/devika/robo_ws/build/moveit_task_constructor_msgs' returned '0': CMAKE_PREFIX_PATH=${CMAKE_PREFIX_PATH}:/home/devika/robo_ws/install/perception_vision:/home/devika/robo_ws/install/cylinder_position_estimator:/opt/ros/humble /usr/bin/cmake --build /home/devika/robo_ws/build/moveit_task_constructor_msgs -- -j8 -l8
[2.158s] DEBUG:colcon.colcon_core.event_handler.log_command:Invoking command in '/home/devika/robo_ws/build/moveit_task_constructor_msgs': CMAKE_PREFIX_PATH=${CMAKE_PREFIX_PATH}:/home/devika/robo_ws/install/perception_vision:/home/devika/robo_ws/install/cylinder_position_estimator:/opt/ros/humble /usr/bin/cmake --install /home/devika/robo_ws/build/moveit_task_constructor_msgs
[2.169s] Level 1:colcon.colcon_core.environment:create_environment_scripts_only(rviz_marker_tools)
[2.183s] DEBUG:colcon.colcon_core.event_handler.log_command:Invoked command in '/home/devika/robo_ws/build/rviz_marker_tools' returned '0': CMAKE_PREFIX_PATH=${CMAKE_PREFIX_PATH}:/home/devika/robo_ws/install/perception_vision:/home/devika/robo_ws/install/cylinder_position_estimator:/opt/ros/humble /usr/bin/cmake --install /home/devika/robo_ws/build/rviz_marker_tools
[2.193s] Level 1:colcon.colcon_core.environment:checking '/home/devika/robo_ws/install/rviz_marker_tools' for CMake module files
[2.198s] Level 1:colcon.colcon_core.environment:checking '/home/devika/robo_ws/install/rviz_marker_tools' for CMake config files
[2.220s] Level 1:colcon.colcon_core.shell:create_environment_hook('rviz_marker_tools', 'cmake_prefix_path')
[2.221s] INFO:colcon.colcon_core.shell:Creating environment hook '/home/devika/robo_ws/install/rviz_marker_tools/share/rviz_marker_tools/hook/cmake_prefix_path.ps1'
[2.227s] INFO:colcon.colcon_core.shell:Creating environment descriptor '/home/devika/robo_ws/install/rviz_marker_tools/share/rviz_marker_tools/hook/cmake_prefix_path.dsv'
[2.232s] INFO:colcon.colcon_core.shell:Creating environment hook '/home/devika/robo_ws/install/rviz_marker_tools/share/rviz_marker_tools/hook/cmake_prefix_path.sh'
[2.236s] Level 1:colcon.colcon_core.environment:checking '/home/devika/robo_ws/install/rviz_marker_tools/lib'
[2.237s] Level 1:colcon.colcon_core.shell:create_environment_hook('rviz_marker_tools', 'ld_library_path_lib')
[2.237s] INFO:colcon.colcon_core.shell:Creating environment hook '/home/devika/robo_ws/install/rviz_marker_tools/share/rviz_marker_tools/hook/ld_library_path_lib.ps1'
[2.241s] INFO:colcon.colcon_core.shell:Creating environment descriptor '/home/devika/robo_ws/install/rviz_marker_tools/share/rviz_marker_tools/hook/ld_library_path_lib.dsv'
[2.245s] INFO:colcon.colcon_core.shell:Creating environment hook '/home/devika/robo_ws/install/rviz_marker_tools/share/rviz_marker_tools/hook/ld_library_path_lib.sh'
[2.249s] Level 1:colcon.colcon_core.environment:checking '/home/devika/robo_ws/install/rviz_marker_tools/bin'
[2.249s] Level 1:colcon.colcon_core.environment:checking '/home/devika/robo_ws/install/rviz_marker_tools/lib/pkgconfig/rviz_marker_tools.pc'
[2.250s] Level 1:colcon.colcon_core.environment:checking '/home/devika/robo_ws/install/rviz_marker_tools/lib/python3.10/site-packages'
[2.250s] Level 1:colcon.colcon_core.environment:checking '/home/devika/robo_ws/install/rviz_marker_tools/bin'
[2.251s] INFO:colcon.colcon_core.shell:Creating package script '/home/devika/robo_ws/install/rviz_marker_tools/share/rviz_marker_tools/package.ps1'
[2.255s] INFO:colcon.colcon_core.shell:Creating package descriptor '/home/devika/robo_ws/install/rviz_marker_tools/share/rviz_marker_tools/package.dsv'
[2.257s] INFO:colcon.colcon_core.shell:Creating package script '/home/devika/robo_ws/install/rviz_marker_tools/share/rviz_marker_tools/package.sh'
[2.263s] INFO:colcon.colcon_core.shell:Creating package script '/home/devika/robo_ws/install/rviz_marker_tools/share/rviz_marker_tools/package.bash'
[2.266s] INFO:colcon.colcon_core.shell:Creating package script '/home/devika/robo_ws/install/rviz_marker_tools/share/rviz_marker_tools/package.zsh'
[2.268s] Level 1:colcon.colcon_core.environment:create_file_with_runtime_dependencies(/home/devika/robo_ws/install/rviz_marker_tools/share/colcon-core/packages/rviz_marker_tools)
[2.274s] Level 1:colcon.colcon_core.environment:create_environment_scripts_only(rviz_marker_tools)
[2.274s] Level 1:colcon.colcon_core.environment:checking '/home/devika/robo_ws/install/rviz_marker_tools' for CMake module files
[2.275s] Level 1:colcon.colcon_core.environment:checking '/home/devika/robo_ws/install/rviz_marker_tools' for CMake config files
[2.276s] Level 1:colcon.colcon_core.shell:create_environment_hook('rviz_marker_tools', 'cmake_prefix_path')
[2.276s] INFO:colcon.colcon_core.shell:Creating environment hook '/home/devika/robo_ws/install/rviz_marker_tools/share/rviz_marker_tools/hook/cmake_prefix_path.ps1'
[2.277s] INFO:colcon.colcon_core.shell:Creating environment descriptor '/home/devika/robo_ws/install/rviz_marker_tools/share/rviz_marker_tools/hook/cmake_prefix_path.dsv'
[2.278s] INFO:colcon.colcon_core.shell:Creating environment hook '/home/devika/robo_ws/install/rviz_marker_tools/share/rviz_marker_tools/hook/cmake_prefix_path.sh'
[2.279s] Level 1:colcon.colcon_core.environment:checking '/home/devika/robo_ws/install/rviz_marker_tools/lib'
[2.279s] Level 1:colcon.colcon_core.shell:create_environment_hook('rviz_marker_tools', 'ld_library_path_lib')
[2.280s] INFO:colcon.colcon_core.shell:Creating environment hook '/home/devika/robo_ws/install/rviz_marker_tools/share/rviz_marker_tools/hook/ld_library_path_lib.ps1'
[2.280s] INFO:colcon.colcon_core.shell:Creating environment descriptor '/home/devika/robo_ws/install/rviz_marker_tools/share/rviz_marker_tools/hook/ld_library_path_lib.dsv'
[2.281s] INFO:colcon.colcon_core.shell:Creating environment hook '/home/devika/robo_ws/install/rviz_marker_tools/share/rviz_marker_tools/hook/ld_library_path_lib.sh'
[2.282s] Level 1:colcon.colcon_core.environment:checking '/home/devika/robo_ws/install/rviz_marker_tools/bin'
[2.282s] Level 1:colcon.colcon_core.environment:checking '/home/devika/robo_ws/install/rviz_marker_tools/lib/pkgconfig/rviz_marker_tools.pc'
[2.282s] Level 1:colcon.colcon_core.environment:checking '/home/devika/robo_ws/install/rviz_marker_tools/lib/python3.10/site-packages'
[2.283s] Level 1:colcon.colcon_core.environment:checking '/home/devika/robo_ws/install/rviz_marker_tools/bin'
[2.284s] INFO:colcon.colcon_core.shell:Creating package script '/home/devika/robo_ws/install/rviz_marker_tools/share/rviz_marker_tools/package.ps1'
[2.286s] INFO:colcon.colcon_core.shell:Creating package descriptor '/home/devika/robo_ws/install/rviz_marker_tools/share/rviz_marker_tools/package.dsv'
[2.287s] INFO:colcon.colcon_core.shell:Creating package script '/home/devika/robo_ws/install/rviz_marker_tools/share/rviz_marker_tools/package.sh'
[2.289s] INFO:colcon.colcon_core.shell:Creating package script '/home/devika/robo_ws/install/rviz_marker_tools/share/rviz_marker_tools/package.bash'
[2.290s] INFO:colcon.colcon_core.shell:Creating package script '/home/devika/robo_ws/install/rviz_marker_tools/share/rviz_marker_tools/package.zsh'
[2.291s] Level 1:colcon.colcon_core.environment:create_file_with_runtime_dependencies(/home/devika/robo_ws/install/rviz_marker_tools/share/colcon-core/packages/rviz_marker_tools)
[2.291s] Level 1:colcon.colcon_core.environment:create_environment_scripts_only(gazebo_ros2_control)
[2.292s] Level 1:colcon.colcon_core.environment:checking '/home/devika/robo_ws/install/gazebo_ros2_control' for CMake module files
[2.294s] Level 1:colcon.colcon_core.environment:checking '/home/devika/robo_ws/install/gazebo_ros2_control' for CMake config files
[2.294s] DEBUG:colcon.colcon_core.event_handler.log_command:Invoked command in '/home/devika/robo_ws/build/gazebo_ros2_control' returned '0': CMAKE_PREFIX_PATH=${CMAKE_PREFIX_PATH}:/home/devika/robo_ws/install/perception_vision:/home/devika/robo_ws/install/cylinder_position_estimator:/opt/ros/humble /usr/bin/cmake --install /home/devika/robo_ws/build/gazebo_ros2_control
[2.295s] Level 1:colcon.colcon_core.shell:create_environment_hook('gazebo_ros2_control', 'cmake_prefix_path')
[2.296s] INFO:colcon.colcon_core.shell:Creating environment hook '/home/devika/robo_ws/install/gazebo_ros2_control/share/gazebo_ros2_control/hook/cmake_prefix_path.ps1'
[2.297s] INFO:colcon.colcon_core.shell:Creating environment descriptor '/home/devika/robo_ws/install/gazebo_ros2_control/share/gazebo_ros2_control/hook/cmake_prefix_path.dsv'
[2.298s] INFO:colcon.colcon_core.shell:Creating environment hook '/home/devika/robo_ws/install/gazebo_ros2_control/share/gazebo_ros2_control/hook/cmake_prefix_path.sh'
[2.300s] Level 1:colcon.colcon_core.environment:checking '/home/devika/robo_ws/install/gazebo_ros2_control/lib'
[2.302s] Level 1:colcon.colcon_core.shell:create_environment_hook('gazebo_ros2_control', 'ld_library_path_lib')
[2.302s] INFO:colcon.colcon_core.shell:Creating environment hook '/home/devika/robo_ws/install/gazebo_ros2_control/share/gazebo_ros2_control/hook/ld_library_path_lib.ps1'
[2.305s] INFO:colcon.colcon_core.shell:Creating environment descriptor '/home/devika/robo_ws/install/gazebo_ros2_control/share/gazebo_ros2_control/hook/ld_library_path_lib.dsv'
[2.308s] INFO:colcon.colcon_core.shell:Creating environment hook '/home/devika/robo_ws/install/gazebo_ros2_control/share/gazebo_ros2_control/hook/ld_library_path_lib.sh'
[2.309s] Level 1:colcon.colcon_core.environment:checking '/home/devika/robo_ws/install/gazebo_ros2_control/bin'
[2.312s] Level 1:colcon.colcon_core.environment:checking '/home/devika/robo_ws/install/gazebo_ros2_control/lib/pkgconfig/gazebo_ros2_control.pc'
[2.313s] Level 1:colcon.colcon_core.environment:checking '/home/devika/robo_ws/install/gazebo_ros2_control/lib/python3.10/site-packages'
[2.313s] Level 1:colcon.colcon_core.environment:checking '/home/devika/robo_ws/install/gazebo_ros2_control/bin'
[2.314s] INFO:colcon.colcon_core.shell:Creating package script '/home/devika/robo_ws/install/gazebo_ros2_control/share/gazebo_ros2_control/package.ps1'
[2.319s] INFO:colcon.colcon_core.shell:Creating package descriptor '/home/devika/robo_ws/install/gazebo_ros2_control/share/gazebo_ros2_control/package.dsv'
[2.324s] INFO:colcon.colcon_core.shell:Creating package script '/home/devika/robo_ws/install/gazebo_ros2_control/share/gazebo_ros2_control/package.sh'
[2.325s] INFO:colcon.colcon_core.shell:Creating package script '/home/devika/robo_ws/install/gazebo_ros2_control/share/gazebo_ros2_control/package.bash'
[2.326s] INFO:colcon.colcon_core.shell:Creating package script '/home/devika/robo_ws/install/gazebo_ros2_control/share/gazebo_ros2_control/package.zsh'
[2.327s] Level 1:colcon.colcon_core.environment:create_file_with_runtime_dependencies(/home/devika/robo_ws/install/gazebo_ros2_control/share/colcon-core/packages/gazebo_ros2_control)
[2.329s] Level 1:colcon.colcon_core.environment:create_environment_scripts_only(gazebo_ros2_control)
[2.330s] Level 1:colcon.colcon_core.environment:checking '/home/devika/robo_ws/install/gazebo_ros2_control' for CMake module files
[2.331s] Level 1:colcon.colcon_core.environment:checking '/home/devika/robo_ws/install/gazebo_ros2_control' for CMake config files
[2.331s] Level 1:colcon.colcon_core.shell:create_environment_hook('gazebo_ros2_control', 'cmake_prefix_path')
[2.332s] INFO:colcon.colcon_core.shell:Creating environment hook '/home/devika/robo_ws/install/gazebo_ros2_control/share/gazebo_ros2_control/hook/cmake_prefix_path.ps1'
[2.333s] INFO:colcon.colcon_core.shell:Creating environment descriptor '/home/devika/robo_ws/install/gazebo_ros2_control/share/gazebo_ros2_control/hook/cmake_prefix_path.dsv'
[2.334s] INFO:colcon.colcon_core.shell:Creating environment hook '/home/devika/robo_ws/install/gazebo_ros2_control/share/gazebo_ros2_control/hook/cmake_prefix_path.sh'
[2.335s] Level 1:colcon.colcon_core.environment:checking '/home/devika/robo_ws/install/gazebo_ros2_control/lib'
[2.335s] Level 1:colcon.colcon_core.shell:create_environment_hook('gazebo_ros2_control', 'ld_library_path_lib')
[2.336s] INFO:colcon.colcon_core.shell:Creating environment hook '/home/devika/robo_ws/install/gazebo_ros2_control/share/gazebo_ros2_control/hook/ld_library_path_lib.ps1'
[2.337s] INFO:colcon.colcon_core.shell:Creating environment descriptor '/home/devika/robo_ws/install/gazebo_ros2_control/share/gazebo_ros2_control/hook/ld_library_path_lib.dsv'
[2.337s] INFO:colcon.colcon_core.shell:Creating environment hook '/home/devika/robo_ws/install/gazebo_ros2_control/share/gazebo_ros2_control/hook/ld_library_path_lib.sh'
[2.338s] Level 1:colcon.colcon_core.environment:checking '/home/devika/robo_ws/install/gazebo_ros2_control/bin'
[2.338s] Level 1:colcon.colcon_core.environment:checking '/home/devika/robo_ws/install/gazebo_ros2_control/lib/pkgconfig/gazebo_ros2_control.pc'
[2.339s] Level 1:colcon.colcon_core.environment:checking '/home/devika/robo_ws/install/gazebo_ros2_control/lib/python3.10/site-packages'
[2.339s] Level 1:colcon.colcon_core.environment:checking '/home/devika/robo_ws/install/gazebo_ros2_control/bin'
[2.340s] INFO:colcon.colcon_core.shell:Creating package script '/home/devika/robo_ws/install/gazebo_ros2_control/share/gazebo_ros2_control/package.ps1'
[2.341s] INFO:colcon.colcon_core.shell:Creating package descriptor '/home/devika/robo_ws/install/gazebo_ros2_control/share/gazebo_ros2_control/package.dsv'
[2.342s] INFO:colcon.colcon_core.shell:Creating package script '/home/devika/robo_ws/install/gazebo_ros2_control/share/gazebo_ros2_control/package.sh'
[2.343s] INFO:colcon.colcon_core.shell:Creating package script '/home/devika/robo_ws/install/gazebo_ros2_control/share/gazebo_ros2_control/package.bash'
[2.344s] INFO:colcon.colcon_core.shell:Creating package script '/home/devika/robo_ws/install/gazebo_ros2_control/share/gazebo_ros2_control/package.zsh'
[2.345s] Level 1:colcon.colcon_core.environment:create_file_with_runtime_dependencies(/home/devika/robo_ws/install/gazebo_ros2_control/share/colcon-core/packages/gazebo_ros2_control)
[2.346s] Level 1:colcon.colcon_core.environment:create_environment_scripts_only(hello_moveit)
[2.346s] Level 1:colcon.colcon_core.environment:checking '/home/devika/robo_ws/install/hello_moveit' for CMake module files
[2.348s] Level 1:colcon.colcon_core.environment:checking '/home/devika/robo_ws/install/hello_moveit' for CMake config files
[2.349s] DEBUG:colcon.colcon_core.event_handler.log_command:Invoked command in '/home/devika/robo_ws/build/hello_moveit' returned '0': CMAKE_PREFIX_PATH=${CMAKE_PREFIX_PATH}:/home/devika/robo_ws/install/perception_vision:/home/devika/robo_ws/install/cylinder_position_estimator:/opt/ros/humble /usr/bin/cmake --install /home/devika/robo_ws/build/hello_moveit
[2.349s] Level 1:colcon.colcon_core.shell:create_environment_hook('hello_moveit', 'cmake_prefix_path')
[2.350s] INFO:colcon.colcon_core.shell:Creating environment hook '/home/devika/robo_ws/install/hello_moveit/share/hello_moveit/hook/cmake_prefix_path.ps1'
[2.351s] INFO:colcon.colcon_core.shell:Creating environment descriptor '/home/devika/robo_ws/install/hello_moveit/share/hello_moveit/hook/cmake_prefix_path.dsv'
[2.352s] INFO:colcon.colcon_core.shell:Creating environment hook '/home/devika/robo_ws/install/hello_moveit/share/hello_moveit/hook/cmake_prefix_path.sh'
[2.353s] Level 1:colcon.colcon_core.environment:checking '/home/devika/robo_ws/install/hello_moveit/lib'
[2.353s] Level 1:colcon.colcon_core.environment:checking '/home/devika/robo_ws/install/hello_moveit/bin'
[2.353s] Level 1:colcon.colcon_core.environment:checking '/home/devika/robo_ws/install/hello_moveit/lib/pkgconfig/hello_moveit.pc'
[2.354s] Level 1:colcon.colcon_core.environment:checking '/home/devika/robo_ws/install/hello_moveit/lib/python3.10/site-packages'
[2.354s] Level 1:colcon.colcon_core.environment:checking '/home/devika/robo_ws/install/hello_moveit/bin'
[2.356s] INFO:colcon.colcon_core.shell:Creating package script '/home/devika/robo_ws/install/hello_moveit/share/hello_moveit/package.ps1'
[2.357s] INFO:colcon.colcon_core.shell:Creating package descriptor '/home/devika/robo_ws/install/hello_moveit/share/hello_moveit/package.dsv'
[2.358s] INFO:colcon.colcon_core.shell:Creating package script '/home/devika/robo_ws/install/hello_moveit/share/hello_moveit/package.sh'
[2.359s] INFO:colcon.colcon_core.shell:Creating package script '/home/devika/robo_ws/install/hello_moveit/share/hello_moveit/package.bash'
[2.360s] INFO:colcon.colcon_core.shell:Creating package script '/home/devika/robo_ws/install/hello_moveit/share/hello_moveit/package.zsh'
[2.362s] Level 1:colcon.colcon_core.environment:create_file_with_runtime_dependencies(/home/devika/robo_ws/install/hello_moveit/share/colcon-core/packages/hello_moveit)
[2.364s] Level 1:colcon.colcon_core.environment:create_environment_scripts_only(hello_moveit)
[2.365s] Level 1:colcon.colcon_core.environment:checking '/home/devika/robo_ws/install/hello_moveit' for CMake module files
[2.367s] Level 1:colcon.colcon_core.environment:checking '/home/devika/robo_ws/install/hello_moveit' for CMake config files
[2.367s] Level 1:colcon.colcon_core.shell:create_environment_hook('hello_moveit', 'cmake_prefix_path')
[2.368s] INFO:colcon.colcon_core.shell:Creating environment hook '/home/devika/robo_ws/install/hello_moveit/share/hello_moveit/hook/cmake_prefix_path.ps1'
[2.369s] INFO:colcon.colcon_core.shell:Creating environment descriptor '/home/devika/robo_ws/install/hello_moveit/share/hello_moveit/hook/cmake_prefix_path.dsv'
[2.370s] INFO:colcon.colcon_core.shell:Creating environment hook '/home/devika/robo_ws/install/hello_moveit/share/hello_moveit/hook/cmake_prefix_path.sh'
[2.371s] Level 1:colcon.colcon_core.environment:checking '/home/devika/robo_ws/install/hello_moveit/lib'
[2.372s] Level 1:colcon.colcon_core.environment:checking '/home/devika/robo_ws/install/hello_moveit/bin'
[2.372s] Level 1:colcon.colcon_core.environment:checking '/home/devika/robo_ws/install/hello_moveit/lib/pkgconfig/hello_moveit.pc'
[2.372s] Level 1:colcon.colcon_core.environment:checking '/home/devika/robo_ws/install/hello_moveit/lib/python3.10/site-packages'
[2.373s] Level 1:colcon.colcon_core.environment:checking '/home/devika/robo_ws/install/hello_moveit/bin'
[2.373s] INFO:colcon.colcon_core.shell:Creating package script '/home/devika/robo_ws/install/hello_moveit/share/hello_moveit/package.ps1'
[2.375s] INFO:colcon.colcon_core.shell:Creating package descriptor '/home/devika/robo_ws/install/hello_moveit/share/hello_moveit/package.dsv'
[2.378s] INFO:colcon.colcon_core.shell:Creating package script '/home/devika/robo_ws/install/hello_moveit/share/hello_moveit/package.sh'
[2.380s] INFO:colcon.colcon_core.shell:Creating package script '/home/devika/robo_ws/install/hello_moveit/share/hello_moveit/package.bash'
[2.382s] INFO:colcon.colcon_core.shell:Creating package script '/home/devika/robo_ws/install/hello_moveit/share/hello_moveit/package.zsh'
[2.383s] Level 1:colcon.colcon_core.environment:create_file_with_runtime_dependencies(/home/devika/robo_ws/install/hello_moveit/share/colcon-core/packages/hello_moveit)
[2.385s] INFO:colcon.colcon_ros.task.ament_cmake.build:Building ROS package in '/home/devika/robo_ws/src/urdf_humble_test' with build type 'ament_cmake'
[2.385s] INFO:colcon.colcon_cmake.task.cmake.build:Building CMake package in '/home/devika/robo_ws/src/urdf_humble_test'
[2.386s] INFO:colcon.colcon_core.shell:Skip shell extension 'powershell' for command environment: Not usable outside of PowerShell
[2.386s] DEBUG:colcon.colcon_core.shell:Skip shell extension 'dsv' for command environment
[2.400s] Level 1:colcon.colcon_core.environment:create_environment_scripts_only(warehouse_ros_mongo)
[2.401s] Level 1:colcon.colcon_core.environment:checking '/home/devika/robo_ws/install/warehouse_ros_mongo' for CMake module files
[2.402s] DEBUG:colcon.colcon_core.event_handler.log_command:Invoked command in '/home/devika/robo_ws/build/warehouse_ros_mongo' returned '0': CMAKE_PREFIX_PATH=${CMAKE_PREFIX_PATH}:/home/devika/robo_ws/install/perception_vision:/home/devika/robo_ws/install/cylinder_position_estimator:/opt/ros/humble /usr/bin/cmake --install /home/devika/robo_ws/build/warehouse_ros_mongo
[2.403s] Level 1:colcon.colcon_core.shell:create_environment_hook('warehouse_ros_mongo', 'cmake_module_path')
[2.403s] INFO:colcon.colcon_core.shell:Creating environment hook '/home/devika/robo_ws/install/warehouse_ros_mongo/share/warehouse_ros_mongo/hook/cmake_module_path.ps1'
[2.405s] INFO:colcon.colcon_core.shell:Creating environment descriptor '/home/devika/robo_ws/install/warehouse_ros_mongo/share/warehouse_ros_mongo/hook/cmake_module_path.dsv'
[2.406s] INFO:colcon.colcon_core.shell:Creating environment hook '/home/devika/robo_ws/install/warehouse_ros_mongo/share/warehouse_ros_mongo/hook/cmake_module_path.sh'
[2.406s] Level 1:colcon.colcon_core.environment:checking '/home/devika/robo_ws/install/warehouse_ros_mongo' for CMake config files
[2.407s] Level 1:colcon.colcon_core.shell:create_environment_hook('warehouse_ros_mongo', 'cmake_prefix_path')
[2.408s] INFO:colcon.colcon_core.shell:Creating environment hook '/home/devika/robo_ws/install/warehouse_ros_mongo/share/warehouse_ros_mongo/hook/cmake_prefix_path.ps1'
[2.410s] INFO:colcon.colcon_core.shell:Creating environment descriptor '/home/devika/robo_ws/install/warehouse_ros_mongo/share/warehouse_ros_mongo/hook/cmake_prefix_path.dsv'
[2.412s] INFO:colcon.colcon_core.shell:Creating environment hook '/home/devika/robo_ws/install/warehouse_ros_mongo/share/warehouse_ros_mongo/hook/cmake_prefix_path.sh'
[2.414s] Level 1:colcon.colcon_core.environment:checking '/home/devika/robo_ws/install/warehouse_ros_mongo/lib'
[2.414s] Level 1:colcon.colcon_core.shell:create_environment_hook('warehouse_ros_mongo', 'ld_library_path_lib')
[2.414s] INFO:colcon.colcon_core.shell:Creating environment hook '/home/devika/robo_ws/install/warehouse_ros_mongo/share/warehouse_ros_mongo/hook/ld_library_path_lib.ps1'
[2.415s] INFO:colcon.colcon_core.shell:Creating environment descriptor '/home/devika/robo_ws/install/warehouse_ros_mongo/share/warehouse_ros_mongo/hook/ld_library_path_lib.dsv'
[2.416s] INFO:colcon.colcon_core.shell:Creating environment hook '/home/devika/robo_ws/install/warehouse_ros_mongo/share/warehouse_ros_mongo/hook/ld_library_path_lib.sh'
[2.417s] Level 1:colcon.colcon_core.environment:checking '/home/devika/robo_ws/install/warehouse_ros_mongo/bin'
[2.417s] Level 1:colcon.colcon_core.environment:checking '/home/devika/robo_ws/install/warehouse_ros_mongo/lib/pkgconfig/warehouse_ros_mongo.pc'
[2.417s] Level 1:colcon.colcon_core.environment:checking '/home/devika/robo_ws/install/warehouse_ros_mongo/lib/python3.10/site-packages'
[2.418s] Level 1:colcon.colcon_core.environment:checking '/home/devika/robo_ws/install/warehouse_ros_mongo/bin'
[2.419s] INFO:colcon.colcon_core.shell:Creating package script '/home/devika/robo_ws/install/warehouse_ros_mongo/share/warehouse_ros_mongo/package.ps1'
[2.420s] INFO:colcon.colcon_core.shell:Creating package descriptor '/home/devika/robo_ws/install/warehouse_ros_mongo/share/warehouse_ros_mongo/package.dsv'
[2.421s] INFO:colcon.colcon_core.shell:Creating package script '/home/devika/robo_ws/install/warehouse_ros_mongo/share/warehouse_ros_mongo/package.sh'
[2.422s] INFO:colcon.colcon_core.shell:Creating package script '/home/devika/robo_ws/install/warehouse_ros_mongo/share/warehouse_ros_mongo/package.bash'
[2.423s] INFO:colcon.colcon_core.shell:Creating package script '/home/devika/robo_ws/install/warehouse_ros_mongo/share/warehouse_ros_mongo/package.zsh'
[2.423s] Level 1:colcon.colcon_core.environment:create_file_with_runtime_dependencies(/home/devika/robo_ws/install/warehouse_ros_mongo/share/colcon-core/packages/warehouse_ros_mongo)
[2.424s] Level 1:colcon.colcon_core.environment:create_environment_scripts_only(warehouse_ros_mongo)
[2.424s] Level 1:colcon.colcon_core.environment:checking '/home/devika/robo_ws/install/warehouse_ros_mongo' for CMake module files
[2.425s] Level 1:colcon.colcon_core.shell:create_environment_hook('warehouse_ros_mongo', 'cmake_module_path')
[2.426s] INFO:colcon.colcon_core.shell:Creating environment hook '/home/devika/robo_ws/install/warehouse_ros_mongo/share/warehouse_ros_mongo/hook/cmake_module_path.ps1'
[2.426s] INFO:colcon.colcon_core.shell:Creating environment descriptor '/home/devika/robo_ws/install/warehouse_ros_mongo/share/warehouse_ros_mongo/hook/cmake_module_path.dsv'
[2.427s] INFO:colcon.colcon_core.shell:Creating environment hook '/home/devika/robo_ws/install/warehouse_ros_mongo/share/warehouse_ros_mongo/hook/cmake_module_path.sh'
[2.428s] Level 1:colcon.colcon_core.environment:checking '/home/devika/robo_ws/install/warehouse_ros_mongo' for CMake config files
[2.429s] Level 1:colcon.colcon_core.shell:create_environment_hook('warehouse_ros_mongo', 'cmake_prefix_path')
[2.429s] INFO:colcon.colcon_core.shell:Creating environment hook '/home/devika/robo_ws/install/warehouse_ros_mongo/share/warehouse_ros_mongo/hook/cmake_prefix_path.ps1'
[2.430s] INFO:colcon.colcon_core.shell:Creating environment descriptor '/home/devika/robo_ws/install/warehouse_ros_mongo/share/warehouse_ros_mongo/hook/cmake_prefix_path.dsv'
[2.431s] INFO:colcon.colcon_core.shell:Creating environment hook '/home/devika/robo_ws/install/warehouse_ros_mongo/share/warehouse_ros_mongo/hook/cmake_prefix_path.sh'
[2.432s] Level 1:colcon.colcon_core.environment:checking '/home/devika/robo_ws/install/warehouse_ros_mongo/lib'
[2.432s] Level 1:colcon.colcon_core.shell:create_environment_hook('warehouse_ros_mongo', 'ld_library_path_lib')
[2.432s] INFO:colcon.colcon_core.shell:Creating environment hook '/home/devika/robo_ws/install/warehouse_ros_mongo/share/warehouse_ros_mongo/hook/ld_library_path_lib.ps1'
[2.433s] INFO:colcon.colcon_core.shell:Creating environment descriptor '/home/devika/robo_ws/install/warehouse_ros_mongo/share/warehouse_ros_mongo/hook/ld_library_path_lib.dsv'
[2.433s] INFO:colcon.colcon_core.shell:Creating environment hook '/home/devika/robo_ws/install/warehouse_ros_mongo/share/warehouse_ros_mongo/hook/ld_library_path_lib.sh'
[2.434s] Level 1:colcon.colcon_core.environment:checking '/home/devika/robo_ws/install/warehouse_ros_mongo/bin'
[2.434s] Level 1:colcon.colcon_core.environment:checking '/home/devika/robo_ws/install/warehouse_ros_mongo/lib/pkgconfig/warehouse_ros_mongo.pc'
[2.435s] Level 1:colcon.colcon_core.environment:checking '/home/devika/robo_ws/install/warehouse_ros_mongo/lib/python3.10/site-packages'
[2.435s] Level 1:colcon.colcon_core.environment:checking '/home/devika/robo_ws/install/warehouse_ros_mongo/bin'
[2.436s] INFO:colcon.colcon_core.shell:Creating package script '/home/devika/robo_ws/install/warehouse_ros_mongo/share/warehouse_ros_mongo/package.ps1'
[2.437s] INFO:colcon.colcon_core.shell:Creating package descriptor '/home/devika/robo_ws/install/warehouse_ros_mongo/share/warehouse_ros_mongo/package.dsv'
[2.438s] INFO:colcon.colcon_core.shell:Creating package script '/home/devika/robo_ws/install/warehouse_ros_mongo/share/warehouse_ros_mongo/package.sh'
[2.438s] INFO:colcon.colcon_core.shell:Creating package script '/home/devika/robo_ws/install/warehouse_ros_mongo/share/warehouse_ros_mongo/package.bash'
[2.439s] INFO:colcon.colcon_core.shell:Creating package script '/home/devika/robo_ws/install/warehouse_ros_mongo/share/warehouse_ros_mongo/package.zsh'
[2.440s] Level 1:colcon.colcon_core.environment:create_file_with_runtime_dependencies(/home/devika/robo_ws/install/warehouse_ros_mongo/share/colcon-core/packages/warehouse_ros_mongo)
[2.442s] Level 1:colcon.colcon_core.environment:create_environment_scripts_only(moveit_task_constructor_msgs)
[2.442s] Level 1:colcon.colcon_core.environment:checking '/home/devika/robo_ws/install/moveit_task_constructor_msgs' for CMake module files
[2.444s] DEBUG:colcon.colcon_core.event_handler.log_command:Invoked command in '/home/devika/robo_ws/build/moveit_task_constructor_msgs' returned '0': CMAKE_PREFIX_PATH=${CMAKE_PREFIX_PATH}:/home/devika/robo_ws/install/perception_vision:/home/devika/robo_ws/install/cylinder_position_estimator:/opt/ros/humble /usr/bin/cmake --install /home/devika/robo_ws/build/moveit_task_constructor_msgs
[2.444s] Level 1:colcon.colcon_core.environment:checking '/home/devika/robo_ws/install/moveit_task_constructor_msgs' for CMake config files
[2.446s] Level 1:colcon.colcon_core.shell:create_environment_hook('moveit_task_constructor_msgs', 'cmake_prefix_path')
[2.446s] INFO:colcon.colcon_core.shell:Creating environment hook '/home/devika/robo_ws/install/moveit_task_constructor_msgs/share/moveit_task_constructor_msgs/hook/cmake_prefix_path.ps1'
[2.447s] INFO:colcon.colcon_core.shell:Creating environment descriptor '/home/devika/robo_ws/install/moveit_task_constructor_msgs/share/moveit_task_constructor_msgs/hook/cmake_prefix_path.dsv'
[2.448s] INFO:colcon.colcon_core.shell:Creating environment hook '/home/devika/robo_ws/install/moveit_task_constructor_msgs/share/moveit_task_constructor_msgs/hook/cmake_prefix_path.sh'
[2.449s] Level 1:colcon.colcon_core.environment:checking '/home/devika/robo_ws/install/moveit_task_constructor_msgs/lib'
[2.449s] Level 1:colcon.colcon_core.shell:create_environment_hook('moveit_task_constructor_msgs', 'ld_library_path_lib')
[2.449s] INFO:colcon.colcon_core.shell:Creating environment hook '/home/devika/robo_ws/install/moveit_task_constructor_msgs/share/moveit_task_constructor_msgs/hook/ld_library_path_lib.ps1'
[2.450s] INFO:colcon.colcon_core.shell:Creating environment descriptor '/home/devika/robo_ws/install/moveit_task_constructor_msgs/share/moveit_task_constructor_msgs/hook/ld_library_path_lib.dsv'
[2.451s] INFO:colcon.colcon_core.shell:Creating environment hook '/home/devika/robo_ws/install/moveit_task_constructor_msgs/share/moveit_task_constructor_msgs/hook/ld_library_path_lib.sh'
[2.452s] Level 1:colcon.colcon_core.environment:checking '/home/devika/robo_ws/install/moveit_task_constructor_msgs/bin'
[2.452s] Level 1:colcon.colcon_core.environment:checking '/home/devika/robo_ws/install/moveit_task_constructor_msgs/lib/pkgconfig/moveit_task_constructor_msgs.pc'
[2.452s] Level 1:colcon.colcon_core.environment:checking '/home/devika/robo_ws/install/moveit_task_constructor_msgs/lib/python3.10/site-packages'
[2.453s] Level 1:colcon.colcon_core.environment:checking '/home/devika/robo_ws/install/moveit_task_constructor_msgs/bin'
[2.453s] INFO:colcon.colcon_core.shell:Creating package script '/home/devika/robo_ws/install/moveit_task_constructor_msgs/share/moveit_task_constructor_msgs/package.ps1'
[2.455s] INFO:colcon.colcon_core.shell:Creating package descriptor '/home/devika/robo_ws/install/moveit_task_constructor_msgs/share/moveit_task_constructor_msgs/package.dsv'
[2.457s] INFO:colcon.colcon_core.shell:Creating package script '/home/devika/robo_ws/install/moveit_task_constructor_msgs/share/moveit_task_constructor_msgs/package.sh'
[2.459s] INFO:colcon.colcon_core.shell:Creating package script '/home/devika/robo_ws/install/moveit_task_constructor_msgs/share/moveit_task_constructor_msgs/package.bash'
[2.460s] INFO:colcon.colcon_core.shell:Creating package script '/home/devika/robo_ws/install/moveit_task_constructor_msgs/share/moveit_task_constructor_msgs/package.zsh'
[2.462s] Level 1:colcon.colcon_core.environment:create_file_with_runtime_dependencies(/home/devika/robo_ws/install/moveit_task_constructor_msgs/share/colcon-core/packages/moveit_task_constructor_msgs)
[2.463s] Level 1:colcon.colcon_core.environment:create_environment_scripts_only(moveit_task_constructor_msgs)
[2.464s] Level 1:colcon.colcon_core.environment:checking '/home/devika/robo_ws/install/moveit_task_constructor_msgs' for CMake module files
[2.465s] Level 1:colcon.colcon_core.environment:checking '/home/devika/robo_ws/install/moveit_task_constructor_msgs' for CMake config files
[2.467s] Level 1:colcon.colcon_core.shell:create_environment_hook('moveit_task_constructor_msgs', 'cmake_prefix_path')
[2.467s] INFO:colcon.colcon_core.shell:Creating environment hook '/home/devika/robo_ws/install/moveit_task_constructor_msgs/share/moveit_task_constructor_msgs/hook/cmake_prefix_path.ps1'
[2.469s] INFO:colcon.colcon_core.shell:Creating environment descriptor '/home/devika/robo_ws/install/moveit_task_constructor_msgs/share/moveit_task_constructor_msgs/hook/cmake_prefix_path.dsv'
[2.470s] INFO:colcon.colcon_core.shell:Creating environment hook '/home/devika/robo_ws/install/moveit_task_constructor_msgs/share/moveit_task_constructor_msgs/hook/cmake_prefix_path.sh'
[2.472s] Level 1:colcon.colcon_core.environment:checking '/home/devika/robo_ws/install/moveit_task_constructor_msgs/lib'
[2.472s] Level 1:colcon.colcon_core.shell:create_environment_hook('moveit_task_constructor_msgs', 'ld_library_path_lib')
[2.473s] INFO:colcon.colcon_core.shell:Creating environment hook '/home/devika/robo_ws/install/moveit_task_constructor_msgs/share/moveit_task_constructor_msgs/hook/ld_library_path_lib.ps1'
[2.475s] INFO:colcon.colcon_core.shell:Creating environment descriptor '/home/devika/robo_ws/install/moveit_task_constructor_msgs/share/moveit_task_constructor_msgs/hook/ld_library_path_lib.dsv'
[2.475s] INFO:colcon.colcon_core.shell:Creating environment hook '/home/devika/robo_ws/install/moveit_task_constructor_msgs/share/moveit_task_constructor_msgs/hook/ld_library_path_lib.sh'
[2.476s] Level 1:colcon.colcon_core.environment:checking '/home/devika/robo_ws/install/moveit_task_constructor_msgs/bin'
[2.477s] Level 1:colcon.colcon_core.environment:checking '/home/devika/robo_ws/install/moveit_task_constructor_msgs/lib/pkgconfig/moveit_task_constructor_msgs.pc'
[2.477s] Level 1:colcon.colcon_core.environment:checking '/home/devika/robo_ws/install/moveit_task_constructor_msgs/lib/python3.10/site-packages'
[2.477s] Level 1:colcon.colcon_core.environment:checking '/home/devika/robo_ws/install/moveit_task_constructor_msgs/bin'
[2.478s] INFO:colcon.colcon_core.shell:Creating package script '/home/devika/robo_ws/install/moveit_task_constructor_msgs/share/moveit_task_constructor_msgs/package.ps1'
[2.479s] INFO:colcon.colcon_core.shell:Creating package descriptor '/home/devika/robo_ws/install/moveit_task_constructor_msgs/share/moveit_task_constructor_msgs/package.dsv'
[2.480s] INFO:colcon.colcon_core.shell:Creating package script '/home/devika/robo_ws/install/moveit_task_constructor_msgs/share/moveit_task_constructor_msgs/package.sh'
[2.481s] INFO:colcon.colcon_core.shell:Creating package script '/home/devika/robo_ws/install/moveit_task_constructor_msgs/share/moveit_task_constructor_msgs/package.bash'
[2.482s] INFO:colcon.colcon_core.shell:Creating package script '/home/devika/robo_ws/install/moveit_task_constructor_msgs/share/moveit_task_constructor_msgs/package.zsh'
[2.483s] Level 1:colcon.colcon_core.environment:create_file_with_runtime_dependencies(/home/devika/robo_ws/install/moveit_task_constructor_msgs/share/colcon-core/packages/moveit_task_constructor_msgs)
[2.484s] INFO:colcon.colcon_ros.task.ament_cmake.build:Building ROS package in '/home/devika/robo_ws/src/moveit_task_constructor/core' with build type 'ament_cmake'
[2.484s] INFO:colcon.colcon_cmake.task.cmake.build:Building CMake package in '/home/devika/robo_ws/src/moveit_task_constructor/core'
[2.485s] INFO:colcon.colcon_core.shell:Skip shell extension 'powershell' for command environment: Not usable outside of PowerShell
[2.485s] DEBUG:colcon.colcon_core.shell:Skip shell extension 'dsv' for command environment
[2.509s] DEBUG:colcon.colcon_core.event_handler.log_command:Invoking command in '/home/devika/robo_ws/build/urdf_humble_test': CMAKE_PREFIX_PATH=/home/devika/robo_ws/install/gazebo_ros2_control:/home/devika/robo_ws/install/urdf_humble_test_moveit_config:/home/devika/robo_ws/install/warehouse_ros_mongo:/home/devika/robo_ws/install/urdf_humble_test:/home/devika/robo_ws/install/moveit_task_constructor_visualization:/home/devika/robo_ws/install/moveit_task_constructor_demo:/home/devika/robo_ws/install/moveit_task_constructor_capabilities:/home/devika/robo_ws/install/hello_moveit_task_constructor:/home/devika/robo_ws/install/moveit_task_constructor_core:/home/devika/robo_ws/install/rviz_marker_tools:/home/devika/robo_ws/install/moveit_task_constructor_msgs:/home/devika/robo_ws/install/hello_moveit:/home/devika/manga_ws/install/urdf_humble_test_moveit_config:/home/devika/manga_ws/install/urdf_humble_test:/home/devika/manga_ws/install/hello_moveit:/home/devika/some_ws/install/motoman_hc10_support:/home/devika/some_ws/install/motoman_resources:/home/devika/some_ws/install/hello_moveit:/home/devika/some_ws/install/hc20_sim_moveit_config:/home/devika/some_ws/install/hc20_moveit_config:/home/devika/some_ws/install/hc10_movit2v3:/home/devika/some_ws/install/hc10dt_moveit_config:/home/devika/robo_ws/install/perception_vision:/home/devika/robo_ws/install/cylinder_position_estimator:/opt/ros/humble LD_LIBRARY_PATH=/home/devika/robo_ws/install/gazebo_ros2_control/lib:/home/devika/robo_ws/install/warehouse_ros_mongo/lib:/home/devika/robo_ws/install/moveit_task_constructor_visualization/lib:/home/devika/robo_ws/install/moveit_task_constructor_demo/lib:/home/devika/robo_ws/install/moveit_task_constructor_capabilities/lib:/home/devika/robo_ws/install/hello_moveit_task_constructor/lib:/home/devika/robo_ws/install/moveit_task_constructor_core/lib:/home/devika/robo_ws/install/rviz_marker_tools/lib:/home/devika/robo_ws/install/moveit_task_constructor_msgs/lib:/usr/lib/x86_64-linux-gnu/gazebo-11/plugins:/opt/ros/humble/opt/rviz_ogre_vendor/lib:/opt/ros/humble/lib/x86_64-linux-gnu:/opt/ros/humble/lib:/usr/share/gazebo/../../lib/x86_64-linux-gnu/gazebo-11/plugins /usr/bin/cmake --build /home/devika/robo_ws/build/urdf_humble_test -- -j8 -l8
[2.524s] DEBUG:colcon.colcon_core.event_handler.log_command:Invoking command in '/home/devika/robo_ws/build/moveit_task_constructor_core': CMAKE_PREFIX_PATH=/home/devika/robo_ws/install/rviz_marker_tools:/home/devika/robo_ws/install/moveit_task_constructor_msgs:/home/devika/robo_ws/install/urdf_humble_test_moveit_config:/home/devika/robo_ws/install/warehouse_ros_mongo:/home/devika/robo_ws/install/urdf_humble_test:/home/devika/robo_ws/install/moveit_task_constructor_visualization:/home/devika/robo_ws/install/moveit_task_constructor_demo:/home/devika/robo_ws/install/moveit_task_constructor_capabilities:/home/devika/robo_ws/install/hello_moveit_task_constructor:/home/devika/robo_ws/install/moveit_task_constructor_core:/home/devika/robo_ws/install/hello_moveit:/home/devika/robo_ws/install/gazebo_ros2_control:/home/devika/manga_ws/install/urdf_humble_test_moveit_config:/home/devika/manga_ws/install/urdf_humble_test:/home/devika/manga_ws/install/hello_moveit:/home/devika/some_ws/install/motoman_hc10_support:/home/devika/some_ws/install/motoman_resources:/home/devika/some_ws/install/hello_moveit:/home/devika/some_ws/install/hc20_sim_moveit_config:/home/devika/some_ws/install/hc20_moveit_config:/home/devika/some_ws/install/hc10_movit2v3:/home/devika/some_ws/install/hc10dt_moveit_config:/home/devika/robo_ws/install/perception_vision:/home/devika/robo_ws/install/cylinder_position_estimator:/opt/ros/humble LD_LIBRARY_PATH=/home/devika/robo_ws/install/rviz_marker_tools/lib:/home/devika/robo_ws/install/moveit_task_constructor_msgs/lib:/home/devika/robo_ws/install/warehouse_ros_mongo/lib:/home/devika/robo_ws/install/moveit_task_constructor_visualization/lib:/home/devika/robo_ws/install/moveit_task_constructor_demo/lib:/home/devika/robo_ws/install/moveit_task_constructor_capabilities/lib:/home/devika/robo_ws/install/hello_moveit_task_constructor/lib:/home/devika/robo_ws/install/moveit_task_constructor_core/lib:/home/devika/robo_ws/install/gazebo_ros2_control/lib:/usr/lib/x86_64-linux-gnu/gazebo-11/plugins:/opt/ros/humble/opt/rviz_ogre_vendor/lib:/opt/ros/humble/lib/x86_64-linux-gnu:/opt/ros/humble/lib:/usr/share/gazebo/../../lib/x86_64-linux-gnu/gazebo-11/plugins /usr/bin/cmake --build /home/devika/robo_ws/build/moveit_task_constructor_core -- -j8 -l8
[2.606s] DEBUG:colcon.colcon_core.event_handler.log_command:Invoked command in '/home/devika/robo_ws/build/urdf_humble_test' returned '0': CMAKE_PREFIX_PATH=/home/devika/robo_ws/install/gazebo_ros2_control:/home/devika/robo_ws/install/urdf_humble_test_moveit_config:/home/devika/robo_ws/install/warehouse_ros_mongo:/home/devika/robo_ws/install/urdf_humble_test:/home/devika/robo_ws/install/moveit_task_constructor_visualization:/home/devika/robo_ws/install/moveit_task_constructor_demo:/home/devika/robo_ws/install/moveit_task_constructor_capabilities:/home/devika/robo_ws/install/hello_moveit_task_constructor:/home/devika/robo_ws/install/moveit_task_constructor_core:/home/devika/robo_ws/install/rviz_marker_tools:/home/devika/robo_ws/install/moveit_task_constructor_msgs:/home/devika/robo_ws/install/hello_moveit:/home/devika/manga_ws/install/urdf_humble_test_moveit_config:/home/devika/manga_ws/install/urdf_humble_test:/home/devika/manga_ws/install/hello_moveit:/home/devika/some_ws/install/motoman_hc10_support:/home/devika/some_ws/install/motoman_resources:/home/devika/some_ws/install/hello_moveit:/home/devika/some_ws/install/hc20_sim_moveit_config:/home/devika/some_ws/install/hc20_moveit_config:/home/devika/some_ws/install/hc10_movit2v3:/home/devika/some_ws/install/hc10dt_moveit_config:/home/devika/robo_ws/install/perception_vision:/home/devika/robo_ws/install/cylinder_position_estimator:/opt/ros/humble LD_LIBRARY_PATH=/home/devika/robo_ws/install/gazebo_ros2_control/lib:/home/devika/robo_ws/install/warehouse_ros_mongo/lib:/home/devika/robo_ws/install/moveit_task_constructor_visualization/lib:/home/devika/robo_ws/install/moveit_task_constructor_demo/lib:/home/devika/robo_ws/install/moveit_task_constructor_capabilities/lib:/home/devika/robo_ws/install/hello_moveit_task_constructor/lib:/home/devika/robo_ws/install/moveit_task_constructor_core/lib:/home/devika/robo_ws/install/rviz_marker_tools/lib:/home/devika/robo_ws/install/moveit_task_constructor_msgs/lib:/usr/lib/x86_64-linux-gnu/gazebo-11/plugins:/opt/ros/humble/opt/rviz_ogre_vendor/lib:/opt/ros/humble/lib/x86_64-linux-gnu:/opt/ros/humble/lib:/usr/share/gazebo/../../lib/x86_64-linux-gnu/gazebo-11/plugins /usr/bin/cmake --build /home/devika/robo_ws/build/urdf_humble_test -- -j8 -l8
[2.607s] DEBUG:colcon.colcon_core.event_handler.log_command:Invoking command in '/home/devika/robo_ws/build/urdf_humble_test': CMAKE_PREFIX_PATH=/home/devika/robo_ws/install/gazebo_ros2_control:/home/devika/robo_ws/install/urdf_humble_test_moveit_config:/home/devika/robo_ws/install/warehouse_ros_mongo:/home/devika/robo_ws/install/urdf_humble_test:/home/devika/robo_ws/install/moveit_task_constructor_visualization:/home/devika/robo_ws/install/moveit_task_constructor_demo:/home/devika/robo_ws/install/moveit_task_constructor_capabilities:/home/devika/robo_ws/install/hello_moveit_task_constructor:/home/devika/robo_ws/install/moveit_task_constructor_core:/home/devika/robo_ws/install/rviz_marker_tools:/home/devika/robo_ws/install/moveit_task_constructor_msgs:/home/devika/robo_ws/install/hello_moveit:/home/devika/manga_ws/install/urdf_humble_test_moveit_config:/home/devika/manga_ws/install/urdf_humble_test:/home/devika/manga_ws/install/hello_moveit:/home/devika/some_ws/install/motoman_hc10_support:/home/devika/some_ws/install/motoman_resources:/home/devika/some_ws/install/hello_moveit:/home/devika/some_ws/install/hc20_sim_moveit_config:/home/devika/some_ws/install/hc20_moveit_config:/home/devika/some_ws/install/hc10_movit2v3:/home/devika/some_ws/install/hc10dt_moveit_config:/home/devika/robo_ws/install/perception_vision:/home/devika/robo_ws/install/cylinder_position_estimator:/opt/ros/humble LD_LIBRARY_PATH=/home/devika/robo_ws/install/gazebo_ros2_control/lib:/home/devika/robo_ws/install/warehouse_ros_mongo/lib:/home/devika/robo_ws/install/moveit_task_constructor_visualization/lib:/home/devika/robo_ws/install/moveit_task_constructor_demo/lib:/home/devika/robo_ws/install/moveit_task_constructor_capabilities/lib:/home/devika/robo_ws/install/hello_moveit_task_constructor/lib:/home/devika/robo_ws/install/moveit_task_constructor_core/lib:/home/devika/robo_ws/install/rviz_marker_tools/lib:/home/devika/robo_ws/install/moveit_task_constructor_msgs/lib:/usr/lib/x86_64-linux-gnu/gazebo-11/plugins:/opt/ros/humble/opt/rviz_ogre_vendor/lib:/opt/ros/humble/lib/x86_64-linux-gnu:/opt/ros/humble/lib:/usr/share/gazebo/../../lib/x86_64-linux-gnu/gazebo-11/plugins /usr/bin/cmake --install /home/devika/robo_ws/build/urdf_humble_test
[2.633s] Level 1:colcon.colcon_core.environment:create_environment_scripts_only(urdf_humble_test)
[2.633s] Level 1:colcon.colcon_core.environment:checking '/home/devika/robo_ws/install/urdf_humble_test' for CMake module files
[2.635s] Level 1:colcon.colcon_core.environment:checking '/home/devika/robo_ws/install/urdf_humble_test' for CMake config files
[2.635s] Level 1:colcon.colcon_core.shell:create_environment_hook('urdf_humble_test', 'cmake_prefix_path')
[2.636s] DEBUG:colcon.colcon_core.event_handler.log_command:Invoked command in '/home/devika/robo_ws/build/urdf_humble_test' returned '0': CMAKE_PREFIX_PATH=/home/devika/robo_ws/install/gazebo_ros2_control:/home/devika/robo_ws/install/urdf_humble_test_moveit_config:/home/devika/robo_ws/install/warehouse_ros_mongo:/home/devika/robo_ws/install/urdf_humble_test:/home/devika/robo_ws/install/moveit_task_constructor_visualization:/home/devika/robo_ws/install/moveit_task_constructor_demo:/home/devika/robo_ws/install/moveit_task_constructor_capabilities:/home/devika/robo_ws/install/hello_moveit_task_constructor:/home/devika/robo_ws/install/moveit_task_constructor_core:/home/devika/robo_ws/install/rviz_marker_tools:/home/devika/robo_ws/install/moveit_task_constructor_msgs:/home/devika/robo_ws/install/hello_moveit:/home/devika/manga_ws/install/urdf_humble_test_moveit_config:/home/devika/manga_ws/install/urdf_humble_test:/home/devika/manga_ws/install/hello_moveit:/home/devika/some_ws/install/motoman_hc10_support:/home/devika/some_ws/install/motoman_resources:/home/devika/some_ws/install/hello_moveit:/home/devika/some_ws/install/hc20_sim_moveit_config:/home/devika/some_ws/install/hc20_moveit_config:/home/devika/some_ws/install/hc10_movit2v3:/home/devika/some_ws/install/hc10dt_moveit_config:/home/devika/robo_ws/install/perception_vision:/home/devika/robo_ws/install/cylinder_position_estimator:/opt/ros/humble LD_LIBRARY_PATH=/home/devika/robo_ws/install/gazebo_ros2_control/lib:/home/devika/robo_ws/install/warehouse_ros_mongo/lib:/home/devika/robo_ws/install/moveit_task_constructor_visualization/lib:/home/devika/robo_ws/install/moveit_task_constructor_demo/lib:/home/devika/robo_ws/install/moveit_task_constructor_capabilities/lib:/home/devika/robo_ws/install/hello_moveit_task_constructor/lib:/home/devika/robo_ws/install/moveit_task_constructor_core/lib:/home/devika/robo_ws/install/rviz_marker_tools/lib:/home/devika/robo_ws/install/moveit_task_constructor_msgs/lib:/usr/lib/x86_64-linux-gnu/gazebo-11/plugins:/opt/ros/humble/opt/rviz_ogre_vendor/lib:/opt/ros/humble/lib/x86_64-linux-gnu:/opt/ros/humble/lib:/usr/share/gazebo/../../lib/x86_64-linux-gnu/gazebo-11/plugins /usr/bin/cmake --install /home/devika/robo_ws/build/urdf_humble_test
[2.637s] INFO:colcon.colcon_core.shell:Creating environment hook '/home/devika/robo_ws/install/urdf_humble_test/share/urdf_humble_test/hook/cmake_prefix_path.ps1'
[2.639s] INFO:colcon.colcon_core.shell:Creating environment descriptor '/home/devika/robo_ws/install/urdf_humble_test/share/urdf_humble_test/hook/cmake_prefix_path.dsv'
[2.640s] INFO:colcon.colcon_core.shell:Creating environment hook '/home/devika/robo_ws/install/urdf_humble_test/share/urdf_humble_test/hook/cmake_prefix_path.sh'
[2.642s] Level 1:colcon.colcon_core.environment:checking '/home/devika/robo_ws/install/urdf_humble_test/bin'
[2.642s] Level 1:colcon.colcon_core.environment:checking '/home/devika/robo_ws/install/urdf_humble_test/lib/pkgconfig/urdf_humble_test.pc'
[2.643s] Level 1:colcon.colcon_core.environment:checking '/home/devika/robo_ws/install/urdf_humble_test/lib/python3.10/site-packages'
[2.644s] Level 1:colcon.colcon_core.environment:checking '/home/devika/robo_ws/install/urdf_humble_test/bin'
[2.645s] INFO:colcon.colcon_core.shell:Creating package script '/home/devika/robo_ws/install/urdf_humble_test/share/urdf_humble_test/package.ps1'
[2.646s] INFO:colcon.colcon_core.shell:Creating package descriptor '/home/devika/robo_ws/install/urdf_humble_test/share/urdf_humble_test/package.dsv'
[2.648s] INFO:colcon.colcon_core.shell:Creating package script '/home/devika/robo_ws/install/urdf_humble_test/share/urdf_humble_test/package.sh'
[2.649s] INFO:colcon.colcon_core.shell:Creating package script '/home/devika/robo_ws/install/urdf_humble_test/share/urdf_humble_test/package.bash'
[2.650s] INFO:colcon.colcon_core.shell:Creating package script '/home/devika/robo_ws/install/urdf_humble_test/share/urdf_humble_test/package.zsh'
[2.651s] Level 1:colcon.colcon_core.environment:create_file_with_runtime_dependencies(/home/devika/robo_ws/install/urdf_humble_test/share/colcon-core/packages/urdf_humble_test)
[2.653s] Level 1:colcon.colcon_core.environment:create_environment_scripts_only(urdf_humble_test)
[2.653s] Level 1:colcon.colcon_core.environment:checking '/home/devika/robo_ws/install/urdf_humble_test' for CMake module files
[2.654s] Level 1:colcon.colcon_core.environment:checking '/home/devika/robo_ws/install/urdf_humble_test' for CMake config files
[2.655s] Level 1:colcon.colcon_core.shell:create_environment_hook('urdf_humble_test', 'cmake_prefix_path')
[2.656s] INFO:colcon.colcon_core.shell:Creating environment hook '/home/devika/robo_ws/install/urdf_humble_test/share/urdf_humble_test/hook/cmake_prefix_path.ps1'
[2.657s] INFO:colcon.colcon_core.shell:Creating environment descriptor '/home/devika/robo_ws/install/urdf_humble_test/share/urdf_humble_test/hook/cmake_prefix_path.dsv'
[2.658s] INFO:colcon.colcon_core.shell:Creating environment hook '/home/devika/robo_ws/install/urdf_humble_test/share/urdf_humble_test/hook/cmake_prefix_path.sh'
[2.659s] Level 1:colcon.colcon_core.environment:checking '/home/devika/robo_ws/install/urdf_humble_test/bin'
[2.660s] Level 1:colcon.colcon_core.environment:checking '/home/devika/robo_ws/install/urdf_humble_test/lib/pkgconfig/urdf_humble_test.pc'
[2.660s] Level 1:colcon.colcon_core.environment:checking '/home/devika/robo_ws/install/urdf_humble_test/lib/python3.10/site-packages'
[2.661s] Level 1:colcon.colcon_core.environment:checking '/home/devika/robo_ws/install/urdf_humble_test/bin'
[2.662s] INFO:colcon.colcon_core.shell:Creating package script '/home/devika/robo_ws/install/urdf_humble_test/share/urdf_humble_test/package.ps1'
[2.664s] INFO:colcon.colcon_core.shell:Creating package descriptor '/home/devika/robo_ws/install/urdf_humble_test/share/urdf_humble_test/package.dsv'
[2.667s] INFO:colcon.colcon_core.shell:Creating package script '/home/devika/robo_ws/install/urdf_humble_test/share/urdf_humble_test/package.sh'
[2.669s] INFO:colcon.colcon_core.shell:Creating package script '/home/devika/robo_ws/install/urdf_humble_test/share/urdf_humble_test/package.bash'
[2.672s] INFO:colcon.colcon_core.shell:Creating package script '/home/devika/robo_ws/install/urdf_humble_test/share/urdf_humble_test/package.zsh'
[2.674s] Level 1:colcon.colcon_core.environment:create_file_with_runtime_dependencies(/home/devika/robo_ws/install/urdf_humble_test/share/colcon-core/packages/urdf_humble_test)
[2.676s] INFO:colcon.colcon_ros.task.ament_cmake.build:Building ROS package in '/home/devika/robo_ws/src/urdf_humble_test_moveit_config' with build type 'ament_cmake'
[2.676s] INFO:colcon.colcon_cmake.task.cmake.build:Building CMake package in '/home/devika/robo_ws/src/urdf_humble_test_moveit_config'
[2.676s] INFO:colcon.colcon_core.shell:Skip shell extension 'powershell' for command environment: Not usable outside of PowerShell
[2.677s] DEBUG:colcon.colcon_core.shell:Skip shell extension 'dsv' for command environment
[2.729s] DEBUG:colcon.colcon_core.event_handler.log_command:Invoking command in '/home/devika/robo_ws/build/urdf_humble_test_moveit_config': CMAKE_PREFIX_PATH=/home/devika/robo_ws/install/urdf_humble_test:/home/devika/robo_ws/install/warehouse_ros_mongo:/home/devika/robo_ws/install/gazebo_ros2_control:/home/devika/robo_ws/install/urdf_humble_test_moveit_config:/home/devika/robo_ws/install/moveit_task_constructor_visualization:/home/devika/robo_ws/install/moveit_task_constructor_demo:/home/devika/robo_ws/install/moveit_task_constructor_capabilities:/home/devika/robo_ws/install/hello_moveit_task_constructor:/home/devika/robo_ws/install/moveit_task_constructor_core:/home/devika/robo_ws/install/rviz_marker_tools:/home/devika/robo_ws/install/moveit_task_constructor_msgs:/home/devika/robo_ws/install/hello_moveit:/home/devika/manga_ws/install/urdf_humble_test_moveit_config:/home/devika/manga_ws/install/urdf_humble_test:/home/devika/manga_ws/install/hello_moveit:/home/devika/some_ws/install/motoman_hc10_support:/home/devika/some_ws/install/motoman_resources:/home/devika/some_ws/install/hello_moveit:/home/devika/some_ws/install/hc20_sim_moveit_config:/home/devika/some_ws/install/hc20_moveit_config:/home/devika/some_ws/install/hc10_movit2v3:/home/devika/some_ws/install/hc10dt_moveit_config:/home/devika/robo_ws/install/perception_vision:/home/devika/robo_ws/install/cylinder_position_estimator:/opt/ros/humble LD_LIBRARY_PATH=/home/devika/robo_ws/install/warehouse_ros_mongo/lib:/home/devika/robo_ws/install/gazebo_ros2_control/lib:/home/devika/robo_ws/install/moveit_task_constructor_visualization/lib:/home/devika/robo_ws/install/moveit_task_constructor_demo/lib:/home/devika/robo_ws/install/moveit_task_constructor_capabilities/lib:/home/devika/robo_ws/install/hello_moveit_task_constructor/lib:/home/devika/robo_ws/install/moveit_task_constructor_core/lib:/home/devika/robo_ws/install/rviz_marker_tools/lib:/home/devika/robo_ws/install/moveit_task_constructor_msgs/lib:/usr/lib/x86_64-linux-gnu/gazebo-11/plugins:/opt/ros/humble/opt/rviz_ogre_vendor/lib:/opt/ros/humble/lib/x86_64-linux-gnu:/opt/ros/humble/lib:/usr/share/gazebo/../../lib/x86_64-linux-gnu/gazebo-11/plugins /usr/bin/cmake --build /home/devika/robo_ws/build/urdf_humble_test_moveit_config -- -j8 -l8
[2.823s] DEBUG:colcon.colcon_core.event_handler.log_command:Invoked command in '/home/devika/robo_ws/build/urdf_humble_test_moveit_config' returned '0': CMAKE_PREFIX_PATH=/home/devika/robo_ws/install/urdf_humble_test:/home/devika/robo_ws/install/warehouse_ros_mongo:/home/devika/robo_ws/install/gazebo_ros2_control:/home/devika/robo_ws/install/urdf_humble_test_moveit_config:/home/devika/robo_ws/install/moveit_task_constructor_visualization:/home/devika/robo_ws/install/moveit_task_constructor_demo:/home/devika/robo_ws/install/moveit_task_constructor_capabilities:/home/devika/robo_ws/install/hello_moveit_task_constructor:/home/devika/robo_ws/install/moveit_task_constructor_core:/home/devika/robo_ws/install/rviz_marker_tools:/home/devika/robo_ws/install/moveit_task_constructor_msgs:/home/devika/robo_ws/install/hello_moveit:/home/devika/manga_ws/install/urdf_humble_test_moveit_config:/home/devika/manga_ws/install/urdf_humble_test:/home/devika/manga_ws/install/hello_moveit:/home/devika/some_ws/install/motoman_hc10_support:/home/devika/some_ws/install/motoman_resources:/home/devika/some_ws/install/hello_moveit:/home/devika/some_ws/install/hc20_sim_moveit_config:/home/devika/some_ws/install/hc20_moveit_config:/home/devika/some_ws/install/hc10_movit2v3:/home/devika/some_ws/install/hc10dt_moveit_config:/home/devika/robo_ws/install/perception_vision:/home/devika/robo_ws/install/cylinder_position_estimator:/opt/ros/humble LD_LIBRARY_PATH=/home/devika/robo_ws/install/warehouse_ros_mongo/lib:/home/devika/robo_ws/install/gazebo_ros2_control/lib:/home/devika/robo_ws/install/moveit_task_constructor_visualization/lib:/home/devika/robo_ws/install/moveit_task_constructor_demo/lib:/home/devika/robo_ws/install/moveit_task_constructor_capabilities/lib:/home/devika/robo_ws/install/hello_moveit_task_constructor/lib:/home/devika/robo_ws/install/moveit_task_constructor_core/lib:/home/devika/robo_ws/install/rviz_marker_tools/lib:/home/devika/robo_ws/install/moveit_task_constructor_msgs/lib:/usr/lib/x86_64-linux-gnu/gazebo-11/plugins:/opt/ros/humble/opt/rviz_ogre_vendor/lib:/opt/ros/humble/lib/x86_64-linux-gnu:/opt/ros/humble/lib:/usr/share/gazebo/../../lib/x86_64-linux-gnu/gazebo-11/plugins /usr/bin/cmake --build /home/devika/robo_ws/build/urdf_humble_test_moveit_config -- -j8 -l8
[2.825s] DEBUG:colcon.colcon_core.event_handler.log_command:Invoking command in '/home/devika/robo_ws/build/urdf_humble_test_moveit_config': CMAKE_PREFIX_PATH=/home/devika/robo_ws/install/urdf_humble_test:/home/devika/robo_ws/install/warehouse_ros_mongo:/home/devika/robo_ws/install/gazebo_ros2_control:/home/devika/robo_ws/install/urdf_humble_test_moveit_config:/home/devika/robo_ws/install/moveit_task_constructor_visualization:/home/devika/robo_ws/install/moveit_task_constructor_demo:/home/devika/robo_ws/install/moveit_task_constructor_capabilities:/home/devika/robo_ws/install/hello_moveit_task_constructor:/home/devika/robo_ws/install/moveit_task_constructor_core:/home/devika/robo_ws/install/rviz_marker_tools:/home/devika/robo_ws/install/moveit_task_constructor_msgs:/home/devika/robo_ws/install/hello_moveit:/home/devika/manga_ws/install/urdf_humble_test_moveit_config:/home/devika/manga_ws/install/urdf_humble_test:/home/devika/manga_ws/install/hello_moveit:/home/devika/some_ws/install/motoman_hc10_support:/home/devika/some_ws/install/motoman_resources:/home/devika/some_ws/install/hello_moveit:/home/devika/some_ws/install/hc20_sim_moveit_config:/home/devika/some_ws/install/hc20_moveit_config:/home/devika/some_ws/install/hc10_movit2v3:/home/devika/some_ws/install/hc10dt_moveit_config:/home/devika/robo_ws/install/perception_vision:/home/devika/robo_ws/install/cylinder_position_estimator:/opt/ros/humble LD_LIBRARY_PATH=/home/devika/robo_ws/install/warehouse_ros_mongo/lib:/home/devika/robo_ws/install/gazebo_ros2_control/lib:/home/devika/robo_ws/install/moveit_task_constructor_visualization/lib:/home/devika/robo_ws/install/moveit_task_constructor_demo/lib:/home/devika/robo_ws/install/moveit_task_constructor_capabilities/lib:/home/devika/robo_ws/install/hello_moveit_task_constructor/lib:/home/devika/robo_ws/install/moveit_task_constructor_core/lib:/home/devika/robo_ws/install/rviz_marker_tools/lib:/home/devika/robo_ws/install/moveit_task_constructor_msgs/lib:/usr/lib/x86_64-linux-gnu/gazebo-11/plugins:/opt/ros/humble/opt/rviz_ogre_vendor/lib:/opt/ros/humble/lib/x86_64-linux-gnu:/opt/ros/humble/lib:/usr/share/gazebo/../../lib/x86_64-linux-gnu/gazebo-11/plugins /usr/bin/cmake --install /home/devika/robo_ws/build/urdf_humble_test_moveit_config
[2.863s] Level 1:colcon.colcon_core.environment:create_environment_scripts_only(urdf_humble_test_moveit_config)
[2.864s] Level 1:colcon.colcon_core.environment:checking '/home/devika/robo_ws/install/urdf_humble_test_moveit_config' for CMake module files
[2.866s] DEBUG:colcon.colcon_core.event_handler.log_command:Invoked command in '/home/devika/robo_ws/build/urdf_humble_test_moveit_config' returned '0': CMAKE_PREFIX_PATH=/home/devika/robo_ws/install/urdf_humble_test:/home/devika/robo_ws/install/warehouse_ros_mongo:/home/devika/robo_ws/install/gazebo_ros2_control:/home/devika/robo_ws/install/urdf_humble_test_moveit_config:/home/devika/robo_ws/install/moveit_task_constructor_visualization:/home/devika/robo_ws/install/moveit_task_constructor_demo:/home/devika/robo_ws/install/moveit_task_constructor_capabilities:/home/devika/robo_ws/install/hello_moveit_task_constructor:/home/devika/robo_ws/install/moveit_task_constructor_core:/home/devika/robo_ws/install/rviz_marker_tools:/home/devika/robo_ws/install/moveit_task_constructor_msgs:/home/devika/robo_ws/install/hello_moveit:/home/devika/manga_ws/install/urdf_humble_test_moveit_config:/home/devika/manga_ws/install/urdf_humble_test:/home/devika/manga_ws/install/hello_moveit:/home/devika/some_ws/install/motoman_hc10_support:/home/devika/some_ws/install/motoman_resources:/home/devika/some_ws/install/hello_moveit:/home/devika/some_ws/install/hc20_sim_moveit_config:/home/devika/some_ws/install/hc20_moveit_config:/home/devika/some_ws/install/hc10_movit2v3:/home/devika/some_ws/install/hc10dt_moveit_config:/home/devika/robo_ws/install/perception_vision:/home/devika/robo_ws/install/cylinder_position_estimator:/opt/ros/humble LD_LIBRARY_PATH=/home/devika/robo_ws/install/warehouse_ros_mongo/lib:/home/devika/robo_ws/install/gazebo_ros2_control/lib:/home/devika/robo_ws/install/moveit_task_constructor_visualization/lib:/home/devika/robo_ws/install/moveit_task_constructor_demo/lib:/home/devika/robo_ws/install/moveit_task_constructor_capabilities/lib:/home/devika/robo_ws/install/hello_moveit_task_constructor/lib:/home/devika/robo_ws/install/moveit_task_constructor_core/lib:/home/devika/robo_ws/install/rviz_marker_tools/lib:/home/devika/robo_ws/install/moveit_task_constructor_msgs/lib:/usr/lib/x86_64-linux-gnu/gazebo-11/plugins:/opt/ros/humble/opt/rviz_ogre_vendor/lib:/opt/ros/humble/lib/x86_64-linux-gnu:/opt/ros/humble/lib:/usr/share/gazebo/../../lib/x86_64-linux-gnu/gazebo-11/plugins /usr/bin/cmake --install /home/devika/robo_ws/build/urdf_humble_test_moveit_config
[2.866s] Level 1:colcon.colcon_core.environment:checking '/home/devika/robo_ws/install/urdf_humble_test_moveit_config' for CMake config files
[2.867s] Level 1:colcon.colcon_core.shell:create_environment_hook('urdf_humble_test_moveit_config', 'cmake_prefix_path')
[2.868s] INFO:colcon.colcon_core.shell:Creating environment hook '/home/devika/robo_ws/install/urdf_humble_test_moveit_config/share/urdf_humble_test_moveit_config/hook/cmake_prefix_path.ps1'
[2.869s] INFO:colcon.colcon_core.shell:Creating environment descriptor '/home/devika/robo_ws/install/urdf_humble_test_moveit_config/share/urdf_humble_test_moveit_config/hook/cmake_prefix_path.dsv'
[2.870s] INFO:colcon.colcon_core.shell:Creating environment hook '/home/devika/robo_ws/install/urdf_humble_test_moveit_config/share/urdf_humble_test_moveit_config/hook/cmake_prefix_path.sh'
[2.872s] Level 1:colcon.colcon_core.environment:checking '/home/devika/robo_ws/install/urdf_humble_test_moveit_config/bin'
[2.872s] Level 1:colcon.colcon_core.environment:checking '/home/devika/robo_ws/install/urdf_humble_test_moveit_config/lib/pkgconfig/urdf_humble_test_moveit_config.pc'
[2.873s] Level 1:colcon.colcon_core.environment:checking '/home/devika/robo_ws/install/urdf_humble_test_moveit_config/lib/python3.10/site-packages'
[2.873s] Level 1:colcon.colcon_core.environment:checking '/home/devika/robo_ws/install/urdf_humble_test_moveit_config/bin'
[2.874s] INFO:colcon.colcon_core.shell:Creating package script '/home/devika/robo_ws/install/urdf_humble_test_moveit_config/share/urdf_humble_test_moveit_config/package.ps1'
[2.876s] INFO:colcon.colcon_core.shell:Creating package descriptor '/home/devika/robo_ws/install/urdf_humble_test_moveit_config/share/urdf_humble_test_moveit_config/package.dsv'
[2.878s] INFO:colcon.colcon_core.shell:Creating package script '/home/devika/robo_ws/install/urdf_humble_test_moveit_config/share/urdf_humble_test_moveit_config/package.sh'
[2.879s] INFO:colcon.colcon_core.shell:Creating package script '/home/devika/robo_ws/install/urdf_humble_test_moveit_config/share/urdf_humble_test_moveit_config/package.bash'
[2.880s] INFO:colcon.colcon_core.shell:Creating package script '/home/devika/robo_ws/install/urdf_humble_test_moveit_config/share/urdf_humble_test_moveit_config/package.zsh'
[2.881s] Level 1:colcon.colcon_core.environment:create_file_with_runtime_dependencies(/home/devika/robo_ws/install/urdf_humble_test_moveit_config/share/colcon-core/packages/urdf_humble_test_moveit_config)
[2.883s] Level 1:colcon.colcon_core.environment:create_environment_scripts_only(urdf_humble_test_moveit_config)
[2.883s] Level 1:colcon.colcon_core.environment:checking '/home/devika/robo_ws/install/urdf_humble_test_moveit_config' for CMake module files
[2.884s] Level 1:colcon.colcon_core.environment:checking '/home/devika/robo_ws/install/urdf_humble_test_moveit_config' for CMake config files
[2.886s] Level 1:colcon.colcon_core.shell:create_environment_hook('urdf_humble_test_moveit_config', 'cmake_prefix_path')
[2.887s] INFO:colcon.colcon_core.shell:Creating environment hook '/home/devika/robo_ws/install/urdf_humble_test_moveit_config/share/urdf_humble_test_moveit_config/hook/cmake_prefix_path.ps1'
[2.888s] INFO:colcon.colcon_core.shell:Creating environment descriptor '/home/devika/robo_ws/install/urdf_humble_test_moveit_config/share/urdf_humble_test_moveit_config/hook/cmake_prefix_path.dsv'
[2.889s] INFO:colcon.colcon_core.shell:Creating environment hook '/home/devika/robo_ws/install/urdf_humble_test_moveit_config/share/urdf_humble_test_moveit_config/hook/cmake_prefix_path.sh'
[2.890s] Level 1:colcon.colcon_core.environment:checking '/home/devika/robo_ws/install/urdf_humble_test_moveit_config/bin'
[2.891s] Level 1:colcon.colcon_core.environment:checking '/home/devika/robo_ws/install/urdf_humble_test_moveit_config/lib/pkgconfig/urdf_humble_test_moveit_config.pc'
[2.891s] Level 1:colcon.colcon_core.environment:checking '/home/devika/robo_ws/install/urdf_humble_test_moveit_config/lib/python3.10/site-packages'
[2.891s] Level 1:colcon.colcon_core.environment:checking '/home/devika/robo_ws/install/urdf_humble_test_moveit_config/bin'
[2.892s] INFO:colcon.colcon_core.shell:Creating package script '/home/devika/robo_ws/install/urdf_humble_test_moveit_config/share/urdf_humble_test_moveit_config/package.ps1'
[2.893s] INFO:colcon.colcon_core.shell:Creating package descriptor '/home/devika/robo_ws/install/urdf_humble_test_moveit_config/share/urdf_humble_test_moveit_config/package.dsv'
[2.895s] INFO:colcon.colcon_core.shell:Creating package script '/home/devika/robo_ws/install/urdf_humble_test_moveit_config/share/urdf_humble_test_moveit_config/package.sh'
[2.897s] INFO:colcon.colcon_core.shell:Creating package script '/home/devika/robo_ws/install/urdf_humble_test_moveit_config/share/urdf_humble_test_moveit_config/package.bash'
[2.899s] INFO:colcon.colcon_core.shell:Creating package script '/home/devika/robo_ws/install/urdf_humble_test_moveit_config/share/urdf_humble_test_moveit_config/package.zsh'
[2.900s] Level 1:colcon.colcon_core.environment:create_file_with_runtime_dependencies(/home/devika/robo_ws/install/urdf_humble_test_moveit_config/share/colcon-core/packages/urdf_humble_test_moveit_config)
[3.257s] DEBUG:colcon.colcon_core.event_handler.log_command:Invoking command in '/home/devika/robo_ws/src/cylinder_position_estimator': PYTHONPATH=/home/devika/robo_ws/build/cylinder_position_estimator/prefix_override:/usr/lib/python3/dist-packages/colcon_core/task/python/colcon_distutils_commands:/home/devika/robo_ws/install/cylinder_position_estimator/lib/python3.10/site-packages:${PYTHONPATH} /usr/bin/python3 -W ignore:setup.py install is deprecated -W ignore:easy_install command is deprecated setup.py egg_info --egg-base ../../build/cylinder_position_estimator build --build-base /home/devika/robo_ws/build/cylinder_position_estimator/build install --record /home/devika/robo_ws/build/cylinder_position_estimator/install.log --single-version-externally-managed install_data
[3.303s] DEBUG:colcon.colcon_core.event_handler.log_command:Invoking command in '/home/devika/robo_ws/src/perception_vision': PYTHONPATH=/home/devika/robo_ws/build/perception_vision/prefix_override:/usr/lib/python3/dist-packages/colcon_core/task/python/colcon_distutils_commands:/home/devika/robo_ws/install/perception_vision/lib/python3.10/site-packages:${PYTHONPATH} /usr/bin/python3 -W ignore:setup.py install is deprecated -W ignore:easy_install command is deprecated setup.py egg_info --egg-base ../../build/perception_vision build --build-base /home/devika/robo_ws/build/perception_vision/build install --record /home/devika/robo_ws/build/perception_vision/install.log --single-version-externally-managed install_data
[3.524s] DEBUG:colcon.colcon_core.event_handler.log_command:Invoked command in '/home/devika/robo_ws/build/moveit_task_constructor_core' returned '0': CMAKE_PREFIX_PATH=/home/devika/robo_ws/install/rviz_marker_tools:/home/devika/robo_ws/install/moveit_task_constructor_msgs:/home/devika/robo_ws/install/urdf_humble_test_moveit_config:/home/devika/robo_ws/install/warehouse_ros_mongo:/home/devika/robo_ws/install/urdf_humble_test:/home/devika/robo_ws/install/moveit_task_constructor_visualization:/home/devika/robo_ws/install/moveit_task_constructor_demo:/home/devika/robo_ws/install/moveit_task_constructor_capabilities:/home/devika/robo_ws/install/hello_moveit_task_constructor:/home/devika/robo_ws/install/moveit_task_constructor_core:/home/devika/robo_ws/install/hello_moveit:/home/devika/robo_ws/install/gazebo_ros2_control:/home/devika/manga_ws/install/urdf_humble_test_moveit_config:/home/devika/manga_ws/install/urdf_humble_test:/home/devika/manga_ws/install/hello_moveit:/home/devika/some_ws/install/motoman_hc10_support:/home/devika/some_ws/install/motoman_resources:/home/devika/some_ws/install/hello_moveit:/home/devika/some_ws/install/hc20_sim_moveit_config:/home/devika/some_ws/install/hc20_moveit_config:/home/devika/some_ws/install/hc10_movit2v3:/home/devika/some_ws/install/hc10dt_moveit_config:/home/devika/robo_ws/install/perception_vision:/home/devika/robo_ws/install/cylinder_position_estimator:/opt/ros/humble LD_LIBRARY_PATH=/home/devika/robo_ws/install/rviz_marker_tools/lib:/home/devika/robo_ws/install/moveit_task_constructor_msgs/lib:/home/devika/robo_ws/install/warehouse_ros_mongo/lib:/home/devika/robo_ws/install/moveit_task_constructor_visualization/lib:/home/devika/robo_ws/install/moveit_task_constructor_demo/lib:/home/devika/robo_ws/install/moveit_task_constructor_capabilities/lib:/home/devika/robo_ws/install/hello_moveit_task_constructor/lib:/home/devika/robo_ws/install/moveit_task_constructor_core/lib:/home/devika/robo_ws/install/gazebo_ros2_control/lib:/usr/lib/x86_64-linux-gnu/gazebo-11/plugins:/opt/ros/humble/opt/rviz_ogre_vendor/lib:/opt/ros/humble/lib/x86_64-linux-gnu:/opt/ros/humble/lib:/usr/share/gazebo/../../lib/x86_64-linux-gnu/gazebo-11/plugins /usr/bin/cmake --build /home/devika/robo_ws/build/moveit_task_constructor_core -- -j8 -l8
[3.529s] DEBUG:colcon.colcon_core.event_handler.log_command:Invoking command in '/home/devika/robo_ws/build/moveit_task_constructor_core': CMAKE_PREFIX_PATH=/home/devika/robo_ws/install/rviz_marker_tools:/home/devika/robo_ws/install/moveit_task_constructor_msgs:/home/devika/robo_ws/install/urdf_humble_test_moveit_config:/home/devika/robo_ws/install/warehouse_ros_mongo:/home/devika/robo_ws/install/urdf_humble_test:/home/devika/robo_ws/install/moveit_task_constructor_visualization:/home/devika/robo_ws/install/moveit_task_constructor_demo:/home/devika/robo_ws/install/moveit_task_constructor_capabilities:/home/devika/robo_ws/install/hello_moveit_task_constructor:/home/devika/robo_ws/install/moveit_task_constructor_core:/home/devika/robo_ws/install/hello_moveit:/home/devika/robo_ws/install/gazebo_ros2_control:/home/devika/manga_ws/install/urdf_humble_test_moveit_config:/home/devika/manga_ws/install/urdf_humble_test:/home/devika/manga_ws/install/hello_moveit:/home/devika/some_ws/install/motoman_hc10_support:/home/devika/some_ws/install/motoman_resources:/home/devika/some_ws/install/hello_moveit:/home/devika/some_ws/install/hc20_sim_moveit_config:/home/devika/some_ws/install/hc20_moveit_config:/home/devika/some_ws/install/hc10_movit2v3:/home/devika/some_ws/install/hc10dt_moveit_config:/home/devika/robo_ws/install/perception_vision:/home/devika/robo_ws/install/cylinder_position_estimator:/opt/ros/humble LD_LIBRARY_PATH=/home/devika/robo_ws/install/rviz_marker_tools/lib:/home/devika/robo_ws/install/moveit_task_constructor_msgs/lib:/home/devika/robo_ws/install/warehouse_ros_mongo/lib:/home/devika/robo_ws/install/moveit_task_constructor_visualization/lib:/home/devika/robo_ws/install/moveit_task_constructor_demo/lib:/home/devika/robo_ws/install/moveit_task_constructor_capabilities/lib:/home/devika/robo_ws/install/hello_moveit_task_constructor/lib:/home/devika/robo_ws/install/moveit_task_constructor_core/lib:/home/devika/robo_ws/install/gazebo_ros2_control/lib:/usr/lib/x86_64-linux-gnu/gazebo-11/plugins:/opt/ros/humble/opt/rviz_ogre_vendor/lib:/opt/ros/humble/lib/x86_64-linux-gnu:/opt/ros/humble/lib:/usr/share/gazebo/../../lib/x86_64-linux-gnu/gazebo-11/plugins /usr/bin/cmake --install /home/devika/robo_ws/build/moveit_task_constructor_core
[3.636s] Level 1:colcon.colcon_core.environment:create_environment_scripts_only(moveit_task_constructor_core)
[3.638s] Level 1:colcon.colcon_core.environment:checking '/home/devika/robo_ws/install/moveit_task_constructor_core' for CMake module files
[3.647s] DEBUG:colcon.colcon_core.event_handler.log_command:Invoked command in '/home/devika/robo_ws/build/moveit_task_constructor_core' returned '0': CMAKE_PREFIX_PATH=/home/devika/robo_ws/install/rviz_marker_tools:/home/devika/robo_ws/install/moveit_task_constructor_msgs:/home/devika/robo_ws/install/urdf_humble_test_moveit_config:/home/devika/robo_ws/install/warehouse_ros_mongo:/home/devika/robo_ws/install/urdf_humble_test:/home/devika/robo_ws/install/moveit_task_constructor_visualization:/home/devika/robo_ws/install/moveit_task_constructor_demo:/home/devika/robo_ws/install/moveit_task_constructor_capabilities:/home/devika/robo_ws/install/hello_moveit_task_constructor:/home/devika/robo_ws/install/moveit_task_constructor_core:/home/devika/robo_ws/install/hello_moveit:/home/devika/robo_ws/install/gazebo_ros2_control:/home/devika/manga_ws/install/urdf_humble_test_moveit_config:/home/devika/manga_ws/install/urdf_humble_test:/home/devika/manga_ws/install/hello_moveit:/home/devika/some_ws/install/motoman_hc10_support:/home/devika/some_ws/install/motoman_resources:/home/devika/some_ws/install/hello_moveit:/home/devika/some_ws/install/hc20_sim_moveit_config:/home/devika/some_ws/install/hc20_moveit_config:/home/devika/some_ws/install/hc10_movit2v3:/home/devika/some_ws/install/hc10dt_moveit_config:/home/devika/robo_ws/install/perception_vision:/home/devika/robo_ws/install/cylinder_position_estimator:/opt/ros/humble LD_LIBRARY_PATH=/home/devika/robo_ws/install/rviz_marker_tools/lib:/home/devika/robo_ws/install/moveit_task_constructor_msgs/lib:/home/devika/robo_ws/install/warehouse_ros_mongo/lib:/home/devika/robo_ws/install/moveit_task_constructor_visualization/lib:/home/devika/robo_ws/install/moveit_task_constructor_demo/lib:/home/devika/robo_ws/install/moveit_task_constructor_capabilities/lib:/home/devika/robo_ws/install/hello_moveit_task_constructor/lib:/home/devika/robo_ws/install/moveit_task_constructor_core/lib:/home/devika/robo_ws/install/gazebo_ros2_control/lib:/usr/lib/x86_64-linux-gnu/gazebo-11/plugins:/opt/ros/humble/opt/rviz_ogre_vendor/lib:/opt/ros/humble/lib/x86_64-linux-gnu:/opt/ros/humble/lib:/usr/share/gazebo/../../lib/x86_64-linux-gnu/gazebo-11/plugins /usr/bin/cmake --install /home/devika/robo_ws/build/moveit_task_constructor_core
[3.647s] Level 1:colcon.colcon_core.shell:create_environment_hook('moveit_task_constructor_core', 'cmake_module_path')
[3.648s] INFO:colcon.colcon_core.shell:Creating environment hook '/home/devika/robo_ws/install/moveit_task_constructor_core/share/moveit_task_constructor_core/hook/cmake_module_path.ps1'
[3.650s] INFO:colcon.colcon_core.shell:Creating environment descriptor '/home/devika/robo_ws/install/moveit_task_constructor_core/share/moveit_task_constructor_core/hook/cmake_module_path.dsv'
[3.651s] INFO:colcon.colcon_core.shell:Creating environment hook '/home/devika/robo_ws/install/moveit_task_constructor_core/share/moveit_task_constructor_core/hook/cmake_module_path.sh'
[3.651s] Level 1:colcon.colcon_core.environment:checking '/home/devika/robo_ws/install/moveit_task_constructor_core' for CMake config files
[3.653s] Level 1:colcon.colcon_core.shell:create_environment_hook('moveit_task_constructor_core', 'cmake_prefix_path')
[3.653s] INFO:colcon.colcon_core.shell:Creating environment hook '/home/devika/robo_ws/install/moveit_task_constructor_core/share/moveit_task_constructor_core/hook/cmake_prefix_path.ps1'
[3.654s] INFO:colcon.colcon_core.shell:Creating environment descriptor '/home/devika/robo_ws/install/moveit_task_constructor_core/share/moveit_task_constructor_core/hook/cmake_prefix_path.dsv'
[3.655s] INFO:colcon.colcon_core.shell:Creating environment hook '/home/devika/robo_ws/install/moveit_task_constructor_core/share/moveit_task_constructor_core/hook/cmake_prefix_path.sh'
[3.656s] Level 1:colcon.colcon_core.environment:checking '/home/devika/robo_ws/install/moveit_task_constructor_core/lib'
[3.656s] Level 1:colcon.colcon_core.shell:create_environment_hook('moveit_task_constructor_core', 'ld_library_path_lib')
[3.656s] INFO:colcon.colcon_core.shell:Creating environment hook '/home/devika/robo_ws/install/moveit_task_constructor_core/share/moveit_task_constructor_core/hook/ld_library_path_lib.ps1'
[3.657s] INFO:colcon.colcon_core.shell:Creating environment descriptor '/home/devika/robo_ws/install/moveit_task_constructor_core/share/moveit_task_constructor_core/hook/ld_library_path_lib.dsv'
[3.658s] INFO:colcon.colcon_core.shell:Creating environment hook '/home/devika/robo_ws/install/moveit_task_constructor_core/share/moveit_task_constructor_core/hook/ld_library_path_lib.sh'
[3.658s] Level 1:colcon.colcon_core.environment:checking '/home/devika/robo_ws/install/moveit_task_constructor_core/bin'
[3.659s] Level 1:colcon.colcon_core.environment:checking '/home/devika/robo_ws/install/moveit_task_constructor_core/lib/pkgconfig/moveit_task_constructor_core.pc'
[3.659s] Level 1:colcon.colcon_core.environment:checking '/home/devika/robo_ws/install/moveit_task_constructor_core/lib/python3.10/site-packages'
[3.659s] Level 1:colcon.colcon_core.environment:checking '/home/devika/robo_ws/install/moveit_task_constructor_core/bin'
[3.660s] INFO:colcon.colcon_core.shell:Creating package script '/home/devika/robo_ws/install/moveit_task_constructor_core/share/moveit_task_constructor_core/package.ps1'
[3.661s] INFO:colcon.colcon_core.shell:Creating package descriptor '/home/devika/robo_ws/install/moveit_task_constructor_core/share/moveit_task_constructor_core/package.dsv'
[3.662s] INFO:colcon.colcon_core.shell:Creating package script '/home/devika/robo_ws/install/moveit_task_constructor_core/share/moveit_task_constructor_core/package.sh'
[3.663s] INFO:colcon.colcon_core.shell:Creating package script '/home/devika/robo_ws/install/moveit_task_constructor_core/share/moveit_task_constructor_core/package.bash'
[3.664s] INFO:colcon.colcon_core.shell:Creating package script '/home/devika/robo_ws/install/moveit_task_constructor_core/share/moveit_task_constructor_core/package.zsh'
[3.664s] Level 1:colcon.colcon_core.environment:create_file_with_runtime_dependencies(/home/devika/robo_ws/install/moveit_task_constructor_core/share/colcon-core/packages/moveit_task_constructor_core)
[3.666s] Level 1:colcon.colcon_core.environment:create_environment_scripts_only(moveit_task_constructor_core)
[3.666s] Level 1:colcon.colcon_core.environment:checking '/home/devika/robo_ws/install/moveit_task_constructor_core' for CMake module files
[3.667s] Level 1:colcon.colcon_core.shell:create_environment_hook('moveit_task_constructor_core', 'cmake_module_path')
[3.667s] INFO:colcon.colcon_core.shell:Creating environment hook '/home/devika/robo_ws/install/moveit_task_constructor_core/share/moveit_task_constructor_core/hook/cmake_module_path.ps1'
[3.668s] INFO:colcon.colcon_core.shell:Creating environment descriptor '/home/devika/robo_ws/install/moveit_task_constructor_core/share/moveit_task_constructor_core/hook/cmake_module_path.dsv'
[3.669s] INFO:colcon.colcon_core.shell:Creating environment hook '/home/devika/robo_ws/install/moveit_task_constructor_core/share/moveit_task_constructor_core/hook/cmake_module_path.sh'
[3.670s] Level 1:colcon.colcon_core.environment:checking '/home/devika/robo_ws/install/moveit_task_constructor_core' for CMake config files
[3.670s] Level 1:colcon.colcon_core.shell:create_environment_hook('moveit_task_constructor_core', 'cmake_prefix_path')
[3.671s] INFO:colcon.colcon_core.shell:Creating environment hook '/home/devika/robo_ws/install/moveit_task_constructor_core/share/moveit_task_constructor_core/hook/cmake_prefix_path.ps1'
[3.671s] INFO:colcon.colcon_core.shell:Creating environment descriptor '/home/devika/robo_ws/install/moveit_task_constructor_core/share/moveit_task_constructor_core/hook/cmake_prefix_path.dsv'
[3.672s] INFO:colcon.colcon_core.shell:Creating environment hook '/home/devika/robo_ws/install/moveit_task_constructor_core/share/moveit_task_constructor_core/hook/cmake_prefix_path.sh'
[3.673s] Level 1:colcon.colcon_core.environment:checking '/home/devika/robo_ws/install/moveit_task_constructor_core/lib'
[3.673s] Level 1:colcon.colcon_core.shell:create_environment_hook('moveit_task_constructor_core', 'ld_library_path_lib')
[3.673s] INFO:colcon.colcon_core.shell:Creating environment hook '/home/devika/robo_ws/install/moveit_task_constructor_core/share/moveit_task_constructor_core/hook/ld_library_path_lib.ps1'
[3.674s] INFO:colcon.colcon_core.shell:Creating environment descriptor '/home/devika/robo_ws/install/moveit_task_constructor_core/share/moveit_task_constructor_core/hook/ld_library_path_lib.dsv'
[3.675s] INFO:colcon.colcon_core.shell:Creating environment hook '/home/devika/robo_ws/install/moveit_task_constructor_core/share/moveit_task_constructor_core/hook/ld_library_path_lib.sh'
[3.675s] Level 1:colcon.colcon_core.environment:checking '/home/devika/robo_ws/install/moveit_task_constructor_core/bin'
[3.675s] Level 1:colcon.colcon_core.environment:checking '/home/devika/robo_ws/install/moveit_task_constructor_core/lib/pkgconfig/moveit_task_constructor_core.pc'
[3.676s] Level 1:colcon.colcon_core.environment:checking '/home/devika/robo_ws/install/moveit_task_constructor_core/lib/python3.10/site-packages'
[3.676s] Level 1:colcon.colcon_core.environment:checking '/home/devika/robo_ws/install/moveit_task_constructor_core/bin'
[3.677s] INFO:colcon.colcon_core.shell:Creating package script '/home/devika/robo_ws/install/moveit_task_constructor_core/share/moveit_task_constructor_core/package.ps1'
[3.678s] INFO:colcon.colcon_core.shell:Creating package descriptor '/home/devika/robo_ws/install/moveit_task_constructor_core/share/moveit_task_constructor_core/package.dsv'
[3.679s] INFO:colcon.colcon_core.shell:Creating package script '/home/devika/robo_ws/install/moveit_task_constructor_core/share/moveit_task_constructor_core/package.sh'
[3.680s] INFO:colcon.colcon_core.shell:Creating package script '/home/devika/robo_ws/install/moveit_task_constructor_core/share/moveit_task_constructor_core/package.bash'
[3.681s] INFO:colcon.colcon_core.shell:Creating package script '/home/devika/robo_ws/install/moveit_task_constructor_core/share/moveit_task_constructor_core/package.zsh'
[3.681s] Level 1:colcon.colcon_core.environment:create_file_with_runtime_dependencies(/home/devika/robo_ws/install/moveit_task_constructor_core/share/colcon-core/packages/moveit_task_constructor_core)
[3.682s] INFO:colcon.colcon_ros.task.ament_cmake.build:Building ROS package in '/home/devika/robo_ws/src/moveit_task_constructor/capabilities' with build type 'ament_cmake'
[3.682s] INFO:colcon.colcon_cmake.task.cmake.build:Building CMake package in '/home/devika/robo_ws/src/moveit_task_constructor/capabilities'
[3.683s] INFO:colcon.colcon_core.shell:Skip shell extension 'powershell' for command environment: Not usable outside of PowerShell
[3.683s] DEBUG:colcon.colcon_core.shell:Skip shell extension 'dsv' for command environment
[3.694s] INFO:colcon.colcon_ros.task.ament_cmake.build:Building ROS package in '/home/devika/robo_ws/src/hello_moveit_task_constructor' with build type 'ament_cmake'
[3.695s] INFO:colcon.colcon_cmake.task.cmake.build:Building CMake package in '/home/devika/robo_ws/src/hello_moveit_task_constructor'
[3.695s] INFO:colcon.colcon_core.shell:Skip shell extension 'powershell' for command environment: Not usable outside of PowerShell
[3.695s] DEBUG:colcon.colcon_core.shell:Skip shell extension 'dsv' for command environment
[3.712s] INFO:colcon.colcon_ros.task.ament_cmake.build:Building ROS package in '/home/devika/robo_ws/src/moveit_task_constructor/visualization' with build type 'ament_cmake'
[3.713s] INFO:colcon.colcon_cmake.task.cmake.build:Building CMake package in '/home/devika/robo_ws/src/moveit_task_constructor/visualization'
[3.713s] INFO:colcon.colcon_core.shell:Skip shell extension 'powershell' for command environment: Not usable outside of PowerShell
[3.714s] DEBUG:colcon.colcon_core.shell:Skip shell extension 'dsv' for command environment
[3.737s] DEBUG:colcon.colcon_core.event_handler.log_command:Invoking command in '/home/devika/robo_ws/build/moveit_task_constructor_capabilities': CMAKE_MODULE_PATH=/home/devika/robo_ws/install/moveit_task_constructor_core/share/moveit_task_constructor_core/cmake:/home/devika/robo_ws/install/warehouse_ros_mongo/share/warehouse_ros_mongo/cmake CMAKE_PREFIX_PATH=/home/devika/robo_ws/install/moveit_task_constructor_core:/home/devika/robo_ws/install/rviz_marker_tools:/home/devika/robo_ws/install/moveit_task_constructor_msgs:/home/devika/robo_ws/install/urdf_humble_test_moveit_config:/home/devika/robo_ws/install/warehouse_ros_mongo:/home/devika/robo_ws/install/urdf_humble_test:/home/devika/robo_ws/install/moveit_task_constructor_visualization:/home/devika/robo_ws/install/moveit_task_constructor_demo:/home/devika/robo_ws/install/moveit_task_constructor_capabilities:/home/devika/robo_ws/install/hello_moveit_task_constructor:/home/devika/robo_ws/install/hello_moveit:/home/devika/robo_ws/install/gazebo_ros2_control:/home/devika/manga_ws/install/urdf_humble_test_moveit_config:/home/devika/manga_ws/install/urdf_humble_test:/home/devika/manga_ws/install/hello_moveit:/home/devika/some_ws/install/motoman_hc10_support:/home/devika/some_ws/install/motoman_resources:/home/devika/some_ws/install/hello_moveit:/home/devika/some_ws/install/hc20_sim_moveit_config:/home/devika/some_ws/install/hc20_moveit_config:/home/devika/some_ws/install/hc10_movit2v3:/home/devika/some_ws/install/hc10dt_moveit_config:/home/devika/robo_ws/install/perception_vision:/home/devika/robo_ws/install/cylinder_position_estimator:/opt/ros/humble LD_LIBRARY_PATH=/home/devika/robo_ws/install/moveit_task_constructor_core/lib:/home/devika/robo_ws/install/rviz_marker_tools/lib:/home/devika/robo_ws/install/moveit_task_constructor_msgs/lib:/home/devika/robo_ws/install/warehouse_ros_mongo/lib:/home/devika/robo_ws/install/moveit_task_constructor_visualization/lib:/home/devika/robo_ws/install/moveit_task_constructor_demo/lib:/home/devika/robo_ws/install/moveit_task_constructor_capabilities/lib:/home/devika/robo_ws/install/hello_moveit_task_constructor/lib:/home/devika/robo_ws/install/gazebo_ros2_control/lib:/usr/lib/x86_64-linux-gnu/gazebo-11/plugins:/opt/ros/humble/opt/rviz_ogre_vendor/lib:/opt/ros/humble/lib/x86_64-linux-gnu:/opt/ros/humble/lib:/usr/share/gazebo/../../lib/x86_64-linux-gnu/gazebo-11/plugins /usr/bin/cmake --build /home/devika/robo_ws/build/moveit_task_constructor_capabilities -- -j8 -l8
[3.746s] DEBUG:colcon.colcon_core.event_handler.log_command:Invoking command in '/home/devika/robo_ws/build/hello_moveit_task_constructor': CMAKE_MODULE_PATH=/home/devika/robo_ws/install/moveit_task_constructor_core/share/moveit_task_constructor_core/cmake:/home/devika/robo_ws/install/warehouse_ros_mongo/share/warehouse_ros_mongo/cmake CMAKE_PREFIX_PATH=/home/devika/robo_ws/install/moveit_task_constructor_core:/home/devika/robo_ws/install/rviz_marker_tools:/home/devika/robo_ws/install/moveit_task_constructor_msgs:/home/devika/robo_ws/install/urdf_humble_test_moveit_config:/home/devika/robo_ws/install/warehouse_ros_mongo:/home/devika/robo_ws/install/urdf_humble_test:/home/devika/robo_ws/install/moveit_task_constructor_visualization:/home/devika/robo_ws/install/moveit_task_constructor_demo:/home/devika/robo_ws/install/moveit_task_constructor_capabilities:/home/devika/robo_ws/install/hello_moveit_task_constructor:/home/devika/robo_ws/install/hello_moveit:/home/devika/robo_ws/install/gazebo_ros2_control:/home/devika/manga_ws/install/urdf_humble_test_moveit_config:/home/devika/manga_ws/install/urdf_humble_test:/home/devika/manga_ws/install/hello_moveit:/home/devika/some_ws/install/motoman_hc10_support:/home/devika/some_ws/install/motoman_resources:/home/devika/some_ws/install/hello_moveit:/home/devika/some_ws/install/hc20_sim_moveit_config:/home/devika/some_ws/install/hc20_moveit_config:/home/devika/some_ws/install/hc10_movit2v3:/home/devika/some_ws/install/hc10dt_moveit_config:/home/devika/robo_ws/install/perception_vision:/home/devika/robo_ws/install/cylinder_position_estimator:/opt/ros/humble LD_LIBRARY_PATH=/home/devika/robo_ws/install/moveit_task_constructor_core/lib:/home/devika/robo_ws/install/rviz_marker_tools/lib:/home/devika/robo_ws/install/moveit_task_constructor_msgs/lib:/home/devika/robo_ws/install/warehouse_ros_mongo/lib:/home/devika/robo_ws/install/moveit_task_constructor_visualization/lib:/home/devika/robo_ws/install/moveit_task_constructor_demo/lib:/home/devika/robo_ws/install/moveit_task_constructor_capabilities/lib:/home/devika/robo_ws/install/hello_moveit_task_constructor/lib:/home/devika/robo_ws/install/gazebo_ros2_control/lib:/usr/lib/x86_64-linux-gnu/gazebo-11/plugins:/opt/ros/humble/opt/rviz_ogre_vendor/lib:/opt/ros/humble/lib/x86_64-linux-gnu:/opt/ros/humble/lib:/usr/share/gazebo/../../lib/x86_64-linux-gnu/gazebo-11/plugins /usr/bin/cmake --build /home/devika/robo_ws/build/hello_moveit_task_constructor -- -j8 -l8
[3.762s] DEBUG:colcon.colcon_core.event_handler.log_command:Invoking command in '/home/devika/robo_ws/build/moveit_task_constructor_visualization': CMAKE_MODULE_PATH=/home/devika/robo_ws/install/moveit_task_constructor_core/share/moveit_task_constructor_core/cmake:/home/devika/robo_ws/install/warehouse_ros_mongo/share/warehouse_ros_mongo/cmake CMAKE_PREFIX_PATH=/home/devika/robo_ws/install/moveit_task_constructor_core:/home/devika/robo_ws/install/rviz_marker_tools:/home/devika/robo_ws/install/moveit_task_constructor_msgs:/home/devika/robo_ws/install/urdf_humble_test_moveit_config:/home/devika/robo_ws/install/warehouse_ros_mongo:/home/devika/robo_ws/install/urdf_humble_test:/home/devika/robo_ws/install/moveit_task_constructor_visualization:/home/devika/robo_ws/install/moveit_task_constructor_demo:/home/devika/robo_ws/install/moveit_task_constructor_capabilities:/home/devika/robo_ws/install/hello_moveit_task_constructor:/home/devika/robo_ws/install/hello_moveit:/home/devika/robo_ws/install/gazebo_ros2_control:/home/devika/manga_ws/install/urdf_humble_test_moveit_config:/home/devika/manga_ws/install/urdf_humble_test:/home/devika/manga_ws/install/hello_moveit:/home/devika/some_ws/install/motoman_hc10_support:/home/devika/some_ws/install/motoman_resources:/home/devika/some_ws/install/hello_moveit:/home/devika/some_ws/install/hc20_sim_moveit_config:/home/devika/some_ws/install/hc20_moveit_config:/home/devika/some_ws/install/hc10_movit2v3:/home/devika/some_ws/install/hc10dt_moveit_config:/home/devika/robo_ws/install/perception_vision:/home/devika/robo_ws/install/cylinder_position_estimator:/opt/ros/humble LD_LIBRARY_PATH=/home/devika/robo_ws/install/moveit_task_constructor_core/lib:/home/devika/robo_ws/install/rviz_marker_tools/lib:/home/devika/robo_ws/install/moveit_task_constructor_msgs/lib:/home/devika/robo_ws/install/warehouse_ros_mongo/lib:/home/devika/robo_ws/install/moveit_task_constructor_visualization/lib:/home/devika/robo_ws/install/moveit_task_constructor_demo/lib:/home/devika/robo_ws/install/moveit_task_constructor_capabilities/lib:/home/devika/robo_ws/install/hello_moveit_task_constructor/lib:/home/devika/robo_ws/install/gazebo_ros2_control/lib:/usr/lib/x86_64-linux-gnu/gazebo-11/plugins:/opt/ros/humble/opt/rviz_ogre_vendor/lib:/opt/ros/humble/lib/x86_64-linux-gnu:/opt/ros/humble/lib:/usr/share/gazebo/../../lib/x86_64-linux-gnu/gazebo-11/plugins /usr/bin/cmake --build /home/devika/robo_ws/build/moveit_task_constructor_visualization -- -j8 -l8
[4.069s] DEBUG:colcon.colcon_core.event_handler.log_command:Invoked command in '/home/devika/robo_ws/build/moveit_task_constructor_capabilities' returned '0': CMAKE_MODULE_PATH=/home/devika/robo_ws/install/moveit_task_constructor_core/share/moveit_task_constructor_core/cmake:/home/devika/robo_ws/install/warehouse_ros_mongo/share/warehouse_ros_mongo/cmake CMAKE_PREFIX_PATH=/home/devika/robo_ws/install/moveit_task_constructor_core:/home/devika/robo_ws/install/rviz_marker_tools:/home/devika/robo_ws/install/moveit_task_constructor_msgs:/home/devika/robo_ws/install/urdf_humble_test_moveit_config:/home/devika/robo_ws/install/warehouse_ros_mongo:/home/devika/robo_ws/install/urdf_humble_test:/home/devika/robo_ws/install/moveit_task_constructor_visualization:/home/devika/robo_ws/install/moveit_task_constructor_demo:/home/devika/robo_ws/install/moveit_task_constructor_capabilities:/home/devika/robo_ws/install/hello_moveit_task_constructor:/home/devika/robo_ws/install/hello_moveit:/home/devika/robo_ws/install/gazebo_ros2_control:/home/devika/manga_ws/install/urdf_humble_test_moveit_config:/home/devika/manga_ws/install/urdf_humble_test:/home/devika/manga_ws/install/hello_moveit:/home/devika/some_ws/install/motoman_hc10_support:/home/devika/some_ws/install/motoman_resources:/home/devika/some_ws/install/hello_moveit:/home/devika/some_ws/install/hc20_sim_moveit_config:/home/devika/some_ws/install/hc20_moveit_config:/home/devika/some_ws/install/hc10_movit2v3:/home/devika/some_ws/install/hc10dt_moveit_config:/home/devika/robo_ws/install/perception_vision:/home/devika/robo_ws/install/cylinder_position_estimator:/opt/ros/humble LD_LIBRARY_PATH=/home/devika/robo_ws/install/moveit_task_constructor_core/lib:/home/devika/robo_ws/install/rviz_marker_tools/lib:/home/devika/robo_ws/install/moveit_task_constructor_msgs/lib:/home/devika/robo_ws/install/warehouse_ros_mongo/lib:/home/devika/robo_ws/install/moveit_task_constructor_visualization/lib:/home/devika/robo_ws/install/moveit_task_constructor_demo/lib:/home/devika/robo_ws/install/moveit_task_constructor_capabilities/lib:/home/devika/robo_ws/install/hello_moveit_task_constructor/lib:/home/devika/robo_ws/install/gazebo_ros2_control/lib:/usr/lib/x86_64-linux-gnu/gazebo-11/plugins:/opt/ros/humble/opt/rviz_ogre_vendor/lib:/opt/ros/humble/lib/x86_64-linux-gnu:/opt/ros/humble/lib:/usr/share/gazebo/../../lib/x86_64-linux-gnu/gazebo-11/plugins /usr/bin/cmake --build /home/devika/robo_ws/build/moveit_task_constructor_capabilities -- -j8 -l8
[4.071s] DEBUG:colcon.colcon_core.event_handler.log_command:Invoking command in '/home/devika/robo_ws/build/moveit_task_constructor_capabilities': CMAKE_MODULE_PATH=/home/devika/robo_ws/install/moveit_task_constructor_core/share/moveit_task_constructor_core/cmake:/home/devika/robo_ws/install/warehouse_ros_mongo/share/warehouse_ros_mongo/cmake CMAKE_PREFIX_PATH=/home/devika/robo_ws/install/moveit_task_constructor_core:/home/devika/robo_ws/install/rviz_marker_tools:/home/devika/robo_ws/install/moveit_task_constructor_msgs:/home/devika/robo_ws/install/urdf_humble_test_moveit_config:/home/devika/robo_ws/install/warehouse_ros_mongo:/home/devika/robo_ws/install/urdf_humble_test:/home/devika/robo_ws/install/moveit_task_constructor_visualization:/home/devika/robo_ws/install/moveit_task_constructor_demo:/home/devika/robo_ws/install/moveit_task_constructor_capabilities:/home/devika/robo_ws/install/hello_moveit_task_constructor:/home/devika/robo_ws/install/hello_moveit:/home/devika/robo_ws/install/gazebo_ros2_control:/home/devika/manga_ws/install/urdf_humble_test_moveit_config:/home/devika/manga_ws/install/urdf_humble_test:/home/devika/manga_ws/install/hello_moveit:/home/devika/some_ws/install/motoman_hc10_support:/home/devika/some_ws/install/motoman_resources:/home/devika/some_ws/install/hello_moveit:/home/devika/some_ws/install/hc20_sim_moveit_config:/home/devika/some_ws/install/hc20_moveit_config:/home/devika/some_ws/install/hc10_movit2v3:/home/devika/some_ws/install/hc10dt_moveit_config:/home/devika/robo_ws/install/perception_vision:/home/devika/robo_ws/install/cylinder_position_estimator:/opt/ros/humble LD_LIBRARY_PATH=/home/devika/robo_ws/install/moveit_task_constructor_core/lib:/home/devika/robo_ws/install/rviz_marker_tools/lib:/home/devika/robo_ws/install/moveit_task_constructor_msgs/lib:/home/devika/robo_ws/install/warehouse_ros_mongo/lib:/home/devika/robo_ws/install/moveit_task_constructor_visualization/lib:/home/devika/robo_ws/install/moveit_task_constructor_demo/lib:/home/devika/robo_ws/install/moveit_task_constructor_capabilities/lib:/home/devika/robo_ws/install/hello_moveit_task_constructor/lib:/home/devika/robo_ws/install/gazebo_ros2_control/lib:/usr/lib/x86_64-linux-gnu/gazebo-11/plugins:/opt/ros/humble/opt/rviz_ogre_vendor/lib:/opt/ros/humble/lib/x86_64-linux-gnu:/opt/ros/humble/lib:/usr/share/gazebo/../../lib/x86_64-linux-gnu/gazebo-11/plugins /usr/bin/cmake --install /home/devika/robo_ws/build/moveit_task_constructor_capabilities
[4.117s] Level 1:colcon.colcon_core.environment:create_environment_scripts_only(moveit_task_constructor_capabilities)
[4.119s] Level 1:colcon.colcon_core.environment:checking '/home/devika/robo_ws/install/moveit_task_constructor_capabilities' for CMake module files
[4.123s] Level 1:colcon.colcon_core.environment:checking '/home/devika/robo_ws/install/moveit_task_constructor_capabilities' for CMake config files
[4.125s] Level 1:colcon.colcon_core.shell:create_environment_hook('moveit_task_constructor_capabilities', 'cmake_prefix_path')
[4.125s] INFO:colcon.colcon_core.shell:Creating environment hook '/home/devika/robo_ws/install/moveit_task_constructor_capabilities/share/moveit_task_constructor_capabilities/hook/cmake_prefix_path.ps1'
[4.126s] DEBUG:colcon.colcon_core.event_handler.log_command:Invoked command in '/home/devika/robo_ws/build/moveit_task_constructor_capabilities' returned '0': CMAKE_MODULE_PATH=/home/devika/robo_ws/install/moveit_task_constructor_core/share/moveit_task_constructor_core/cmake:/home/devika/robo_ws/install/warehouse_ros_mongo/share/warehouse_ros_mongo/cmake CMAKE_PREFIX_PATH=/home/devika/robo_ws/install/moveit_task_constructor_core:/home/devika/robo_ws/install/rviz_marker_tools:/home/devika/robo_ws/install/moveit_task_constructor_msgs:/home/devika/robo_ws/install/urdf_humble_test_moveit_config:/home/devika/robo_ws/install/warehouse_ros_mongo:/home/devika/robo_ws/install/urdf_humble_test:/home/devika/robo_ws/install/moveit_task_constructor_visualization:/home/devika/robo_ws/install/moveit_task_constructor_demo:/home/devika/robo_ws/install/moveit_task_constructor_capabilities:/home/devika/robo_ws/install/hello_moveit_task_constructor:/home/devika/robo_ws/install/hello_moveit:/home/devika/robo_ws/install/gazebo_ros2_control:/home/devika/manga_ws/install/urdf_humble_test_moveit_config:/home/devika/manga_ws/install/urdf_humble_test:/home/devika/manga_ws/install/hello_moveit:/home/devika/some_ws/install/motoman_hc10_support:/home/devika/some_ws/install/motoman_resources:/home/devika/some_ws/install/hello_moveit:/home/devika/some_ws/install/hc20_sim_moveit_config:/home/devika/some_ws/install/hc20_moveit_config:/home/devika/some_ws/install/hc10_movit2v3:/home/devika/some_ws/install/hc10dt_moveit_config:/home/devika/robo_ws/install/perception_vision:/home/devika/robo_ws/install/cylinder_position_estimator:/opt/ros/humble LD_LIBRARY_PATH=/home/devika/robo_ws/install/moveit_task_constructor_core/lib:/home/devika/robo_ws/install/rviz_marker_tools/lib:/home/devika/robo_ws/install/moveit_task_constructor_msgs/lib:/home/devika/robo_ws/install/warehouse_ros_mongo/lib:/home/devika/robo_ws/install/moveit_task_constructor_visualization/lib:/home/devika/robo_ws/install/moveit_task_constructor_demo/lib:/home/devika/robo_ws/install/moveit_task_constructor_capabilities/lib:/home/devika/robo_ws/install/hello_moveit_task_constructor/lib:/home/devika/robo_ws/install/gazebo_ros2_control/lib:/usr/lib/x86_64-linux-gnu/gazebo-11/plugins:/opt/ros/humble/opt/rviz_ogre_vendor/lib:/opt/ros/humble/lib/x86_64-linux-gnu:/opt/ros/humble/lib:/usr/share/gazebo/../../lib/x86_64-linux-gnu/gazebo-11/plugins /usr/bin/cmake --install /home/devika/robo_ws/build/moveit_task_constructor_capabilities
[4.128s] INFO:colcon.colcon_core.shell:Creating environment descriptor '/home/devika/robo_ws/install/moveit_task_constructor_capabilities/share/moveit_task_constructor_capabilities/hook/cmake_prefix_path.dsv'
[4.130s] INFO:colcon.colcon_core.shell:Creating environment hook '/home/devika/robo_ws/install/moveit_task_constructor_capabilities/share/moveit_task_constructor_capabilities/hook/cmake_prefix_path.sh'
[4.132s] Level 1:colcon.colcon_core.environment:checking '/home/devika/robo_ws/install/moveit_task_constructor_capabilities/lib'
[4.133s] Level 1:colcon.colcon_core.shell:create_environment_hook('moveit_task_constructor_capabilities', 'ld_library_path_lib')
[4.134s] INFO:colcon.colcon_core.shell:Creating environment hook '/home/devika/robo_ws/install/moveit_task_constructor_capabilities/share/moveit_task_constructor_capabilities/hook/ld_library_path_lib.ps1'
[4.135s] INFO:colcon.colcon_core.shell:Creating environment descriptor '/home/devika/robo_ws/install/moveit_task_constructor_capabilities/share/moveit_task_constructor_capabilities/hook/ld_library_path_lib.dsv'
[4.139s] INFO:colcon.colcon_core.shell:Creating environment hook '/home/devika/robo_ws/install/moveit_task_constructor_capabilities/share/moveit_task_constructor_capabilities/hook/ld_library_path_lib.sh'
[4.143s] Level 1:colcon.colcon_core.environment:checking '/home/devika/robo_ws/install/moveit_task_constructor_capabilities/bin'
[4.143s] Level 1:colcon.colcon_core.environment:checking '/home/devika/robo_ws/install/moveit_task_constructor_capabilities/lib/pkgconfig/moveit_task_constructor_capabilities.pc'
[4.144s] Level 1:colcon.colcon_core.environment:checking '/home/devika/robo_ws/install/moveit_task_constructor_capabilities/lib/python3.10/site-packages'
[4.146s] Level 1:colcon.colcon_core.environment:checking '/home/devika/robo_ws/install/moveit_task_constructor_capabilities/bin'
[4.148s] INFO:colcon.colcon_core.shell:Creating package script '/home/devika/robo_ws/install/moveit_task_constructor_capabilities/share/moveit_task_constructor_capabilities/package.ps1'
[4.150s] INFO:colcon.colcon_core.shell:Creating package descriptor '/home/devika/robo_ws/install/moveit_task_constructor_capabilities/share/moveit_task_constructor_capabilities/package.dsv'
[4.157s] INFO:colcon.colcon_core.shell:Creating package script '/home/devika/robo_ws/install/moveit_task_constructor_capabilities/share/moveit_task_constructor_capabilities/package.sh'
[4.159s] INFO:colcon.colcon_core.shell:Creating package script '/home/devika/robo_ws/install/moveit_task_constructor_capabilities/share/moveit_task_constructor_capabilities/package.bash'
[4.161s] INFO:colcon.colcon_core.shell:Creating package script '/home/devika/robo_ws/install/moveit_task_constructor_capabilities/share/moveit_task_constructor_capabilities/package.zsh'
[4.162s] Level 1:colcon.colcon_core.environment:create_file_with_runtime_dependencies(/home/devika/robo_ws/install/moveit_task_constructor_capabilities/share/colcon-core/packages/moveit_task_constructor_capabilities)
[4.164s] Level 1:colcon.colcon_core.environment:create_environment_scripts_only(moveit_task_constructor_capabilities)
[4.165s] Level 1:colcon.colcon_core.environment:checking '/home/devika/robo_ws/install/moveit_task_constructor_capabilities' for CMake module files
[4.166s] Level 1:colcon.colcon_core.environment:checking '/home/devika/robo_ws/install/moveit_task_constructor_capabilities' for CMake config files
[4.168s] Level 1:colcon.colcon_core.shell:create_environment_hook('moveit_task_constructor_capabilities', 'cmake_prefix_path')
[4.168s] INFO:colcon.colcon_core.shell:Creating environment hook '/home/devika/robo_ws/install/moveit_task_constructor_capabilities/share/moveit_task_constructor_capabilities/hook/cmake_prefix_path.ps1'
[4.170s] INFO:colcon.colcon_core.shell:Creating environment descriptor '/home/devika/robo_ws/install/moveit_task_constructor_capabilities/share/moveit_task_constructor_capabilities/hook/cmake_prefix_path.dsv'
[4.171s] INFO:colcon.colcon_core.shell:Creating environment hook '/home/devika/robo_ws/install/moveit_task_constructor_capabilities/share/moveit_task_constructor_capabilities/hook/cmake_prefix_path.sh'
[4.172s] Level 1:colcon.colcon_core.environment:checking '/home/devika/robo_ws/install/moveit_task_constructor_capabilities/lib'
[4.173s] Level 1:colcon.colcon_core.shell:create_environment_hook('moveit_task_constructor_capabilities', 'ld_library_path_lib')
[4.173s] INFO:colcon.colcon_core.shell:Creating environment hook '/home/devika/robo_ws/install/moveit_task_constructor_capabilities/share/moveit_task_constructor_capabilities/hook/ld_library_path_lib.ps1'
[4.174s] INFO:colcon.colcon_core.shell:Creating environment descriptor '/home/devika/robo_ws/install/moveit_task_constructor_capabilities/share/moveit_task_constructor_capabilities/hook/ld_library_path_lib.dsv'
[4.175s] INFO:colcon.colcon_core.shell:Creating environment hook '/home/devika/robo_ws/install/moveit_task_constructor_capabilities/share/moveit_task_constructor_capabilities/hook/ld_library_path_lib.sh'
[4.176s] Level 1:colcon.colcon_core.environment:checking '/home/devika/robo_ws/install/moveit_task_constructor_capabilities/bin'
[4.176s] Level 1:colcon.colcon_core.environment:checking '/home/devika/robo_ws/install/moveit_task_constructor_capabilities/lib/pkgconfig/moveit_task_constructor_capabilities.pc'
[4.176s] Level 1:colcon.colcon_core.environment:checking '/home/devika/robo_ws/install/moveit_task_constructor_capabilities/lib/python3.10/site-packages'
[4.177s] Level 1:colcon.colcon_core.environment:checking '/home/devika/robo_ws/install/moveit_task_constructor_capabilities/bin'
[4.177s] INFO:colcon.colcon_core.shell:Creating package script '/home/devika/robo_ws/install/moveit_task_constructor_capabilities/share/moveit_task_constructor_capabilities/package.ps1'
[4.179s] INFO:colcon.colcon_core.shell:Creating package descriptor '/home/devika/robo_ws/install/moveit_task_constructor_capabilities/share/moveit_task_constructor_capabilities/package.dsv'
[4.180s] INFO:colcon.colcon_core.shell:Creating package script '/home/devika/robo_ws/install/moveit_task_constructor_capabilities/share/moveit_task_constructor_capabilities/package.sh'
[4.181s] INFO:colcon.colcon_core.shell:Creating package script '/home/devika/robo_ws/install/moveit_task_constructor_capabilities/share/moveit_task_constructor_capabilities/package.bash'
[4.182s] INFO:colcon.colcon_core.shell:Creating package script '/home/devika/robo_ws/install/moveit_task_constructor_capabilities/share/moveit_task_constructor_capabilities/package.zsh'
[4.183s] Level 1:colcon.colcon_core.environment:create_file_with_runtime_dependencies(/home/devika/robo_ws/install/moveit_task_constructor_capabilities/share/colcon-core/packages/moveit_task_constructor_capabilities)
[4.184s] INFO:colcon.colcon_ros.task.ament_cmake.build:Building ROS package in '/home/devika/robo_ws/src/moveit_task_constructor/demo' with build type 'ament_cmake'
[4.184s] INFO:colcon.colcon_cmake.task.cmake.build:Building CMake package in '/home/devika/robo_ws/src/moveit_task_constructor/demo'
[4.185s] INFO:colcon.colcon_core.shell:Skip shell extension 'powershell' for command environment: Not usable outside of PowerShell
[4.185s] DEBUG:colcon.colcon_core.shell:Skip shell extension 'dsv' for command environment
[4.266s] DEBUG:colcon.colcon_core.event_handler.log_command:Invoking command in '/home/devika/robo_ws/build/moveit_task_constructor_demo': CMAKE_MODULE_PATH=/home/devika/robo_ws/install/moveit_task_constructor_core/share/moveit_task_constructor_core/cmake:/home/devika/robo_ws/install/warehouse_ros_mongo/share/warehouse_ros_mongo/cmake CMAKE_PREFIX_PATH=/home/devika/robo_ws/install/moveit_task_constructor_capabilities:/home/devika/robo_ws/install/moveit_task_constructor_core:/home/devika/robo_ws/install/rviz_marker_tools:/home/devika/robo_ws/install/moveit_task_constructor_msgs:/home/devika/robo_ws/install/urdf_humble_test_moveit_config:/home/devika/robo_ws/install/warehouse_ros_mongo:/home/devika/robo_ws/install/urdf_humble_test:/home/devika/robo_ws/install/moveit_task_constructor_visualization:/home/devika/robo_ws/install/moveit_task_constructor_demo:/home/devika/robo_ws/install/hello_moveit_task_constructor:/home/devika/robo_ws/install/hello_moveit:/home/devika/robo_ws/install/gazebo_ros2_control:/home/devika/manga_ws/install/urdf_humble_test_moveit_config:/home/devika/manga_ws/install/urdf_humble_test:/home/devika/manga_ws/install/hello_moveit:/home/devika/some_ws/install/motoman_hc10_support:/home/devika/some_ws/install/motoman_resources:/home/devika/some_ws/install/hello_moveit:/home/devika/some_ws/install/hc20_sim_moveit_config:/home/devika/some_ws/install/hc20_moveit_config:/home/devika/some_ws/install/hc10_movit2v3:/home/devika/some_ws/install/hc10dt_moveit_config:/home/devika/robo_ws/install/perception_vision:/home/devika/robo_ws/install/cylinder_position_estimator:/opt/ros/humble LD_LIBRARY_PATH=/home/devika/robo_ws/install/moveit_task_constructor_capabilities/lib:/home/devika/robo_ws/install/moveit_task_constructor_core/lib:/home/devika/robo_ws/install/rviz_marker_tools/lib:/home/devika/robo_ws/install/moveit_task_constructor_msgs/lib:/home/devika/robo_ws/install/warehouse_ros_mongo/lib:/home/devika/robo_ws/install/moveit_task_constructor_visualization/lib:/home/devika/robo_ws/install/moveit_task_constructor_demo/lib:/home/devika/robo_ws/install/hello_moveit_task_constructor/lib:/home/devika/robo_ws/install/gazebo_ros2_control/lib:/usr/lib/x86_64-linux-gnu/gazebo-11/plugins:/opt/ros/humble/opt/rviz_ogre_vendor/lib:/opt/ros/humble/lib/x86_64-linux-gnu:/opt/ros/humble/lib:/usr/share/gazebo/../../lib/x86_64-linux-gnu/gazebo-11/plugins /usr/bin/cmake --build /home/devika/robo_ws/build/moveit_task_constructor_demo -- -j8 -l8
[4.273s] DEBUG:colcon.colcon_core.event_handler.log_command:Invoked command in '/home/devika/robo_ws/build/hello_moveit_task_constructor' returned '0': CMAKE_MODULE_PATH=/home/devika/robo_ws/install/moveit_task_constructor_core/share/moveit_task_constructor_core/cmake:/home/devika/robo_ws/install/warehouse_ros_mongo/share/warehouse_ros_mongo/cmake CMAKE_PREFIX_PATH=/home/devika/robo_ws/install/moveit_task_constructor_core:/home/devika/robo_ws/install/rviz_marker_tools:/home/devika/robo_ws/install/moveit_task_constructor_msgs:/home/devika/robo_ws/install/urdf_humble_test_moveit_config:/home/devika/robo_ws/install/warehouse_ros_mongo:/home/devika/robo_ws/install/urdf_humble_test:/home/devika/robo_ws/install/moveit_task_constructor_visualization:/home/devika/robo_ws/install/moveit_task_constructor_demo:/home/devika/robo_ws/install/moveit_task_constructor_capabilities:/home/devika/robo_ws/install/hello_moveit_task_constructor:/home/devika/robo_ws/install/hello_moveit:/home/devika/robo_ws/install/gazebo_ros2_control:/home/devika/manga_ws/install/urdf_humble_test_moveit_config:/home/devika/manga_ws/install/urdf_humble_test:/home/devika/manga_ws/install/hello_moveit:/home/devika/some_ws/install/motoman_hc10_support:/home/devika/some_ws/install/motoman_resources:/home/devika/some_ws/install/hello_moveit:/home/devika/some_ws/install/hc20_sim_moveit_config:/home/devika/some_ws/install/hc20_moveit_config:/home/devika/some_ws/install/hc10_movit2v3:/home/devika/some_ws/install/hc10dt_moveit_config:/home/devika/robo_ws/install/perception_vision:/home/devika/robo_ws/install/cylinder_position_estimator:/opt/ros/humble LD_LIBRARY_PATH=/home/devika/robo_ws/install/moveit_task_constructor_core/lib:/home/devika/robo_ws/install/rviz_marker_tools/lib:/home/devika/robo_ws/install/moveit_task_constructor_msgs/lib:/home/devika/robo_ws/install/warehouse_ros_mongo/lib:/home/devika/robo_ws/install/moveit_task_constructor_visualization/lib:/home/devika/robo_ws/install/moveit_task_constructor_demo/lib:/home/devika/robo_ws/install/moveit_task_constructor_capabilities/lib:/home/devika/robo_ws/install/hello_moveit_task_constructor/lib:/home/devika/robo_ws/install/gazebo_ros2_control/lib:/usr/lib/x86_64-linux-gnu/gazebo-11/plugins:/opt/ros/humble/opt/rviz_ogre_vendor/lib:/opt/ros/humble/lib/x86_64-linux-gnu:/opt/ros/humble/lib:/usr/share/gazebo/../../lib/x86_64-linux-gnu/gazebo-11/plugins /usr/bin/cmake --build /home/devika/robo_ws/build/hello_moveit_task_constructor -- -j8 -l8
[4.279s] DEBUG:colcon.colcon_core.event_handler.log_command:Invoking command in '/home/devika/robo_ws/build/hello_moveit_task_constructor': CMAKE_MODULE_PATH=/home/devika/robo_ws/install/moveit_task_constructor_core/share/moveit_task_constructor_core/cmake:/home/devika/robo_ws/install/warehouse_ros_mongo/share/warehouse_ros_mongo/cmake CMAKE_PREFIX_PATH=/home/devika/robo_ws/install/moveit_task_constructor_core:/home/devika/robo_ws/install/rviz_marker_tools:/home/devika/robo_ws/install/moveit_task_constructor_msgs:/home/devika/robo_ws/install/urdf_humble_test_moveit_config:/home/devika/robo_ws/install/warehouse_ros_mongo:/home/devika/robo_ws/install/urdf_humble_test:/home/devika/robo_ws/install/moveit_task_constructor_visualization:/home/devika/robo_ws/install/moveit_task_constructor_demo:/home/devika/robo_ws/install/moveit_task_constructor_capabilities:/home/devika/robo_ws/install/hello_moveit_task_constructor:/home/devika/robo_ws/install/hello_moveit:/home/devika/robo_ws/install/gazebo_ros2_control:/home/devika/manga_ws/install/urdf_humble_test_moveit_config:/home/devika/manga_ws/install/urdf_humble_test:/home/devika/manga_ws/install/hello_moveit:/home/devika/some_ws/install/motoman_hc10_support:/home/devika/some_ws/install/motoman_resources:/home/devika/some_ws/install/hello_moveit:/home/devika/some_ws/install/hc20_sim_moveit_config:/home/devika/some_ws/install/hc20_moveit_config:/home/devika/some_ws/install/hc10_movit2v3:/home/devika/some_ws/install/hc10dt_moveit_config:/home/devika/robo_ws/install/perception_vision:/home/devika/robo_ws/install/cylinder_position_estimator:/opt/ros/humble LD_LIBRARY_PATH=/home/devika/robo_ws/install/moveit_task_constructor_core/lib:/home/devika/robo_ws/install/rviz_marker_tools/lib:/home/devika/robo_ws/install/moveit_task_constructor_msgs/lib:/home/devika/robo_ws/install/warehouse_ros_mongo/lib:/home/devika/robo_ws/install/moveit_task_constructor_visualization/lib:/home/devika/robo_ws/install/moveit_task_constructor_demo/lib:/home/devika/robo_ws/install/moveit_task_constructor_capabilities/lib:/home/devika/robo_ws/install/hello_moveit_task_constructor/lib:/home/devika/robo_ws/install/gazebo_ros2_control/lib:/usr/lib/x86_64-linux-gnu/gazebo-11/plugins:/opt/ros/humble/opt/rviz_ogre_vendor/lib:/opt/ros/humble/lib/x86_64-linux-gnu:/opt/ros/humble/lib:/usr/share/gazebo/../../lib/x86_64-linux-gnu/gazebo-11/plugins /usr/bin/cmake --install /home/devika/robo_ws/build/hello_moveit_task_constructor
[4.300s] Level 1:colcon.colcon_core.environment:checking '/home/devika/robo_ws/install/cylinder_position_estimator' for CMake module files
[4.301s] DEBUG:colcon.colcon_core.event_handler.log_command:Invoked command in '/home/devika/robo_ws/src/cylinder_position_estimator' returned '0': PYTHONPATH=/home/devika/robo_ws/build/cylinder_position_estimator/prefix_override:/usr/lib/python3/dist-packages/colcon_core/task/python/colcon_distutils_commands:/home/devika/robo_ws/install/cylinder_position_estimator/lib/python3.10/site-packages:${PYTHONPATH} /usr/bin/python3 -W ignore:setup.py install is deprecated -W ignore:easy_install command is deprecated setup.py egg_info --egg-base ../../build/cylinder_position_estimator build --build-base /home/devika/robo_ws/build/cylinder_position_estimator/build install --record /home/devika/robo_ws/build/cylinder_position_estimator/install.log --single-version-externally-managed install_data
[4.303s] Level 1:colcon.colcon_core.environment:checking '/home/devika/robo_ws/install/cylinder_position_estimator' for CMake config files
[4.309s] Level 1:colcon.colcon_core.environment:checking '/home/devika/robo_ws/install/cylinder_position_estimator/lib'
[4.313s] Level 1:colcon.colcon_core.environment:checking '/home/devika/robo_ws/install/cylinder_position_estimator/bin'
[4.313s] Level 1:colcon.colcon_core.environment:checking '/home/devika/robo_ws/install/cylinder_position_estimator/lib/pkgconfig/cylinder_position_estimator.pc'
[4.314s] Level 1:colcon.colcon_core.environment:checking '/home/devika/robo_ws/install/cylinder_position_estimator/lib/python3.10/site-packages'
[4.314s] Level 1:colcon.colcon_core.shell:create_environment_hook('cylinder_position_estimator', 'pythonpath')
[4.314s] INFO:colcon.colcon_core.shell:Creating environment hook '/home/devika/robo_ws/install/cylinder_position_estimator/share/cylinder_position_estimator/hook/pythonpath.ps1'
[4.317s] INFO:colcon.colcon_core.shell:Creating environment descriptor '/home/devika/robo_ws/install/cylinder_position_estimator/share/cylinder_position_estimator/hook/pythonpath.dsv'
[4.318s] INFO:colcon.colcon_core.shell:Creating environment hook '/home/devika/robo_ws/install/cylinder_position_estimator/share/cylinder_position_estimator/hook/pythonpath.sh'
[4.319s] Level 1:colcon.colcon_core.environment:checking '/home/devika/robo_ws/install/cylinder_position_estimator/bin'
[4.319s] Level 1:colcon.colcon_core.environment:create_environment_scripts_only(cylinder_position_estimator)
[4.320s] INFO:colcon.colcon_core.shell:Creating package script '/home/devika/robo_ws/install/cylinder_position_estimator/share/cylinder_position_estimator/package.ps1'
[4.321s] INFO:colcon.colcon_core.shell:Creating package descriptor '/home/devika/robo_ws/install/cylinder_position_estimator/share/cylinder_position_estimator/package.dsv'
[4.322s] INFO:colcon.colcon_core.shell:Creating package script '/home/devika/robo_ws/install/cylinder_position_estimator/share/cylinder_position_estimator/package.sh'
[4.323s] INFO:colcon.colcon_core.shell:Creating package script '/home/devika/robo_ws/install/cylinder_position_estimator/share/cylinder_position_estimator/package.bash'
[4.324s] INFO:colcon.colcon_core.shell:Creating package script '/home/devika/robo_ws/install/cylinder_position_estimator/share/cylinder_position_estimator/package.zsh'
[4.325s] Level 1:colcon.colcon_core.environment:create_file_with_runtime_dependencies(/home/devika/robo_ws/install/cylinder_position_estimator/share/colcon-core/packages/cylinder_position_estimator)
[4.328s] Level 1:colcon.colcon_core.environment:create_environment_scripts_only(hello_moveit_task_constructor)
[4.329s] Level 1:colcon.colcon_core.environment:checking '/home/devika/robo_ws/install/hello_moveit_task_constructor' for CMake module files
[4.331s] DEBUG:colcon.colcon_core.event_handler.log_command:Invoked command in '/home/devika/robo_ws/build/hello_moveit_task_constructor' returned '0': CMAKE_MODULE_PATH=/home/devika/robo_ws/install/moveit_task_constructor_core/share/moveit_task_constructor_core/cmake:/home/devika/robo_ws/install/warehouse_ros_mongo/share/warehouse_ros_mongo/cmake CMAKE_PREFIX_PATH=/home/devika/robo_ws/install/moveit_task_constructor_core:/home/devika/robo_ws/install/rviz_marker_tools:/home/devika/robo_ws/install/moveit_task_constructor_msgs:/home/devika/robo_ws/install/urdf_humble_test_moveit_config:/home/devika/robo_ws/install/warehouse_ros_mongo:/home/devika/robo_ws/install/urdf_humble_test:/home/devika/robo_ws/install/moveit_task_constructor_visualization:/home/devika/robo_ws/install/moveit_task_constructor_demo:/home/devika/robo_ws/install/moveit_task_constructor_capabilities:/home/devika/robo_ws/install/hello_moveit_task_constructor:/home/devika/robo_ws/install/hello_moveit:/home/devika/robo_ws/install/gazebo_ros2_control:/home/devika/manga_ws/install/urdf_humble_test_moveit_config:/home/devika/manga_ws/install/urdf_humble_test:/home/devika/manga_ws/install/hello_moveit:/home/devika/some_ws/install/motoman_hc10_support:/home/devika/some_ws/install/motoman_resources:/home/devika/some_ws/install/hello_moveit:/home/devika/some_ws/install/hc20_sim_moveit_config:/home/devika/some_ws/install/hc20_moveit_config:/home/devika/some_ws/install/hc10_movit2v3:/home/devika/some_ws/install/hc10dt_moveit_config:/home/devika/robo_ws/install/perception_vision:/home/devika/robo_ws/install/cylinder_position_estimator:/opt/ros/humble LD_LIBRARY_PATH=/home/devika/robo_ws/install/moveit_task_constructor_core/lib:/home/devika/robo_ws/install/rviz_marker_tools/lib:/home/devika/robo_ws/install/moveit_task_constructor_msgs/lib:/home/devika/robo_ws/install/warehouse_ros_mongo/lib:/home/devika/robo_ws/install/moveit_task_constructor_visualization/lib:/home/devika/robo_ws/install/moveit_task_constructor_demo/lib:/home/devika/robo_ws/install/moveit_task_constructor_capabilities/lib:/home/devika/robo_ws/install/hello_moveit_task_constructor/lib:/home/devika/robo_ws/install/gazebo_ros2_control/lib:/usr/lib/x86_64-linux-gnu/gazebo-11/plugins:/opt/ros/humble/opt/rviz_ogre_vendor/lib:/opt/ros/humble/lib/x86_64-linux-gnu:/opt/ros/humble/lib:/usr/share/gazebo/../../lib/x86_64-linux-gnu/gazebo-11/plugins /usr/bin/cmake --install /home/devika/robo_ws/build/hello_moveit_task_constructor
[4.332s] Level 1:colcon.colcon_core.environment:checking '/home/devika/robo_ws/install/hello_moveit_task_constructor' for CMake config files
[4.332s] Level 1:colcon.colcon_core.shell:create_environment_hook('hello_moveit_task_constructor', 'cmake_prefix_path')
[4.333s] INFO:colcon.colcon_core.shell:Creating environment hook '/home/devika/robo_ws/install/hello_moveit_task_constructor/share/hello_moveit_task_constructor/hook/cmake_prefix_path.ps1'
[4.334s] INFO:colcon.colcon_core.shell:Creating environment descriptor '/home/devika/robo_ws/install/hello_moveit_task_constructor/share/hello_moveit_task_constructor/hook/cmake_prefix_path.dsv'
[4.335s] INFO:colcon.colcon_core.shell:Creating environment hook '/home/devika/robo_ws/install/hello_moveit_task_constructor/share/hello_moveit_task_constructor/hook/cmake_prefix_path.sh'
[4.338s] Level 1:colcon.colcon_core.environment:checking '/home/devika/robo_ws/install/hello_moveit_task_constructor/lib'
[4.338s] Level 1:colcon.colcon_core.shell:create_environment_hook('hello_moveit_task_constructor', 'ld_library_path_lib')
[4.339s] INFO:colcon.colcon_core.shell:Creating environment hook '/home/devika/robo_ws/install/hello_moveit_task_constructor/share/hello_moveit_task_constructor/hook/ld_library_path_lib.ps1'
[4.341s] INFO:colcon.colcon_core.shell:Creating environment descriptor '/home/devika/robo_ws/install/hello_moveit_task_constructor/share/hello_moveit_task_constructor/hook/ld_library_path_lib.dsv'
[4.342s] INFO:colcon.colcon_core.shell:Creating environment hook '/home/devika/robo_ws/install/hello_moveit_task_constructor/share/hello_moveit_task_constructor/hook/ld_library_path_lib.sh'
[4.343s] Level 1:colcon.colcon_core.environment:checking '/home/devika/robo_ws/install/hello_moveit_task_constructor/bin'
[4.343s] Level 1:colcon.colcon_core.environment:checking '/home/devika/robo_ws/install/hello_moveit_task_constructor/lib/pkgconfig/hello_moveit_task_constructor.pc'
[4.344s] Level 1:colcon.colcon_core.environment:checking '/home/devika/robo_ws/install/hello_moveit_task_constructor/lib/python3.10/site-packages'
[4.344s] Level 1:colcon.colcon_core.environment:checking '/home/devika/robo_ws/install/hello_moveit_task_constructor/bin'
[4.345s] INFO:colcon.colcon_core.shell:Creating package script '/home/devika/robo_ws/install/hello_moveit_task_constructor/share/hello_moveit_task_constructor/package.ps1'
[4.346s] INFO:colcon.colcon_core.shell:Creating package descriptor '/home/devika/robo_ws/install/hello_moveit_task_constructor/share/hello_moveit_task_constructor/package.dsv'
[4.348s] INFO:colcon.colcon_core.shell:Creating package script '/home/devika/robo_ws/install/hello_moveit_task_constructor/share/hello_moveit_task_constructor/package.sh'
[4.350s] INFO:colcon.colcon_core.shell:Creating package script '/home/devika/robo_ws/install/hello_moveit_task_constructor/share/hello_moveit_task_constructor/package.bash'
[4.358s] INFO:colcon.colcon_core.shell:Creating package script '/home/devika/robo_ws/install/hello_moveit_task_constructor/share/hello_moveit_task_constructor/package.zsh'
[4.362s] Level 1:colcon.colcon_core.environment:create_file_with_runtime_dependencies(/home/devika/robo_ws/install/hello_moveit_task_constructor/share/colcon-core/packages/hello_moveit_task_constructor)
[4.368s] Level 1:colcon.colcon_core.environment:create_environment_scripts_only(hello_moveit_task_constructor)
[4.368s] Level 1:colcon.colcon_core.environment:checking '/home/devika/robo_ws/install/hello_moveit_task_constructor' for CMake module files
[4.373s] Level 1:colcon.colcon_core.environment:checking '/home/devika/robo_ws/install/hello_moveit_task_constructor' for CMake config files
[4.375s] Level 1:colcon.colcon_core.shell:create_environment_hook('hello_moveit_task_constructor', 'cmake_prefix_path')
[4.378s] INFO:colcon.colcon_core.shell:Creating environment hook '/home/devika/robo_ws/install/hello_moveit_task_constructor/share/hello_moveit_task_constructor/hook/cmake_prefix_path.ps1'
[4.382s] INFO:colcon.colcon_core.shell:Creating environment descriptor '/home/devika/robo_ws/install/hello_moveit_task_constructor/share/hello_moveit_task_constructor/hook/cmake_prefix_path.dsv'
[4.384s] INFO:colcon.colcon_core.shell:Creating environment hook '/home/devika/robo_ws/install/hello_moveit_task_constructor/share/hello_moveit_task_constructor/hook/cmake_prefix_path.sh'
[4.388s] Level 1:colcon.colcon_core.environment:checking '/home/devika/robo_ws/install/hello_moveit_task_constructor/lib'
[4.389s] Level 1:colcon.colcon_core.shell:create_environment_hook('hello_moveit_task_constructor', 'ld_library_path_lib')
[4.389s] INFO:colcon.colcon_core.shell:Creating environment hook '/home/devika/robo_ws/install/hello_moveit_task_constructor/share/hello_moveit_task_constructor/hook/ld_library_path_lib.ps1'
[4.391s] INFO:colcon.colcon_core.shell:Creating environment descriptor '/home/devika/robo_ws/install/hello_moveit_task_constructor/share/hello_moveit_task_constructor/hook/ld_library_path_lib.dsv'
[4.392s] INFO:colcon.colcon_core.shell:Creating environment hook '/home/devika/robo_ws/install/hello_moveit_task_constructor/share/hello_moveit_task_constructor/hook/ld_library_path_lib.sh'
[4.393s] Level 1:colcon.colcon_core.environment:checking '/home/devika/robo_ws/install/hello_moveit_task_constructor/bin'
[4.393s] Level 1:colcon.colcon_core.environment:checking '/home/devika/robo_ws/install/hello_moveit_task_constructor/lib/pkgconfig/hello_moveit_task_constructor.pc'
[4.394s] Level 1:colcon.colcon_core.environment:checking '/home/devika/robo_ws/install/hello_moveit_task_constructor/lib/python3.10/site-packages'
[4.394s] Level 1:colcon.colcon_core.environment:checking '/home/devika/robo_ws/install/hello_moveit_task_constructor/bin'
[4.395s] INFO:colcon.colcon_core.shell:Creating package script '/home/devika/robo_ws/install/hello_moveit_task_constructor/share/hello_moveit_task_constructor/package.ps1'
[4.397s] INFO:colcon.colcon_core.shell:Creating package descriptor '/home/devika/robo_ws/install/hello_moveit_task_constructor/share/hello_moveit_task_constructor/package.dsv'
[4.398s] INFO:colcon.colcon_core.shell:Creating package script '/home/devika/robo_ws/install/hello_moveit_task_constructor/share/hello_moveit_task_constructor/package.sh'
[4.399s] INFO:colcon.colcon_core.shell:Creating package script '/home/devika/robo_ws/install/hello_moveit_task_constructor/share/hello_moveit_task_constructor/package.bash'
[4.400s] INFO:colcon.colcon_core.shell:Creating package script '/home/devika/robo_ws/install/hello_moveit_task_constructor/share/hello_moveit_task_constructor/package.zsh'
[4.401s] Level 1:colcon.colcon_core.environment:create_file_with_runtime_dependencies(/home/devika/robo_ws/install/hello_moveit_task_constructor/share/colcon-core/packages/hello_moveit_task_constructor)
[4.403s] Level 1:colcon.colcon_core.environment:checking '/home/devika/robo_ws/install/perception_vision' for CMake module files
[4.404s] Level 1:colcon.colcon_core.environment:checking '/home/devika/robo_ws/install/perception_vision' for CMake config files
[4.405s] DEBUG:colcon.colcon_core.event_handler.log_command:Invoked command in '/home/devika/robo_ws/src/perception_vision' returned '0': PYTHONPATH=/home/devika/robo_ws/build/perception_vision/prefix_override:/usr/lib/python3/dist-packages/colcon_core/task/python/colcon_distutils_commands:/home/devika/robo_ws/install/perception_vision/lib/python3.10/site-packages:${PYTHONPATH} /usr/bin/python3 -W ignore:setup.py install is deprecated -W ignore:easy_install command is deprecated setup.py egg_info --egg-base ../../build/perception_vision build --build-base /home/devika/robo_ws/build/perception_vision/build install --record /home/devika/robo_ws/build/perception_vision/install.log --single-version-externally-managed install_data
[4.406s] Level 1:colcon.colcon_core.environment:checking '/home/devika/robo_ws/install/perception_vision/lib'
[4.406s] Level 1:colcon.colcon_core.environment:checking '/home/devika/robo_ws/install/perception_vision/bin'
[4.406s] Level 1:colcon.colcon_core.environment:checking '/home/devika/robo_ws/install/perception_vision/lib/pkgconfig/perception_vision.pc'
[4.407s] Level 1:colcon.colcon_core.environment:checking '/home/devika/robo_ws/install/perception_vision/lib/python3.10/site-packages'
[4.407s] Level 1:colcon.colcon_core.shell:create_environment_hook('perception_vision', 'pythonpath')
[4.407s] INFO:colcon.colcon_core.shell:Creating environment hook '/home/devika/robo_ws/install/perception_vision/share/perception_vision/hook/pythonpath.ps1'
[4.408s] INFO:colcon.colcon_core.shell:Creating environment descriptor '/home/devika/robo_ws/install/perception_vision/share/perception_vision/hook/pythonpath.dsv'
[4.410s] INFO:colcon.colcon_core.shell:Creating environment hook '/home/devika/robo_ws/install/perception_vision/share/perception_vision/hook/pythonpath.sh'
[4.412s] Level 1:colcon.colcon_core.environment:checking '/home/devika/robo_ws/install/perception_vision/bin'
[4.412s] Level 1:colcon.colcon_core.environment:create_environment_scripts_only(perception_vision)
[4.413s] INFO:colcon.colcon_core.shell:Creating package script '/home/devika/robo_ws/install/perception_vision/share/perception_vision/package.ps1'
[4.414s] INFO:colcon.colcon_core.shell:Creating package descriptor '/home/devika/robo_ws/install/perception_vision/share/perception_vision/package.dsv'
[4.415s] INFO:colcon.colcon_core.shell:Creating package script '/home/devika/robo_ws/install/perception_vision/share/perception_vision/package.sh'
[4.417s] INFO:colcon.colcon_core.shell:Creating package script '/home/devika/robo_ws/install/perception_vision/share/perception_vision/package.bash'
[4.421s] INFO:colcon.colcon_core.shell:Creating package script '/home/devika/robo_ws/install/perception_vision/share/perception_vision/package.zsh'
[4.423s] Level 1:colcon.colcon_core.environment:create_file_with_runtime_dependencies(/home/devika/robo_ws/install/perception_vision/share/colcon-core/packages/perception_vision)
[4.596s] DEBUG:colcon.colcon_core.event_handler.log_command:Invoked command in '/home/devika/robo_ws/build/moveit_task_constructor_demo' returned '0': CMAKE_MODULE_PATH=/home/devika/robo_ws/install/moveit_task_constructor_core/share/moveit_task_constructor_core/cmake:/home/devika/robo_ws/install/warehouse_ros_mongo/share/warehouse_ros_mongo/cmake CMAKE_PREFIX_PATH=/home/devika/robo_ws/install/moveit_task_constructor_capabilities:/home/devika/robo_ws/install/moveit_task_constructor_core:/home/devika/robo_ws/install/rviz_marker_tools:/home/devika/robo_ws/install/moveit_task_constructor_msgs:/home/devika/robo_ws/install/urdf_humble_test_moveit_config:/home/devika/robo_ws/install/warehouse_ros_mongo:/home/devika/robo_ws/install/urdf_humble_test:/home/devika/robo_ws/install/moveit_task_constructor_visualization:/home/devika/robo_ws/install/moveit_task_constructor_demo:/home/devika/robo_ws/install/hello_moveit_task_constructor:/home/devika/robo_ws/install/hello_moveit:/home/devika/robo_ws/install/gazebo_ros2_control:/home/devika/manga_ws/install/urdf_humble_test_moveit_config:/home/devika/manga_ws/install/urdf_humble_test:/home/devika/manga_ws/install/hello_moveit:/home/devika/some_ws/install/motoman_hc10_support:/home/devika/some_ws/install/motoman_resources:/home/devika/some_ws/install/hello_moveit:/home/devika/some_ws/install/hc20_sim_moveit_config:/home/devika/some_ws/install/hc20_moveit_config:/home/devika/some_ws/install/hc10_movit2v3:/home/devika/some_ws/install/hc10dt_moveit_config:/home/devika/robo_ws/install/perception_vision:/home/devika/robo_ws/install/cylinder_position_estimator:/opt/ros/humble LD_LIBRARY_PATH=/home/devika/robo_ws/install/moveit_task_constructor_capabilities/lib:/home/devika/robo_ws/install/moveit_task_constructor_core/lib:/home/devika/robo_ws/install/rviz_marker_tools/lib:/home/devika/robo_ws/install/moveit_task_constructor_msgs/lib:/home/devika/robo_ws/install/warehouse_ros_mongo/lib:/home/devika/robo_ws/install/moveit_task_constructor_visualization/lib:/home/devika/robo_ws/install/moveit_task_constructor_demo/lib:/home/devika/robo_ws/install/hello_moveit_task_constructor/lib:/home/devika/robo_ws/install/gazebo_ros2_control/lib:/usr/lib/x86_64-linux-gnu/gazebo-11/plugins:/opt/ros/humble/opt/rviz_ogre_vendor/lib:/opt/ros/humble/lib/x86_64-linux-gnu:/opt/ros/humble/lib:/usr/share/gazebo/../../lib/x86_64-linux-gnu/gazebo-11/plugins /usr/bin/cmake --build /home/devika/robo_ws/build/moveit_task_constructor_demo -- -j8 -l8
[4.598s] DEBUG:colcon.colcon_core.event_handler.log_command:Invoking command in '/home/devika/robo_ws/build/moveit_task_constructor_demo': CMAKE_MODULE_PATH=/home/devika/robo_ws/install/moveit_task_constructor_core/share/moveit_task_constructor_core/cmake:/home/devika/robo_ws/install/warehouse_ros_mongo/share/warehouse_ros_mongo/cmake CMAKE_PREFIX_PATH=/home/devika/robo_ws/install/moveit_task_constructor_capabilities:/home/devika/robo_ws/install/moveit_task_constructor_core:/home/devika/robo_ws/install/rviz_marker_tools:/home/devika/robo_ws/install/moveit_task_constructor_msgs:/home/devika/robo_ws/install/urdf_humble_test_moveit_config:/home/devika/robo_ws/install/warehouse_ros_mongo:/home/devika/robo_ws/install/urdf_humble_test:/home/devika/robo_ws/install/moveit_task_constructor_visualization:/home/devika/robo_ws/install/moveit_task_constructor_demo:/home/devika/robo_ws/install/hello_moveit_task_constructor:/home/devika/robo_ws/install/hello_moveit:/home/devika/robo_ws/install/gazebo_ros2_control:/home/devika/manga_ws/install/urdf_humble_test_moveit_config:/home/devika/manga_ws/install/urdf_humble_test:/home/devika/manga_ws/install/hello_moveit:/home/devika/some_ws/install/motoman_hc10_support:/home/devika/some_ws/install/motoman_resources:/home/devika/some_ws/install/hello_moveit:/home/devika/some_ws/install/hc20_sim_moveit_config:/home/devika/some_ws/install/hc20_moveit_config:/home/devika/some_ws/install/hc10_movit2v3:/home/devika/some_ws/install/hc10dt_moveit_config:/home/devika/robo_ws/install/perception_vision:/home/devika/robo_ws/install/cylinder_position_estimator:/opt/ros/humble LD_LIBRARY_PATH=/home/devika/robo_ws/install/moveit_task_constructor_capabilities/lib:/home/devika/robo_ws/install/moveit_task_constructor_core/lib:/home/devika/robo_ws/install/rviz_marker_tools/lib:/home/devika/robo_ws/install/moveit_task_constructor_msgs/lib:/home/devika/robo_ws/install/warehouse_ros_mongo/lib:/home/devika/robo_ws/install/moveit_task_constructor_visualization/lib:/home/devika/robo_ws/install/moveit_task_constructor_demo/lib:/home/devika/robo_ws/install/hello_moveit_task_constructor/lib:/home/devika/robo_ws/install/gazebo_ros2_control/lib:/usr/lib/x86_64-linux-gnu/gazebo-11/plugins:/opt/ros/humble/opt/rviz_ogre_vendor/lib:/opt/ros/humble/lib/x86_64-linux-gnu:/opt/ros/humble/lib:/usr/share/gazebo/../../lib/x86_64-linux-gnu/gazebo-11/plugins /usr/bin/cmake --install /home/devika/robo_ws/build/moveit_task_constructor_demo
[4.623s] Level 1:colcon.colcon_core.environment:create_environment_scripts_only(moveit_task_constructor_demo)
[4.624s] Level 1:colcon.colcon_core.environment:checking '/home/devika/robo_ws/install/moveit_task_constructor_demo' for CMake module files
[4.625s] DEBUG:colcon.colcon_core.event_handler.log_command:Invoked command in '/home/devika/robo_ws/build/moveit_task_constructor_demo' returned '0': CMAKE_MODULE_PATH=/home/devika/robo_ws/install/moveit_task_constructor_core/share/moveit_task_constructor_core/cmake:/home/devika/robo_ws/install/warehouse_ros_mongo/share/warehouse_ros_mongo/cmake CMAKE_PREFIX_PATH=/home/devika/robo_ws/install/moveit_task_constructor_capabilities:/home/devika/robo_ws/install/moveit_task_constructor_core:/home/devika/robo_ws/install/rviz_marker_tools:/home/devika/robo_ws/install/moveit_task_constructor_msgs:/home/devika/robo_ws/install/urdf_humble_test_moveit_config:/home/devika/robo_ws/install/warehouse_ros_mongo:/home/devika/robo_ws/install/urdf_humble_test:/home/devika/robo_ws/install/moveit_task_constructor_visualization:/home/devika/robo_ws/install/moveit_task_constructor_demo:/home/devika/robo_ws/install/hello_moveit_task_constructor:/home/devika/robo_ws/install/hello_moveit:/home/devika/robo_ws/install/gazebo_ros2_control:/home/devika/manga_ws/install/urdf_humble_test_moveit_config:/home/devika/manga_ws/install/urdf_humble_test:/home/devika/manga_ws/install/hello_moveit:/home/devika/some_ws/install/motoman_hc10_support:/home/devika/some_ws/install/motoman_resources:/home/devika/some_ws/install/hello_moveit:/home/devika/some_ws/install/hc20_sim_moveit_config:/home/devika/some_ws/install/hc20_moveit_config:/home/devika/some_ws/install/hc10_movit2v3:/home/devika/some_ws/install/hc10dt_moveit_config:/home/devika/robo_ws/install/perception_vision:/home/devika/robo_ws/install/cylinder_position_estimator:/opt/ros/humble LD_LIBRARY_PATH=/home/devika/robo_ws/install/moveit_task_constructor_capabilities/lib:/home/devika/robo_ws/install/moveit_task_constructor_core/lib:/home/devika/robo_ws/install/rviz_marker_tools/lib:/home/devika/robo_ws/install/moveit_task_constructor_msgs/lib:/home/devika/robo_ws/install/warehouse_ros_mongo/lib:/home/devika/robo_ws/install/moveit_task_constructor_visualization/lib:/home/devika/robo_ws/install/moveit_task_constructor_demo/lib:/home/devika/robo_ws/install/hello_moveit_task_constructor/lib:/home/devika/robo_ws/install/gazebo_ros2_control/lib:/usr/lib/x86_64-linux-gnu/gazebo-11/plugins:/opt/ros/humble/opt/rviz_ogre_vendor/lib:/opt/ros/humble/lib/x86_64-linux-gnu:/opt/ros/humble/lib:/usr/share/gazebo/../../lib/x86_64-linux-gnu/gazebo-11/plugins /usr/bin/cmake --install /home/devika/robo_ws/build/moveit_task_constructor_demo
[4.626s] Level 1:colcon.colcon_core.environment:checking '/home/devika/robo_ws/install/moveit_task_constructor_demo' for CMake config files
[4.627s] Level 1:colcon.colcon_core.shell:create_environment_hook('moveit_task_constructor_demo', 'cmake_prefix_path')
[4.628s] INFO:colcon.colcon_core.shell:Creating environment hook '/home/devika/robo_ws/install/moveit_task_constructor_demo/share/moveit_task_constructor_demo/hook/cmake_prefix_path.ps1'
[4.629s] INFO:colcon.colcon_core.shell:Creating environment descriptor '/home/devika/robo_ws/install/moveit_task_constructor_demo/share/moveit_task_constructor_demo/hook/cmake_prefix_path.dsv'
[4.629s] INFO:colcon.colcon_core.shell:Creating environment hook '/home/devika/robo_ws/install/moveit_task_constructor_demo/share/moveit_task_constructor_demo/hook/cmake_prefix_path.sh'
[4.630s] Level 1:colcon.colcon_core.environment:checking '/home/devika/robo_ws/install/moveit_task_constructor_demo/lib'
[4.630s] Level 1:colcon.colcon_core.shell:create_environment_hook('moveit_task_constructor_demo', 'ld_library_path_lib')
[4.631s] INFO:colcon.colcon_core.shell:Creating environment hook '/home/devika/robo_ws/install/moveit_task_constructor_demo/share/moveit_task_constructor_demo/hook/ld_library_path_lib.ps1'
[4.632s] INFO:colcon.colcon_core.shell:Creating environment descriptor '/home/devika/robo_ws/install/moveit_task_constructor_demo/share/moveit_task_constructor_demo/hook/ld_library_path_lib.dsv'
[4.632s] INFO:colcon.colcon_core.shell:Creating environment hook '/home/devika/robo_ws/install/moveit_task_constructor_demo/share/moveit_task_constructor_demo/hook/ld_library_path_lib.sh'
[4.633s] Level 1:colcon.colcon_core.environment:checking '/home/devika/robo_ws/install/moveit_task_constructor_demo/bin'
[4.633s] Level 1:colcon.colcon_core.environment:checking '/home/devika/robo_ws/install/moveit_task_constructor_demo/lib/pkgconfig/moveit_task_constructor_demo.pc'
[4.634s] Level 1:colcon.colcon_core.environment:checking '/home/devika/robo_ws/install/moveit_task_constructor_demo/lib/python3.10/site-packages'
[4.634s] Level 1:colcon.colcon_core.environment:checking '/home/devika/robo_ws/install/moveit_task_constructor_demo/bin'
[4.635s] INFO:colcon.colcon_core.shell:Creating package script '/home/devika/robo_ws/install/moveit_task_constructor_demo/share/moveit_task_constructor_demo/package.ps1'
[4.636s] INFO:colcon.colcon_core.shell:Creating package descriptor '/home/devika/robo_ws/install/moveit_task_constructor_demo/share/moveit_task_constructor_demo/package.dsv'
[4.637s] INFO:colcon.colcon_core.shell:Creating package script '/home/devika/robo_ws/install/moveit_task_constructor_demo/share/moveit_task_constructor_demo/package.sh'
[4.638s] INFO:colcon.colcon_core.shell:Creating package script '/home/devika/robo_ws/install/moveit_task_constructor_demo/share/moveit_task_constructor_demo/package.bash'
[4.638s] INFO:colcon.colcon_core.shell:Creating package script '/home/devika/robo_ws/install/moveit_task_constructor_demo/share/moveit_task_constructor_demo/package.zsh'
[4.639s] Level 1:colcon.colcon_core.environment:create_file_with_runtime_dependencies(/home/devika/robo_ws/install/moveit_task_constructor_demo/share/colcon-core/packages/moveit_task_constructor_demo)
[4.640s] Level 1:colcon.colcon_core.environment:create_environment_scripts_only(moveit_task_constructor_demo)
[4.640s] Level 1:colcon.colcon_core.environment:checking '/home/devika/robo_ws/install/moveit_task_constructor_demo' for CMake module files
[4.641s] Level 1:colcon.colcon_core.environment:checking '/home/devika/robo_ws/install/moveit_task_constructor_demo' for CMake config files
[4.642s] Level 1:colcon.colcon_core.shell:create_environment_hook('moveit_task_constructor_demo', 'cmake_prefix_path')
[4.642s] INFO:colcon.colcon_core.shell:Creating environment hook '/home/devika/robo_ws/install/moveit_task_constructor_demo/share/moveit_task_constructor_demo/hook/cmake_prefix_path.ps1'
[4.643s] INFO:colcon.colcon_core.shell:Creating environment descriptor '/home/devika/robo_ws/install/moveit_task_constructor_demo/share/moveit_task_constructor_demo/hook/cmake_prefix_path.dsv'
[4.644s] INFO:colcon.colcon_core.shell:Creating environment hook '/home/devika/robo_ws/install/moveit_task_constructor_demo/share/moveit_task_constructor_demo/hook/cmake_prefix_path.sh'
[4.645s] Level 1:colcon.colcon_core.environment:checking '/home/devika/robo_ws/install/moveit_task_constructor_demo/lib'
[4.645s] Level 1:colcon.colcon_core.shell:create_environment_hook('moveit_task_constructor_demo', 'ld_library_path_lib')
[4.646s] INFO:colcon.colcon_core.shell:Creating environment hook '/home/devika/robo_ws/install/moveit_task_constructor_demo/share/moveit_task_constructor_demo/hook/ld_library_path_lib.ps1'
[4.647s] INFO:colcon.colcon_core.shell:Creating environment descriptor '/home/devika/robo_ws/install/moveit_task_constructor_demo/share/moveit_task_constructor_demo/hook/ld_library_path_lib.dsv'
[4.648s] INFO:colcon.colcon_core.shell:Creating environment hook '/home/devika/robo_ws/install/moveit_task_constructor_demo/share/moveit_task_constructor_demo/hook/ld_library_path_lib.sh'
[4.648s] Level 1:colcon.colcon_core.environment:checking '/home/devika/robo_ws/install/moveit_task_constructor_demo/bin'
[4.649s] Level 1:colcon.colcon_core.environment:checking '/home/devika/robo_ws/install/moveit_task_constructor_demo/lib/pkgconfig/moveit_task_constructor_demo.pc'
[4.649s] Level 1:colcon.colcon_core.environment:checking '/home/devika/robo_ws/install/moveit_task_constructor_demo/lib/python3.10/site-packages'
[4.649s] Level 1:colcon.colcon_core.environment:checking '/home/devika/robo_ws/install/moveit_task_constructor_demo/bin'
[4.650s] INFO:colcon.colcon_core.shell:Creating package script '/home/devika/robo_ws/install/moveit_task_constructor_demo/share/moveit_task_constructor_demo/package.ps1'
[4.651s] INFO:colcon.colcon_core.shell:Creating package descriptor '/home/devika/robo_ws/install/moveit_task_constructor_demo/share/moveit_task_constructor_demo/package.dsv'
[4.652s] INFO:colcon.colcon_core.shell:Creating package script '/home/devika/robo_ws/install/moveit_task_constructor_demo/share/moveit_task_constructor_demo/package.sh'
[4.653s] INFO:colcon.colcon_core.shell:Creating package script '/home/devika/robo_ws/install/moveit_task_constructor_demo/share/moveit_task_constructor_demo/package.bash'
[4.655s] INFO:colcon.colcon_core.shell:Creating package script '/home/devika/robo_ws/install/moveit_task_constructor_demo/share/moveit_task_constructor_demo/package.zsh'
[4.656s] Level 1:colcon.colcon_core.environment:create_file_with_runtime_dependencies(/home/devika/robo_ws/install/moveit_task_constructor_demo/share/colcon-core/packages/moveit_task_constructor_demo)
[4.736s] DEBUG:colcon.colcon_core.event_handler.log_command:Invoked command in '/home/devika/robo_ws/build/moveit_task_constructor_visualization' returned '0': CMAKE_MODULE_PATH=/home/devika/robo_ws/install/moveit_task_constructor_core/share/moveit_task_constructor_core/cmake:/home/devika/robo_ws/install/warehouse_ros_mongo/share/warehouse_ros_mongo/cmake CMAKE_PREFIX_PATH=/home/devika/robo_ws/install/moveit_task_constructor_core:/home/devika/robo_ws/install/rviz_marker_tools:/home/devika/robo_ws/install/moveit_task_constructor_msgs:/home/devika/robo_ws/install/urdf_humble_test_moveit_config:/home/devika/robo_ws/install/warehouse_ros_mongo:/home/devika/robo_ws/install/urdf_humble_test:/home/devika/robo_ws/install/moveit_task_constructor_visualization:/home/devika/robo_ws/install/moveit_task_constructor_demo:/home/devika/robo_ws/install/moveit_task_constructor_capabilities:/home/devika/robo_ws/install/hello_moveit_task_constructor:/home/devika/robo_ws/install/hello_moveit:/home/devika/robo_ws/install/gazebo_ros2_control:/home/devika/manga_ws/install/urdf_humble_test_moveit_config:/home/devika/manga_ws/install/urdf_humble_test:/home/devika/manga_ws/install/hello_moveit:/home/devika/some_ws/install/motoman_hc10_support:/home/devika/some_ws/install/motoman_resources:/home/devika/some_ws/install/hello_moveit:/home/devika/some_ws/install/hc20_sim_moveit_config:/home/devika/some_ws/install/hc20_moveit_config:/home/devika/some_ws/install/hc10_movit2v3:/home/devika/some_ws/install/hc10dt_moveit_config:/home/devika/robo_ws/install/perception_vision:/home/devika/robo_ws/install/cylinder_position_estimator:/opt/ros/humble LD_LIBRARY_PATH=/home/devika/robo_ws/install/moveit_task_constructor_core/lib:/home/devika/robo_ws/install/rviz_marker_tools/lib:/home/devika/robo_ws/install/moveit_task_constructor_msgs/lib:/home/devika/robo_ws/install/warehouse_ros_mongo/lib:/home/devika/robo_ws/install/moveit_task_constructor_visualization/lib:/home/devika/robo_ws/install/moveit_task_constructor_demo/lib:/home/devika/robo_ws/install/moveit_task_constructor_capabilities/lib:/home/devika/robo_ws/install/hello_moveit_task_constructor/lib:/home/devika/robo_ws/install/gazebo_ros2_control/lib:/usr/lib/x86_64-linux-gnu/gazebo-11/plugins:/opt/ros/humble/opt/rviz_ogre_vendor/lib:/opt/ros/humble/lib/x86_64-linux-gnu:/opt/ros/humble/lib:/usr/share/gazebo/../../lib/x86_64-linux-gnu/gazebo-11/plugins /usr/bin/cmake --build /home/devika/robo_ws/build/moveit_task_constructor_visualization -- -j8 -l8
[4.739s] DEBUG:colcon.colcon_core.event_handler.log_command:Invoking command in '/home/devika/robo_ws/build/moveit_task_constructor_visualization': CMAKE_MODULE_PATH=/home/devika/robo_ws/install/moveit_task_constructor_core/share/moveit_task_constructor_core/cmake:/home/devika/robo_ws/install/warehouse_ros_mongo/share/warehouse_ros_mongo/cmake CMAKE_PREFIX_PATH=/home/devika/robo_ws/install/moveit_task_constructor_core:/home/devika/robo_ws/install/rviz_marker_tools:/home/devika/robo_ws/install/moveit_task_constructor_msgs:/home/devika/robo_ws/install/urdf_humble_test_moveit_config:/home/devika/robo_ws/install/warehouse_ros_mongo:/home/devika/robo_ws/install/urdf_humble_test:/home/devika/robo_ws/install/moveit_task_constructor_visualization:/home/devika/robo_ws/install/moveit_task_constructor_demo:/home/devika/robo_ws/install/moveit_task_constructor_capabilities:/home/devika/robo_ws/install/hello_moveit_task_constructor:/home/devika/robo_ws/install/hello_moveit:/home/devika/robo_ws/install/gazebo_ros2_control:/home/devika/manga_ws/install/urdf_humble_test_moveit_config:/home/devika/manga_ws/install/urdf_humble_test:/home/devika/manga_ws/install/hello_moveit:/home/devika/some_ws/install/motoman_hc10_support:/home/devika/some_ws/install/motoman_resources:/home/devika/some_ws/install/hello_moveit:/home/devika/some_ws/install/hc20_sim_moveit_config:/home/devika/some_ws/install/hc20_moveit_config:/home/devika/some_ws/install/hc10_movit2v3:/home/devika/some_ws/install/hc10dt_moveit_config:/home/devika/robo_ws/install/perception_vision:/home/devika/robo_ws/install/cylinder_position_estimator:/opt/ros/humble LD_LIBRARY_PATH=/home/devika/robo_ws/install/moveit_task_constructor_core/lib:/home/devika/robo_ws/install/rviz_marker_tools/lib:/home/devika/robo_ws/install/moveit_task_constructor_msgs/lib:/home/devika/robo_ws/install/warehouse_ros_mongo/lib:/home/devika/robo_ws/install/moveit_task_constructor_visualization/lib:/home/devika/robo_ws/install/moveit_task_constructor_demo/lib:/home/devika/robo_ws/install/moveit_task_constructor_capabilities/lib:/home/devika/robo_ws/install/hello_moveit_task_constructor/lib:/home/devika/robo_ws/install/gazebo_ros2_control/lib:/usr/lib/x86_64-linux-gnu/gazebo-11/plugins:/opt/ros/humble/opt/rviz_ogre_vendor/lib:/opt/ros/humble/lib/x86_64-linux-gnu:/opt/ros/humble/lib:/usr/share/gazebo/../../lib/x86_64-linux-gnu/gazebo-11/plugins /usr/bin/cmake --install /home/devika/robo_ws/build/moveit_task_constructor_visualization
[4.770s] Level 1:colcon.colcon_core.environment:create_environment_scripts_only(moveit_task_constructor_visualization)
[4.771s] Level 1:colcon.colcon_core.environment:checking '/home/devika/robo_ws/install/moveit_task_constructor_visualization' for CMake module files
[4.772s] DEBUG:colcon.colcon_core.event_handler.log_command:Invoked command in '/home/devika/robo_ws/build/moveit_task_constructor_visualization' returned '0': CMAKE_MODULE_PATH=/home/devika/robo_ws/install/moveit_task_constructor_core/share/moveit_task_constructor_core/cmake:/home/devika/robo_ws/install/warehouse_ros_mongo/share/warehouse_ros_mongo/cmake CMAKE_PREFIX_PATH=/home/devika/robo_ws/install/moveit_task_constructor_core:/home/devika/robo_ws/install/rviz_marker_tools:/home/devika/robo_ws/install/moveit_task_constructor_msgs:/home/devika/robo_ws/install/urdf_humble_test_moveit_config:/home/devika/robo_ws/install/warehouse_ros_mongo:/home/devika/robo_ws/install/urdf_humble_test:/home/devika/robo_ws/install/moveit_task_constructor_visualization:/home/devika/robo_ws/install/moveit_task_constructor_demo:/home/devika/robo_ws/install/moveit_task_constructor_capabilities:/home/devika/robo_ws/install/hello_moveit_task_constructor:/home/devika/robo_ws/install/hello_moveit:/home/devika/robo_ws/install/gazebo_ros2_control:/home/devika/manga_ws/install/urdf_humble_test_moveit_config:/home/devika/manga_ws/install/urdf_humble_test:/home/devika/manga_ws/install/hello_moveit:/home/devika/some_ws/install/motoman_hc10_support:/home/devika/some_ws/install/motoman_resources:/home/devika/some_ws/install/hello_moveit:/home/devika/some_ws/install/hc20_sim_moveit_config:/home/devika/some_ws/install/hc20_moveit_config:/home/devika/some_ws/install/hc10_movit2v3:/home/devika/some_ws/install/hc10dt_moveit_config:/home/devika/robo_ws/install/perception_vision:/home/devika/robo_ws/install/cylinder_position_estimator:/opt/ros/humble LD_LIBRARY_PATH=/home/devika/robo_ws/install/moveit_task_constructor_core/lib:/home/devika/robo_ws/install/rviz_marker_tools/lib:/home/devika/robo_ws/install/moveit_task_constructor_msgs/lib:/home/devika/robo_ws/install/warehouse_ros_mongo/lib:/home/devika/robo_ws/install/moveit_task_constructor_visualization/lib:/home/devika/robo_ws/install/moveit_task_constructor_demo/lib:/home/devika/robo_ws/install/moveit_task_constructor_capabilities/lib:/home/devika/robo_ws/install/hello_moveit_task_constructor/lib:/home/devika/robo_ws/install/gazebo_ros2_control/lib:/usr/lib/x86_64-linux-gnu/gazebo-11/plugins:/opt/ros/humble/opt/rviz_ogre_vendor/lib:/opt/ros/humble/lib/x86_64-linux-gnu:/opt/ros/humble/lib:/usr/share/gazebo/../../lib/x86_64-linux-gnu/gazebo-11/plugins /usr/bin/cmake --install /home/devika/robo_ws/build/moveit_task_constructor_visualization
[4.773s] Level 1:colcon.colcon_core.environment:checking '/home/devika/robo_ws/install/moveit_task_constructor_visualization' for CMake config files
[4.775s] Level 1:colcon.colcon_core.shell:create_environment_hook('moveit_task_constructor_visualization', 'cmake_prefix_path')
[4.776s] INFO:colcon.colcon_core.shell:Creating environment hook '/home/devika/robo_ws/install/moveit_task_constructor_visualization/share/moveit_task_constructor_visualization/hook/cmake_prefix_path.ps1'
[4.777s] INFO:colcon.colcon_core.shell:Creating environment descriptor '/home/devika/robo_ws/install/moveit_task_constructor_visualization/share/moveit_task_constructor_visualization/hook/cmake_prefix_path.dsv'
[4.778s] INFO:colcon.colcon_core.shell:Creating environment hook '/home/devika/robo_ws/install/moveit_task_constructor_visualization/share/moveit_task_constructor_visualization/hook/cmake_prefix_path.sh'
[4.781s] Level 1:colcon.colcon_core.environment:checking '/home/devika/robo_ws/install/moveit_task_constructor_visualization/lib'
[4.781s] Level 1:colcon.colcon_core.shell:create_environment_hook('moveit_task_constructor_visualization', 'ld_library_path_lib')
[4.781s] INFO:colcon.colcon_core.shell:Creating environment hook '/home/devika/robo_ws/install/moveit_task_constructor_visualization/share/moveit_task_constructor_visualization/hook/ld_library_path_lib.ps1'
[4.783s] INFO:colcon.colcon_core.shell:Creating environment descriptor '/home/devika/robo_ws/install/moveit_task_constructor_visualization/share/moveit_task_constructor_visualization/hook/ld_library_path_lib.dsv'
[4.784s] INFO:colcon.colcon_core.shell:Creating environment hook '/home/devika/robo_ws/install/moveit_task_constructor_visualization/share/moveit_task_constructor_visualization/hook/ld_library_path_lib.sh'
[4.786s] Level 1:colcon.colcon_core.environment:checking '/home/devika/robo_ws/install/moveit_task_constructor_visualization/bin'
[4.786s] Level 1:colcon.colcon_core.environment:checking '/home/devika/robo_ws/install/moveit_task_constructor_visualization/lib/pkgconfig/moveit_task_constructor_visualization.pc'
[4.787s] Level 1:colcon.colcon_core.environment:checking '/home/devika/robo_ws/install/moveit_task_constructor_visualization/lib/python3.10/site-packages'
[4.787s] Level 1:colcon.colcon_core.environment:checking '/home/devika/robo_ws/install/moveit_task_constructor_visualization/bin'
[4.789s] INFO:colcon.colcon_core.shell:Creating package script '/home/devika/robo_ws/install/moveit_task_constructor_visualization/share/moveit_task_constructor_visualization/package.ps1'
[4.791s] INFO:colcon.colcon_core.shell:Creating package descriptor '/home/devika/robo_ws/install/moveit_task_constructor_visualization/share/moveit_task_constructor_visualization/package.dsv'
[4.792s] INFO:colcon.colcon_core.shell:Creating package script '/home/devika/robo_ws/install/moveit_task_constructor_visualization/share/moveit_task_constructor_visualization/package.sh'
[4.794s] INFO:colcon.colcon_core.shell:Creating package script '/home/devika/robo_ws/install/moveit_task_constructor_visualization/share/moveit_task_constructor_visualization/package.bash'
[4.795s] INFO:colcon.colcon_core.shell:Creating package script '/home/devika/robo_ws/install/moveit_task_constructor_visualization/share/moveit_task_constructor_visualization/package.zsh'
[4.796s] Level 1:colcon.colcon_core.environment:create_file_with_runtime_dependencies(/home/devika/robo_ws/install/moveit_task_constructor_visualization/share/colcon-core/packages/moveit_task_constructor_visualization)
[4.798s] Level 1:colcon.colcon_core.environment:create_environment_scripts_only(moveit_task_constructor_visualization)
[4.799s] Level 1:colcon.colcon_core.environment:checking '/home/devika/robo_ws/install/moveit_task_constructor_visualization' for CMake module files
[4.801s] Level 1:colcon.colcon_core.environment:checking '/home/devika/robo_ws/install/moveit_task_constructor_visualization' for CMake config files
[4.802s] Level 1:colcon.colcon_core.shell:create_environment_hook('moveit_task_constructor_visualization', 'cmake_prefix_path')
[4.802s] INFO:colcon.colcon_core.shell:Creating environment hook '/home/devika/robo_ws/install/moveit_task_constructor_visualization/share/moveit_task_constructor_visualization/hook/cmake_prefix_path.ps1'
[4.804s] INFO:colcon.colcon_core.shell:Creating environment descriptor '/home/devika/robo_ws/install/moveit_task_constructor_visualization/share/moveit_task_constructor_visualization/hook/cmake_prefix_path.dsv'
[4.805s] INFO:colcon.colcon_core.shell:Creating environment hook '/home/devika/robo_ws/install/moveit_task_constructor_visualization/share/moveit_task_constructor_visualization/hook/cmake_prefix_path.sh'
[4.806s] Level 1:colcon.colcon_core.environment:checking '/home/devika/robo_ws/install/moveit_task_constructor_visualization/lib'
[4.806s] Level 1:colcon.colcon_core.shell:create_environment_hook('moveit_task_constructor_visualization', 'ld_library_path_lib')
[4.807s] INFO:colcon.colcon_core.shell:Creating environment hook '/home/devika/robo_ws/install/moveit_task_constructor_visualization/share/moveit_task_constructor_visualization/hook/ld_library_path_lib.ps1'
[4.808s] INFO:colcon.colcon_core.shell:Creating environment descriptor '/home/devika/robo_ws/install/moveit_task_constructor_visualization/share/moveit_task_constructor_visualization/hook/ld_library_path_lib.dsv'
[4.810s] INFO:colcon.colcon_core.shell:Creating environment hook '/home/devika/robo_ws/install/moveit_task_constructor_visualization/share/moveit_task_constructor_visualization/hook/ld_library_path_lib.sh'
[4.811s] Level 1:colcon.colcon_core.environment:checking '/home/devika/robo_ws/install/moveit_task_constructor_visualization/bin'
[4.811s] Level 1:colcon.colcon_core.environment:checking '/home/devika/robo_ws/install/moveit_task_constructor_visualization/lib/pkgconfig/moveit_task_constructor_visualization.pc'
[4.812s] Level 1:colcon.colcon_core.environment:checking '/home/devika/robo_ws/install/moveit_task_constructor_visualization/lib/python3.10/site-packages'
[4.813s] Level 1:colcon.colcon_core.environment:checking '/home/devika/robo_ws/install/moveit_task_constructor_visualization/bin'
[4.814s] INFO:colcon.colcon_core.shell:Creating package script '/home/devika/robo_ws/install/moveit_task_constructor_visualization/share/moveit_task_constructor_visualization/package.ps1'
[4.815s] INFO:colcon.colcon_core.shell:Creating package descriptor '/home/devika/robo_ws/install/moveit_task_constructor_visualization/share/moveit_task_constructor_visualization/package.dsv'
[4.816s] INFO:colcon.colcon_core.shell:Creating package script '/home/devika/robo_ws/install/moveit_task_constructor_visualization/share/moveit_task_constructor_visualization/package.sh'
[4.817s] INFO:colcon.colcon_core.shell:Creating package script '/home/devika/robo_ws/install/moveit_task_constructor_visualization/share/moveit_task_constructor_visualization/package.bash'
[4.817s] INFO:colcon.colcon_core.shell:Creating package script '/home/devika/robo_ws/install/moveit_task_constructor_visualization/share/moveit_task_constructor_visualization/package.zsh'
[4.818s] Level 1:colcon.colcon_core.environment:create_file_with_runtime_dependencies(/home/devika/robo_ws/install/moveit_task_constructor_visualization/share/colcon-core/packages/moveit_task_constructor_visualization)
[4.818s] DEBUG:colcon.colcon_parallel_executor.executor.parallel:closing loop
[4.819s] DEBUG:colcon.colcon_parallel_executor.executor.parallel:loop closed
[4.819s] DEBUG:colcon.colcon_parallel_executor.executor.parallel:run_until_complete finished with '0'
[4.819s] DEBUG:colcon.colcon_core.event_reactor:joining thread
[4.837s] INFO:colcon.colcon_core.plugin_system:Skipping extension 'colcon_notification.desktop_notification.terminal_notifier': Not used on non-Darwin systems
[4.838s] INFO:colcon.colcon_core.plugin_system:Skipping extension 'colcon_notification.desktop_notification.win32': Not used on non-Windows systems
[4.838s] INFO:colcon.colcon_notification.desktop_notification:Sending desktop notification using 'notify2'
[4.862s] DEBUG:colcon.colcon_core.event_reactor:joined thread
[4.863s] INFO:colcon.colcon_core.shell:Creating prefix script '/home/devika/robo_ws/install/local_setup.ps1'
[4.866s] INFO:colcon.colcon_core.shell:Creating prefix util module '/home/devika/robo_ws/install/_local_setup_util_ps1.py'
[4.869s] INFO:colcon.colcon_core.shell:Creating prefix chain script '/home/devika/robo_ws/install/setup.ps1'
[4.874s] INFO:colcon.colcon_core.shell:Creating prefix script '/home/devika/robo_ws/install/local_setup.sh'
[4.875s] INFO:colcon.colcon_core.shell:Creating prefix util module '/home/devika/robo_ws/install/_local_setup_util_sh.py'
[4.877s] INFO:colcon.colcon_core.shell:Creating prefix chain script '/home/devika/robo_ws/install/setup.sh'
[4.880s] INFO:colcon.colcon_core.shell:Creating prefix script '/home/devika/robo_ws/install/local_setup.bash'
[4.881s] INFO:colcon.colcon_core.shell:Creating prefix chain script '/home/devika/robo_ws/install/setup.bash'
[4.886s] INFO:colcon.colcon_core.shell:Creating prefix script '/home/devika/robo_ws/install/local_setup.zsh'
[4.887s] INFO:colcon.colcon_core.shell:Creating prefix chain script '/home/devika/robo_ws/install/setup.zsh'
