[0.251s] DEBUG:colcon:Command line arguments: ['/usr/bin/colcon', 'build']
[0.251s] DEBUG:colcon:Parsed command line arguments: Namespace(log_base=None, log_level=None, verb_name='build', build_base='build', install_base='install', merge_install=False, symlink_install=False, test_result_base=None, continue_on_error=False, executor='parallel', parallel_workers=8, event_handlers=None, ignore_user_meta=False, metas=['./colcon.meta'], base_paths=['.'], packages_ignore=None, packages_ignore_regex=None, paths=None, packages_up_to=None, packages_up_to_regex=None, packages_above=None, packages_above_and_dependencies=None, packages_above_depth=None, packages_select_by_dep=None, packages_skip_by_dep=None, packages_skip_up_to=None, packages_select_build_failed=False, packages_skip_build_finished=False, packages_select_test_failures=False, packages_skip_test_passed=False, packages_select=None, packages_skip=None, packages_select_regex=None, packages_skip_regex=None, packages_start=None, packages_end=None, allow_overriding=[], cmake_args=None, cmake_target=None, cmake_target_skip_unavailable=False, cmake_clean_cache=False, cmake_clean_first=False, cmake_force_configure=False, ament_cmake_args=None, catkin_cmake_args=None, catkin_skip_building_tests=False, mixin_files=None, mixin=None, verb_parser=<colcon_mixin.mixin.mixin_argument.MixinArgumentDecorator object at 0x7ae3a4275cf0>, verb_extension=<colcon_core.verb.build.BuildVerb object at 0x7ae3a4275840>, main=<bound method BuildVerb.main of <colcon_core.verb.build.BuildVerb object at 0x7ae3a4275840>>, mixin_verb=('build',))
[0.663s] Level 1:colcon.colcon_core.package_discovery:discover_packages(colcon_meta) check parameters
[0.663s] Level 1:colcon.colcon_core.package_discovery:discover_packages(recursive) check parameters
[0.663s] Level 1:colcon.colcon_core.package_discovery:discover_packages(ignore) check parameters
[0.663s] Level 1:colcon.colcon_core.package_discovery:discover_packages(path) check parameters
[0.663s] Level 1:colcon.colcon_core.package_discovery:discover_packages(colcon_meta) discover
[0.664s] Level 1:colcon.colcon_core.package_discovery:discover_packages(recursive) discover
[0.664s] INFO:colcon.colcon_core.package_discovery:Crawling recursively for packages in '/home/devika/robo_ws'
[0.664s] Level 1:colcon.colcon_core.package_identification:_identify(.) by extensions ['ignore', 'ignore_ament_install']
[0.664s] Level 1:colcon.colcon_core.package_identification:_identify(.) by extension 'ignore'
[0.664s] Level 1:colcon.colcon_core.package_identification:_identify(.) by extension 'ignore_ament_install'
[0.664s] Level 1:colcon.colcon_core.package_identification:_identify(.) by extensions ['colcon_pkg']
[0.664s] Level 1:colcon.colcon_core.package_identification:_identify(.) by extension 'colcon_pkg'
[0.665s] Level 1:colcon.colcon_core.package_identification:_identify(.) by extensions ['colcon_meta']
[0.665s] Level 1:colcon.colcon_core.package_identification:_identify(.) by extension 'colcon_meta'
[0.665s] Level 1:colcon.colcon_core.package_identification:_identify(.) by extensions ['ros']
[0.665s] Level 1:colcon.colcon_core.package_identification:_identify(.) by extension 'ros'
[0.712s] Level 1:colcon.colcon_core.package_identification:_identify(.) by extensions ['cmake', 'python']
[0.713s] Level 1:colcon.colcon_core.package_identification:_identify(.) by extension 'cmake'
[0.713s] Level 1:colcon.colcon_core.package_identification:_identify(.) by extension 'python'
[0.713s] Level 1:colcon.colcon_core.package_identification:_identify(.) by extensions ['python_setup_py']
[0.713s] Level 1:colcon.colcon_core.package_identification:_identify(.) by extension 'python_setup_py'
[0.713s] Level 1:colcon.colcon_core.package_identification:_identify(build) by extensions ['ignore', 'ignore_ament_install']
[0.713s] Level 1:colcon.colcon_core.package_identification:_identify(build) by extension 'ignore'
[0.713s] Level 1:colcon.colcon_core.package_identification:_identify(build) ignored
[0.714s] Level 1:colcon.colcon_core.package_identification:_identify(install) by extensions ['ignore', 'ignore_ament_install']
[0.714s] Level 1:colcon.colcon_core.package_identification:_identify(install) by extension 'ignore'
[0.714s] Level 1:colcon.colcon_core.package_identification:_identify(install) ignored
[0.714s] Level 1:colcon.colcon_core.package_identification:_identify(log) by extensions ['ignore', 'ignore_ament_install']
[0.714s] Level 1:colcon.colcon_core.package_identification:_identify(log) by extension 'ignore'
[0.714s] Level 1:colcon.colcon_core.package_identification:_identify(log) ignored
[0.715s] Level 1:colcon.colcon_core.package_identification:_identify(src) by extensions ['ignore', 'ignore_ament_install']
[0.715s] Level 1:colcon.colcon_core.package_identification:_identify(src) by extension 'ignore'
[0.715s] Level 1:colcon.colcon_core.package_identification:_identify(src) by extension 'ignore_ament_install'
[0.715s] Level 1:colcon.colcon_core.package_identification:_identify(src) by extensions ['colcon_pkg']
[0.715s] Level 1:colcon.colcon_core.package_identification:_identify(src) by extension 'colcon_pkg'
[0.715s] Level 1:colcon.colcon_core.package_identification:_identify(src) by extensions ['colcon_meta']
[0.715s] Level 1:colcon.colcon_core.package_identification:_identify(src) by extension 'colcon_meta'
[0.715s] Level 1:colcon.colcon_core.package_identification:_identify(src) by extensions ['ros']
[0.716s] Level 1:colcon.colcon_core.package_identification:_identify(src) by extension 'ros'
[0.716s] Level 1:colcon.colcon_core.package_identification:_identify(src) by extensions ['cmake', 'python']
[0.716s] Level 1:colcon.colcon_core.package_identification:_identify(src) by extension 'cmake'
[0.716s] Level 1:colcon.colcon_core.package_identification:_identify(src) by extension 'python'
[0.716s] Level 1:colcon.colcon_core.package_identification:_identify(src) by extensions ['python_setup_py']
[0.716s] Level 1:colcon.colcon_core.package_identification:_identify(src) by extension 'python_setup_py'
[0.716s] Level 1:colcon.colcon_core.package_identification:_identify(src/cylinder_position_estimator) by extensions ['ignore', 'ignore_ament_install']
[0.716s] Level 1:colcon.colcon_core.package_identification:_identify(src/cylinder_position_estimator) by extension 'ignore'
[0.717s] Level 1:colcon.colcon_core.package_identification:_identify(src/cylinder_position_estimator) by extension 'ignore_ament_install'
[0.717s] Level 1:colcon.colcon_core.package_identification:_identify(src/cylinder_position_estimator) by extensions ['colcon_pkg']
[0.717s] Level 1:colcon.colcon_core.package_identification:_identify(src/cylinder_position_estimator) by extension 'colcon_pkg'
[0.717s] Level 1:colcon.colcon_core.package_identification:_identify(src/cylinder_position_estimator) by extensions ['colcon_meta']
[0.717s] Level 1:colcon.colcon_core.package_identification:_identify(src/cylinder_position_estimator) by extension 'colcon_meta'
[0.717s] Level 1:colcon.colcon_core.package_identification:_identify(src/cylinder_position_estimator) by extensions ['ros']
[0.717s] Level 1:colcon.colcon_core.package_identification:_identify(src/cylinder_position_estimator) by extension 'ros'
[0.723s] DEBUG:colcon.colcon_core.package_identification:Package 'src/cylinder_position_estimator' with type 'ros.ament_python' and name 'cylinder_position_estimator'
[0.723s] Level 1:colcon.colcon_core.package_identification:_identify(src/gazebo_ros2_control) by extensions ['ignore', 'ignore_ament_install']
[0.724s] Level 1:colcon.colcon_core.package_identification:_identify(src/gazebo_ros2_control) by extension 'ignore'
[0.724s] Level 1:colcon.colcon_core.package_identification:_identify(src/gazebo_ros2_control) by extension 'ignore_ament_install'
[0.724s] Level 1:colcon.colcon_core.package_identification:_identify(src/gazebo_ros2_control) by extensions ['colcon_pkg']
[0.724s] Level 1:colcon.colcon_core.package_identification:_identify(src/gazebo_ros2_control) by extension 'colcon_pkg'
[0.724s] Level 1:colcon.colcon_core.package_identification:_identify(src/gazebo_ros2_control) by extensions ['colcon_meta']
[0.724s] Level 1:colcon.colcon_core.package_identification:_identify(src/gazebo_ros2_control) by extension 'colcon_meta'
[0.724s] Level 1:colcon.colcon_core.package_identification:_identify(src/gazebo_ros2_control) by extensions ['ros']
[0.724s] Level 1:colcon.colcon_core.package_identification:_identify(src/gazebo_ros2_control) by extension 'ros'
[0.727s] DEBUG:colcon.colcon_core.package_identification:Package 'src/gazebo_ros2_control' with type 'ros.ament_cmake' and name 'gazebo_ros2_control'
[0.727s] Level 1:colcon.colcon_core.package_identification:_identify(src/hello_moveit) by extensions ['ignore', 'ignore_ament_install']
[0.727s] Level 1:colcon.colcon_core.package_identification:_identify(src/hello_moveit) by extension 'ignore'
[0.727s] Level 1:colcon.colcon_core.package_identification:_identify(src/hello_moveit) by extension 'ignore_ament_install'
[0.727s] Level 1:colcon.colcon_core.package_identification:_identify(src/hello_moveit) by extensions ['colcon_pkg']
[0.727s] Level 1:colcon.colcon_core.package_identification:_identify(src/hello_moveit) by extension 'colcon_pkg'
[0.727s] Level 1:colcon.colcon_core.package_identification:_identify(src/hello_moveit) by extensions ['colcon_meta']
[0.727s] Level 1:colcon.colcon_core.package_identification:_identify(src/hello_moveit) by extension 'colcon_meta'
[0.727s] Level 1:colcon.colcon_core.package_identification:_identify(src/hello_moveit) by extensions ['ros']
[0.727s] Level 1:colcon.colcon_core.package_identification:_identify(src/hello_moveit) by extension 'ros'
[0.729s] DEBUG:colcon.colcon_core.package_identification:Package 'src/hello_moveit' with type 'ros.ament_cmake' and name 'hello_moveit'
[0.730s] Level 1:colcon.colcon_core.package_identification:_identify(src/hello_moveit_task_constructor) by extensions ['ignore', 'ignore_ament_install']
[0.730s] Level 1:colcon.colcon_core.package_identification:_identify(src/hello_moveit_task_constructor) by extension 'ignore'
[0.730s] Level 1:colcon.colcon_core.package_identification:_identify(src/hello_moveit_task_constructor) by extension 'ignore_ament_install'
[0.730s] Level 1:colcon.colcon_core.package_identification:_identify(src/hello_moveit_task_constructor) by extensions ['colcon_pkg']
[0.730s] Level 1:colcon.colcon_core.package_identification:_identify(src/hello_moveit_task_constructor) by extension 'colcon_pkg'
[0.730s] Level 1:colcon.colcon_core.package_identification:_identify(src/hello_moveit_task_constructor) by extensions ['colcon_meta']
[0.730s] Level 1:colcon.colcon_core.package_identification:_identify(src/hello_moveit_task_constructor) by extension 'colcon_meta'
[0.730s] Level 1:colcon.colcon_core.package_identification:_identify(src/hello_moveit_task_constructor) by extensions ['ros']
[0.730s] Level 1:colcon.colcon_core.package_identification:_identify(src/hello_moveit_task_constructor) by extension 'ros'
[0.732s] DEBUG:colcon.colcon_core.package_identification:Package 'src/hello_moveit_task_constructor' with type 'ros.ament_cmake' and name 'hello_moveit_task_constructor'
[0.732s] Level 1:colcon.colcon_core.package_identification:_identify(src/moveit_task_constructor) by extensions ['ignore', 'ignore_ament_install']
[0.732s] Level 1:colcon.colcon_core.package_identification:_identify(src/moveit_task_constructor) by extension 'ignore'
[0.732s] Level 1:colcon.colcon_core.package_identification:_identify(src/moveit_task_constructor) by extension 'ignore_ament_install'
[0.732s] Level 1:colcon.colcon_core.package_identification:_identify(src/moveit_task_constructor) by extensions ['colcon_pkg']
[0.732s] Level 1:colcon.colcon_core.package_identification:_identify(src/moveit_task_constructor) by extension 'colcon_pkg'
[0.732s] Level 1:colcon.colcon_core.package_identification:_identify(src/moveit_task_constructor) by extensions ['colcon_meta']
[0.732s] Level 1:colcon.colcon_core.package_identification:_identify(src/moveit_task_constructor) by extension 'colcon_meta'
[0.732s] Level 1:colcon.colcon_core.package_identification:_identify(src/moveit_task_constructor) by extensions ['ros']
[0.733s] Level 1:colcon.colcon_core.package_identification:_identify(src/moveit_task_constructor) by extension 'ros'
[0.733s] Level 1:colcon.colcon_core.package_identification:_identify(src/moveit_task_constructor) by extensions ['cmake', 'python']
[0.733s] Level 1:colcon.colcon_core.package_identification:_identify(src/moveit_task_constructor) by extension 'cmake'
[0.733s] Level 1:colcon.colcon_core.package_identification:_identify(src/moveit_task_constructor) by extension 'python'
[0.733s] Level 1:colcon.colcon_core.package_identification:_identify(src/moveit_task_constructor) by extensions ['python_setup_py']
[0.733s] Level 1:colcon.colcon_core.package_identification:_identify(src/moveit_task_constructor) by extension 'python_setup_py'
[0.733s] Level 1:colcon.colcon_core.package_identification:_identify(src/moveit_task_constructor/capabilities) by extensions ['ignore', 'ignore_ament_install']
[0.733s] Level 1:colcon.colcon_core.package_identification:_identify(src/moveit_task_constructor/capabilities) by extension 'ignore'
[0.733s] Level 1:colcon.colcon_core.package_identification:_identify(src/moveit_task_constructor/capabilities) by extension 'ignore_ament_install'
[0.733s] Level 1:colcon.colcon_core.package_identification:_identify(src/moveit_task_constructor/capabilities) by extensions ['colcon_pkg']
[0.733s] Level 1:colcon.colcon_core.package_identification:_identify(src/moveit_task_constructor/capabilities) by extension 'colcon_pkg'
[0.734s] Level 1:colcon.colcon_core.package_identification:_identify(src/moveit_task_constructor/capabilities) by extensions ['colcon_meta']
[0.734s] Level 1:colcon.colcon_core.package_identification:_identify(src/moveit_task_constructor/capabilities) by extension 'colcon_meta'
[0.734s] Level 1:colcon.colcon_core.package_identification:_identify(src/moveit_task_constructor/capabilities) by extensions ['ros']
[0.734s] Level 1:colcon.colcon_core.package_identification:_identify(src/moveit_task_constructor/capabilities) by extension 'ros'
[0.736s] DEBUG:colcon.colcon_core.package_identification:Package 'src/moveit_task_constructor/capabilities' with type 'ros.ament_cmake' and name 'moveit_task_constructor_capabilities'
[0.736s] Level 1:colcon.colcon_core.package_identification:_identify(src/moveit_task_constructor/core) by extensions ['ignore', 'ignore_ament_install']
[0.736s] Level 1:colcon.colcon_core.package_identification:_identify(src/moveit_task_constructor/core) by extension 'ignore'
[0.736s] Level 1:colcon.colcon_core.package_identification:_identify(src/moveit_task_constructor/core) by extension 'ignore_ament_install'
[0.736s] Level 1:colcon.colcon_core.package_identification:_identify(src/moveit_task_constructor/core) by extensions ['colcon_pkg']
[0.737s] Level 1:colcon.colcon_core.package_identification:_identify(src/moveit_task_constructor/core) by extension 'colcon_pkg'
[0.737s] Level 1:colcon.colcon_core.package_identification:_identify(src/moveit_task_constructor/core) by extensions ['colcon_meta']
[0.737s] Level 1:colcon.colcon_core.package_identification:_identify(src/moveit_task_constructor/core) by extension 'colcon_meta'
[0.737s] Level 1:colcon.colcon_core.package_identification:_identify(src/moveit_task_constructor/core) by extensions ['ros']
[0.737s] Level 1:colcon.colcon_core.package_identification:_identify(src/moveit_task_constructor/core) by extension 'ros'
[0.739s] DEBUG:colcon.colcon_core.package_identification:Package 'src/moveit_task_constructor/core' with type 'ros.ament_cmake' and name 'moveit_task_constructor_core'
[0.740s] Level 1:colcon.colcon_core.package_identification:_identify(src/moveit_task_constructor/demo) by extensions ['ignore', 'ignore_ament_install']
[0.740s] Level 1:colcon.colcon_core.package_identification:_identify(src/moveit_task_constructor/demo) by extension 'ignore'
[0.740s] Level 1:colcon.colcon_core.package_identification:_identify(src/moveit_task_constructor/demo) by extension 'ignore_ament_install'
[0.741s] Level 1:colcon.colcon_core.package_identification:_identify(src/moveit_task_constructor/demo) by extensions ['colcon_pkg']
[0.741s] Level 1:colcon.colcon_core.package_identification:_identify(src/moveit_task_constructor/demo) by extension 'colcon_pkg'
[0.741s] Level 1:colcon.colcon_core.package_identification:_identify(src/moveit_task_constructor/demo) by extensions ['colcon_meta']
[0.741s] Level 1:colcon.colcon_core.package_identification:_identify(src/moveit_task_constructor/demo) by extension 'colcon_meta'
[0.741s] Level 1:colcon.colcon_core.package_identification:_identify(src/moveit_task_constructor/demo) by extensions ['ros']
[0.741s] Level 1:colcon.colcon_core.package_identification:_identify(src/moveit_task_constructor/demo) by extension 'ros'
[0.743s] DEBUG:colcon.colcon_core.package_identification:Package 'src/moveit_task_constructor/demo' with type 'ros.ament_cmake' and name 'moveit_task_constructor_demo'
[0.743s] Level 1:colcon.colcon_core.package_identification:_identify(src/moveit_task_constructor/msgs) by extensions ['ignore', 'ignore_ament_install']
[0.743s] Level 1:colcon.colcon_core.package_identification:_identify(src/moveit_task_constructor/msgs) by extension 'ignore'
[0.743s] Level 1:colcon.colcon_core.package_identification:_identify(src/moveit_task_constructor/msgs) by extension 'ignore_ament_install'
[0.743s] Level 1:colcon.colcon_core.package_identification:_identify(src/moveit_task_constructor/msgs) by extensions ['colcon_pkg']
[0.743s] Level 1:colcon.colcon_core.package_identification:_identify(src/moveit_task_constructor/msgs) by extension 'colcon_pkg'
[0.744s] Level 1:colcon.colcon_core.package_identification:_identify(src/moveit_task_constructor/msgs) by extensions ['colcon_meta']
[0.744s] Level 1:colcon.colcon_core.package_identification:_identify(src/moveit_task_constructor/msgs) by extension 'colcon_meta'
[0.744s] Level 1:colcon.colcon_core.package_identification:_identify(src/moveit_task_constructor/msgs) by extensions ['ros']
[0.744s] Level 1:colcon.colcon_core.package_identification:_identify(src/moveit_task_constructor/msgs) by extension 'ros'
[0.745s] DEBUG:colcon.colcon_core.package_identification:Package 'src/moveit_task_constructor/msgs' with type 'ros.ament_cmake' and name 'moveit_task_constructor_msgs'
[0.745s] Level 1:colcon.colcon_core.package_identification:_identify(src/moveit_task_constructor/rviz_marker_tools) by extensions ['ignore', 'ignore_ament_install']
[0.745s] Level 1:colcon.colcon_core.package_identification:_identify(src/moveit_task_constructor/rviz_marker_tools) by extension 'ignore'
[0.745s] Level 1:colcon.colcon_core.package_identification:_identify(src/moveit_task_constructor/rviz_marker_tools) by extension 'ignore_ament_install'
[0.746s] Level 1:colcon.colcon_core.package_identification:_identify(src/moveit_task_constructor/rviz_marker_tools) by extensions ['colcon_pkg']
[0.746s] Level 1:colcon.colcon_core.package_identification:_identify(src/moveit_task_constructor/rviz_marker_tools) by extension 'colcon_pkg'
[0.746s] Level 1:colcon.colcon_core.package_identification:_identify(src/moveit_task_constructor/rviz_marker_tools) by extensions ['colcon_meta']
[0.746s] Level 1:colcon.colcon_core.package_identification:_identify(src/moveit_task_constructor/rviz_marker_tools) by extension 'colcon_meta'
[0.746s] Level 1:colcon.colcon_core.package_identification:_identify(src/moveit_task_constructor/rviz_marker_tools) by extensions ['ros']
[0.746s] Level 1:colcon.colcon_core.package_identification:_identify(src/moveit_task_constructor/rviz_marker_tools) by extension 'ros'
[0.748s] DEBUG:colcon.colcon_core.package_identification:Package 'src/moveit_task_constructor/rviz_marker_tools' with type 'ros.ament_cmake' and name 'rviz_marker_tools'
[0.748s] Level 1:colcon.colcon_core.package_identification:_identify(src/moveit_task_constructor/visualization) by extensions ['ignore', 'ignore_ament_install']
[0.748s] Level 1:colcon.colcon_core.package_identification:_identify(src/moveit_task_constructor/visualization) by extension 'ignore'
[0.749s] Level 1:colcon.colcon_core.package_identification:_identify(src/moveit_task_constructor/visualization) by extension 'ignore_ament_install'
[0.749s] Level 1:colcon.colcon_core.package_identification:_identify(src/moveit_task_constructor/visualization) by extensions ['colcon_pkg']
[0.749s] Level 1:colcon.colcon_core.package_identification:_identify(src/moveit_task_constructor/visualization) by extension 'colcon_pkg'
[0.749s] Level 1:colcon.colcon_core.package_identification:_identify(src/moveit_task_constructor/visualization) by extensions ['colcon_meta']
[0.749s] Level 1:colcon.colcon_core.package_identification:_identify(src/moveit_task_constructor/visualization) by extension 'colcon_meta'
[0.749s] Level 1:colcon.colcon_core.package_identification:_identify(src/moveit_task_constructor/visualization) by extensions ['ros']
[0.749s] Level 1:colcon.colcon_core.package_identification:_identify(src/moveit_task_constructor/visualization) by extension 'ros'
[0.751s] DEBUG:colcon.colcon_core.package_identification:Package 'src/moveit_task_constructor/visualization' with type 'ros.ament_cmake' and name 'moveit_task_constructor_visualization'
[0.751s] Level 1:colcon.colcon_core.package_identification:_identify(src/perception_vision) by extensions ['ignore', 'ignore_ament_install']
[0.751s] Level 1:colcon.colcon_core.package_identification:_identify(src/perception_vision) by extension 'ignore'
[0.751s] Level 1:colcon.colcon_core.package_identification:_identify(src/perception_vision) by extension 'ignore_ament_install'
[0.752s] Level 1:colcon.colcon_core.package_identification:_identify(src/perception_vision) by extensions ['colcon_pkg']
[0.752s] Level 1:colcon.colcon_core.package_identification:_identify(src/perception_vision) by extension 'colcon_pkg'
[0.752s] Level 1:colcon.colcon_core.package_identification:_identify(src/perception_vision) by extensions ['colcon_meta']
[0.752s] Level 1:colcon.colcon_core.package_identification:_identify(src/perception_vision) by extension 'colcon_meta'
[0.752s] Level 1:colcon.colcon_core.package_identification:_identify(src/perception_vision) by extensions ['ros']
[0.752s] Level 1:colcon.colcon_core.package_identification:_identify(src/perception_vision) by extension 'ros'
[0.753s] DEBUG:colcon.colcon_core.package_identification:Package 'src/perception_vision' with type 'ros.ament_python' and name 'perception_vision'
[0.754s] Level 1:colcon.colcon_core.package_identification:_identify(src/urdf_humble_test) by extensions ['ignore', 'ignore_ament_install']
[0.754s] Level 1:colcon.colcon_core.package_identification:_identify(src/urdf_humble_test) by extension 'ignore'
[0.754s] Level 1:colcon.colcon_core.package_identification:_identify(src/urdf_humble_test) by extension 'ignore_ament_install'
[0.754s] Level 1:colcon.colcon_core.package_identification:_identify(src/urdf_humble_test) by extensions ['colcon_pkg']
[0.754s] Level 1:colcon.colcon_core.package_identification:_identify(src/urdf_humble_test) by extension 'colcon_pkg'
[0.754s] Level 1:colcon.colcon_core.package_identification:_identify(src/urdf_humble_test) by extensions ['colcon_meta']
[0.754s] Level 1:colcon.colcon_core.package_identification:_identify(src/urdf_humble_test) by extension 'colcon_meta'
[0.754s] Level 1:colcon.colcon_core.package_identification:_identify(src/urdf_humble_test) by extensions ['ros']
[0.754s] Level 1:colcon.colcon_core.package_identification:_identify(src/urdf_humble_test) by extension 'ros'
[0.757s] DEBUG:colcon.colcon_core.package_identification:Package 'src/urdf_humble_test' with type 'ros.ament_cmake' and name 'urdf_humble_test'
[0.757s] Level 1:colcon.colcon_core.package_identification:_identify(src/urdf_humble_test_moveit_config) by extensions ['ignore', 'ignore_ament_install']
[0.757s] Level 1:colcon.colcon_core.package_identification:_identify(src/urdf_humble_test_moveit_config) by extension 'ignore'
[0.757s] Level 1:colcon.colcon_core.package_identification:_identify(src/urdf_humble_test_moveit_config) by extension 'ignore_ament_install'
[0.757s] Level 1:colcon.colcon_core.package_identification:_identify(src/urdf_humble_test_moveit_config) by extensions ['colcon_pkg']
[0.757s] Level 1:colcon.colcon_core.package_identification:_identify(src/urdf_humble_test_moveit_config) by extension 'colcon_pkg'
[0.757s] Level 1:colcon.colcon_core.package_identification:_identify(src/urdf_humble_test_moveit_config) by extensions ['colcon_meta']
[0.757s] Level 1:colcon.colcon_core.package_identification:_identify(src/urdf_humble_test_moveit_config) by extension 'colcon_meta'
[0.758s] Level 1:colcon.colcon_core.package_identification:_identify(src/urdf_humble_test_moveit_config) by extensions ['ros']
[0.758s] Level 1:colcon.colcon_core.package_identification:_identify(src/urdf_humble_test_moveit_config) by extension 'ros'
[0.759s] DEBUG:colcon.colcon_core.package_identification:Package 'src/urdf_humble_test_moveit_config' with type 'ros.ament_cmake' and name 'urdf_humble_test_moveit_config'
[0.759s] Level 1:colcon.colcon_core.package_identification:_identify(src/warehouse_ros_mongo) by extensions ['ignore', 'ignore_ament_install']
[0.760s] Level 1:colcon.colcon_core.package_identification:_identify(src/warehouse_ros_mongo) by extension 'ignore'
[0.760s] Level 1:colcon.colcon_core.package_identification:_identify(src/warehouse_ros_mongo) by extension 'ignore_ament_install'
[0.760s] Level 1:colcon.colcon_core.package_identification:_identify(src/warehouse_ros_mongo) by extensions ['colcon_pkg']
[0.760s] Level 1:colcon.colcon_core.package_identification:_identify(src/warehouse_ros_mongo) by extension 'colcon_pkg'
[0.760s] Level 1:colcon.colcon_core.package_identification:_identify(src/warehouse_ros_mongo) by extensions ['colcon_meta']
[0.760s] Level 1:colcon.colcon_core.package_identification:_identify(src/warehouse_ros_mongo) by extension 'colcon_meta'
[0.760s] Level 1:colcon.colcon_core.package_identification:_identify(src/warehouse_ros_mongo) by extensions ['ros']
[0.760s] Level 1:colcon.colcon_core.package_identification:_identify(src/warehouse_ros_mongo) by extension 'ros'
[0.762s] DEBUG:colcon.colcon_core.package_identification:Package 'src/warehouse_ros_mongo' with type 'ros.ament_cmake' and name 'warehouse_ros_mongo'
[0.762s] Level 1:colcon.colcon_core.package_discovery:discover_packages(recursive) using defaults
[0.763s] Level 1:colcon.colcon_core.package_discovery:discover_packages(ignore) discover
[0.763s] Level 1:colcon.colcon_core.package_discovery:discover_packages(ignore) using defaults
[0.763s] Level 1:colcon.colcon_core.package_discovery:discover_packages(path) discover
[0.763s] Level 1:colcon.colcon_core.package_discovery:discover_packages(path) using defaults
[0.815s] Level 1:colcon.colcon_core.package_discovery:discover_packages(prefix_path) check parameters
[0.815s] Level 1:colcon.colcon_core.package_discovery:discover_packages(prefix_path) discover
[0.817s] WARNING:colcon.colcon_ros.prefix_path.ament:The path '/home/devika/robo_ws/install/hello_moveit_task_constructor' in the environment variable AMENT_PREFIX_PATH doesn't exist
[0.822s] WARNING:colcon.colcon_ros.prefix_path.catkin:The path '/home/devika/robo_ws/install/hello_moveit_task_constructor' in the environment variable CMAKE_PREFIX_PATH doesn't exist
[0.825s] DEBUG:colcon.colcon_installed_package_information.package_discovery:Found 13 installed packages in /home/devika/robo_ws/install
[0.828s] DEBUG:colcon.colcon_installed_package_information.package_discovery:Found 55 installed packages in /home/devika/ws_moveit2/install
[0.831s] DEBUG:colcon.colcon_installed_package_information.package_discovery:Found 3 installed packages in /home/devika/manga_ws/install
[0.833s] DEBUG:colcon.colcon_installed_package_information.package_discovery:Found 7 installed packages in /home/devika/some_ws/install
[0.838s] DEBUG:colcon.colcon_installed_package_information.package_discovery:Found 384 installed packages in /opt/ros/humble
[0.842s] Level 1:colcon.colcon_core.package_discovery:discover_packages(prefix_path) using defaults
[0.971s] WARNING:colcon.colcon_core.package_selection:Some selected packages are already built in one or more underlay workspaces:
	'warehouse_ros_mongo' is in: /home/devika/robo_ws/install/warehouse_ros_mongo
	'moveit_task_constructor_core' is in: /home/devika/ws_moveit2/install/moveit_task_constructor_core, /home/devika/robo_ws/install/moveit_task_constructor_core
	'gazebo_ros2_control' is in: /home/devika/robo_ws/install/gazebo_ros2_control, /opt/ros/humble
If a package in a merged underlay workspace is overridden and it installs headers, then all packages in the overlay must sort their include directories by workspace order. Failure to do so may result in build failures or undefined behavior at run time.
If the overridden package is used by another package in any underlay, then the overriding package in the overlay must be API and ABI compatible or undefined behavior at run time may occur.

If you understand the risks and want to override a package anyways, add the following to the command line:
	--allow-overriding gazebo_ros2_control moveit_task_constructor_core warehouse_ros_mongo

This may be promoted to an error in a future release of colcon-override-check.
[0.973s] Level 5:colcon.colcon_core.verb:set package 'cylinder_position_estimator' build argument 'cmake_args' from command line to 'None'
[0.974s] Level 5:colcon.colcon_core.verb:set package 'cylinder_position_estimator' build argument 'cmake_target' from command line to 'None'
[0.974s] Level 5:colcon.colcon_core.verb:set package 'cylinder_position_estimator' build argument 'cmake_target_skip_unavailable' from command line to 'False'
[0.974s] Level 5:colcon.colcon_core.verb:set package 'cylinder_position_estimator' build argument 'cmake_clean_cache' from command line to 'False'
[0.974s] Level 5:colcon.colcon_core.verb:set package 'cylinder_position_estimator' build argument 'cmake_clean_first' from command line to 'False'
[0.974s] Level 5:colcon.colcon_core.verb:set package 'cylinder_position_estimator' build argument 'cmake_force_configure' from command line to 'False'
[0.974s] Level 5:colcon.colcon_core.verb:set package 'cylinder_position_estimator' build argument 'ament_cmake_args' from command line to 'None'
[0.974s] Level 5:colcon.colcon_core.verb:set package 'cylinder_position_estimator' build argument 'catkin_cmake_args' from command line to 'None'
[0.974s] Level 5:colcon.colcon_core.verb:set package 'cylinder_position_estimator' build argument 'catkin_skip_building_tests' from command line to 'False'
[0.974s] DEBUG:colcon.colcon_core.verb:Building package 'cylinder_position_estimator' with the following arguments: {'ament_cmake_args': None, 'build_base': '/home/devika/robo_ws/build/cylinder_position_estimator', 'catkin_cmake_args': None, 'catkin_skip_building_tests': False, 'cmake_args': None, 'cmake_clean_cache': False, 'cmake_clean_first': False, 'cmake_force_configure': False, 'cmake_target': None, 'cmake_target_skip_unavailable': False, 'install_base': '/home/devika/robo_ws/install/cylinder_position_estimator', 'merge_install': False, 'path': '/home/devika/robo_ws/src/cylinder_position_estimator', 'symlink_install': False, 'test_result_base': None}
[0.975s] Level 5:colcon.colcon_core.verb:set package 'gazebo_ros2_control' build argument 'cmake_args' from command line to 'None'
[0.975s] Level 5:colcon.colcon_core.verb:set package 'gazebo_ros2_control' build argument 'cmake_target' from command line to 'None'
[0.975s] Level 5:colcon.colcon_core.verb:set package 'gazebo_ros2_control' build argument 'cmake_target_skip_unavailable' from command line to 'False'
[0.975s] Level 5:colcon.colcon_core.verb:set package 'gazebo_ros2_control' build argument 'cmake_clean_cache' from command line to 'False'
[0.975s] Level 5:colcon.colcon_core.verb:set package 'gazebo_ros2_control' build argument 'cmake_clean_first' from command line to 'False'
[0.975s] Level 5:colcon.colcon_core.verb:set package 'gazebo_ros2_control' build argument 'cmake_force_configure' from command line to 'False'
[0.975s] Level 5:colcon.colcon_core.verb:set package 'gazebo_ros2_control' build argument 'ament_cmake_args' from command line to 'None'
[0.975s] Level 5:colcon.colcon_core.verb:set package 'gazebo_ros2_control' build argument 'catkin_cmake_args' from command line to 'None'
[0.975s] Level 5:colcon.colcon_core.verb:set package 'gazebo_ros2_control' build argument 'catkin_skip_building_tests' from command line to 'False'
[0.975s] DEBUG:colcon.colcon_core.verb:Building package 'gazebo_ros2_control' with the following arguments: {'ament_cmake_args': None, 'build_base': '/home/devika/robo_ws/build/gazebo_ros2_control', 'catkin_cmake_args': None, 'catkin_skip_building_tests': False, 'cmake_args': None, 'cmake_clean_cache': False, 'cmake_clean_first': False, 'cmake_force_configure': False, 'cmake_target': None, 'cmake_target_skip_unavailable': False, 'install_base': '/home/devika/robo_ws/install/gazebo_ros2_control', 'merge_install': False, 'path': '/home/devika/robo_ws/src/gazebo_ros2_control', 'symlink_install': False, 'test_result_base': None}
[0.976s] Level 5:colcon.colcon_core.verb:set package 'hello_moveit' build argument 'cmake_args' from command line to 'None'
[0.976s] Level 5:colcon.colcon_core.verb:set package 'hello_moveit' build argument 'cmake_target' from command line to 'None'
[0.976s] Level 5:colcon.colcon_core.verb:set package 'hello_moveit' build argument 'cmake_target_skip_unavailable' from command line to 'False'
[0.976s] Level 5:colcon.colcon_core.verb:set package 'hello_moveit' build argument 'cmake_clean_cache' from command line to 'False'
[0.976s] Level 5:colcon.colcon_core.verb:set package 'hello_moveit' build argument 'cmake_clean_first' from command line to 'False'
[0.976s] Level 5:colcon.colcon_core.verb:set package 'hello_moveit' build argument 'cmake_force_configure' from command line to 'False'
[0.976s] Level 5:colcon.colcon_core.verb:set package 'hello_moveit' build argument 'ament_cmake_args' from command line to 'None'
[0.976s] Level 5:colcon.colcon_core.verb:set package 'hello_moveit' build argument 'catkin_cmake_args' from command line to 'None'
[0.977s] Level 5:colcon.colcon_core.verb:set package 'hello_moveit' build argument 'catkin_skip_building_tests' from command line to 'False'
[0.977s] DEBUG:colcon.colcon_core.verb:Building package 'hello_moveit' with the following arguments: {'ament_cmake_args': None, 'build_base': '/home/devika/robo_ws/build/hello_moveit', 'catkin_cmake_args': None, 'catkin_skip_building_tests': False, 'cmake_args': None, 'cmake_clean_cache': False, 'cmake_clean_first': False, 'cmake_force_configure': False, 'cmake_target': None, 'cmake_target_skip_unavailable': False, 'install_base': '/home/devika/robo_ws/install/hello_moveit', 'merge_install': False, 'path': '/home/devika/robo_ws/src/hello_moveit', 'symlink_install': False, 'test_result_base': None}
[0.977s] Level 5:colcon.colcon_core.verb:set package 'moveit_task_constructor_msgs' build argument 'cmake_args' from command line to 'None'
[0.977s] Level 5:colcon.colcon_core.verb:set package 'moveit_task_constructor_msgs' build argument 'cmake_target' from command line to 'None'
[0.977s] Level 5:colcon.colcon_core.verb:set package 'moveit_task_constructor_msgs' build argument 'cmake_target_skip_unavailable' from command line to 'False'
[0.977s] Level 5:colcon.colcon_core.verb:set package 'moveit_task_constructor_msgs' build argument 'cmake_clean_cache' from command line to 'False'
[0.977s] Level 5:colcon.colcon_core.verb:set package 'moveit_task_constructor_msgs' build argument 'cmake_clean_first' from command line to 'False'
[0.977s] Level 5:colcon.colcon_core.verb:set package 'moveit_task_constructor_msgs' build argument 'cmake_force_configure' from command line to 'False'
[0.977s] Level 5:colcon.colcon_core.verb:set package 'moveit_task_constructor_msgs' build argument 'ament_cmake_args' from command line to 'None'
[0.978s] Level 5:colcon.colcon_core.verb:set package 'moveit_task_constructor_msgs' build argument 'catkin_cmake_args' from command line to 'None'
[0.978s] Level 5:colcon.colcon_core.verb:set package 'moveit_task_constructor_msgs' build argument 'catkin_skip_building_tests' from command line to 'False'
[0.978s] DEBUG:colcon.colcon_core.verb:Building package 'moveit_task_constructor_msgs' with the following arguments: {'ament_cmake_args': None, 'build_base': '/home/devika/robo_ws/build/moveit_task_constructor_msgs', 'catkin_cmake_args': None, 'catkin_skip_building_tests': False, 'cmake_args': None, 'cmake_clean_cache': False, 'cmake_clean_first': False, 'cmake_force_configure': False, 'cmake_target': None, 'cmake_target_skip_unavailable': False, 'install_base': '/home/devika/robo_ws/install/moveit_task_constructor_msgs', 'merge_install': False, 'path': '/home/devika/robo_ws/src/moveit_task_constructor/msgs', 'symlink_install': False, 'test_result_base': None}
[0.978s] Level 5:colcon.colcon_core.verb:set package 'perception_vision' build argument 'cmake_args' from command line to 'None'
[0.978s] Level 5:colcon.colcon_core.verb:set package 'perception_vision' build argument 'cmake_target' from command line to 'None'
[0.978s] Level 5:colcon.colcon_core.verb:set package 'perception_vision' build argument 'cmake_target_skip_unavailable' from command line to 'False'
[0.978s] Level 5:colcon.colcon_core.verb:set package 'perception_vision' build argument 'cmake_clean_cache' from command line to 'False'
[0.978s] Level 5:colcon.colcon_core.verb:set package 'perception_vision' build argument 'cmake_clean_first' from command line to 'False'
[0.978s] Level 5:colcon.colcon_core.verb:set package 'perception_vision' build argument 'cmake_force_configure' from command line to 'False'
[0.978s] Level 5:colcon.colcon_core.verb:set package 'perception_vision' build argument 'ament_cmake_args' from command line to 'None'
[0.979s] Level 5:colcon.colcon_core.verb:set package 'perception_vision' build argument 'catkin_cmake_args' from command line to 'None'
[0.979s] Level 5:colcon.colcon_core.verb:set package 'perception_vision' build argument 'catkin_skip_building_tests' from command line to 'False'
[0.979s] DEBUG:colcon.colcon_core.verb:Building package 'perception_vision' with the following arguments: {'ament_cmake_args': None, 'build_base': '/home/devika/robo_ws/build/perception_vision', 'catkin_cmake_args': None, 'catkin_skip_building_tests': False, 'cmake_args': None, 'cmake_clean_cache': False, 'cmake_clean_first': False, 'cmake_force_configure': False, 'cmake_target': None, 'cmake_target_skip_unavailable': False, 'install_base': '/home/devika/robo_ws/install/perception_vision', 'merge_install': False, 'path': '/home/devika/robo_ws/src/perception_vision', 'symlink_install': False, 'test_result_base': None}
[0.980s] Level 5:colcon.colcon_core.verb:set package 'rviz_marker_tools' build argument 'cmake_args' from command line to 'None'
[0.980s] Level 5:colcon.colcon_core.verb:set package 'rviz_marker_tools' build argument 'cmake_target' from command line to 'None'
[0.980s] Level 5:colcon.colcon_core.verb:set package 'rviz_marker_tools' build argument 'cmake_target_skip_unavailable' from command line to 'False'
[0.980s] Level 5:colcon.colcon_core.verb:set package 'rviz_marker_tools' build argument 'cmake_clean_cache' from command line to 'False'
[0.980s] Level 5:colcon.colcon_core.verb:set package 'rviz_marker_tools' build argument 'cmake_clean_first' from command line to 'False'
[0.980s] Level 5:colcon.colcon_core.verb:set package 'rviz_marker_tools' build argument 'cmake_force_configure' from command line to 'False'
[0.980s] Level 5:colcon.colcon_core.verb:set package 'rviz_marker_tools' build argument 'ament_cmake_args' from command line to 'None'
[0.980s] Level 5:colcon.colcon_core.verb:set package 'rviz_marker_tools' build argument 'catkin_cmake_args' from command line to 'None'
[0.980s] Level 5:colcon.colcon_core.verb:set package 'rviz_marker_tools' build argument 'catkin_skip_building_tests' from command line to 'False'
[0.980s] DEBUG:colcon.colcon_core.verb:Building package 'rviz_marker_tools' with the following arguments: {'ament_cmake_args': None, 'build_base': '/home/devika/robo_ws/build/rviz_marker_tools', 'catkin_cmake_args': None, 'catkin_skip_building_tests': False, 'cmake_args': None, 'cmake_clean_cache': False, 'cmake_clean_first': False, 'cmake_force_configure': False, 'cmake_target': None, 'cmake_target_skip_unavailable': False, 'install_base': '/home/devika/robo_ws/install/rviz_marker_tools', 'merge_install': False, 'path': '/home/devika/robo_ws/src/moveit_task_constructor/rviz_marker_tools', 'symlink_install': False, 'test_result_base': None}
[0.981s] Level 5:colcon.colcon_core.verb:set package 'warehouse_ros_mongo' build argument 'cmake_args' from command line to 'None'
[0.981s] Level 5:colcon.colcon_core.verb:set package 'warehouse_ros_mongo' build argument 'cmake_target' from command line to 'None'
[0.981s] Level 5:colcon.colcon_core.verb:set package 'warehouse_ros_mongo' build argument 'cmake_target_skip_unavailable' from command line to 'False'
[0.981s] Level 5:colcon.colcon_core.verb:set package 'warehouse_ros_mongo' build argument 'cmake_clean_cache' from command line to 'False'
[0.981s] Level 5:colcon.colcon_core.verb:set package 'warehouse_ros_mongo' build argument 'cmake_clean_first' from command line to 'False'
[0.981s] Level 5:colcon.colcon_core.verb:set package 'warehouse_ros_mongo' build argument 'cmake_force_configure' from command line to 'False'
[0.981s] Level 5:colcon.colcon_core.verb:set package 'warehouse_ros_mongo' build argument 'ament_cmake_args' from command line to 'None'
[0.981s] Level 5:colcon.colcon_core.verb:set package 'warehouse_ros_mongo' build argument 'catkin_cmake_args' from command line to 'None'
[0.981s] Level 5:colcon.colcon_core.verb:set package 'warehouse_ros_mongo' build argument 'catkin_skip_building_tests' from command line to 'False'
[0.981s] DEBUG:colcon.colcon_core.verb:Building package 'warehouse_ros_mongo' with the following arguments: {'ament_cmake_args': None, 'build_base': '/home/devika/robo_ws/build/warehouse_ros_mongo', 'catkin_cmake_args': None, 'catkin_skip_building_tests': False, 'cmake_args': None, 'cmake_clean_cache': False, 'cmake_clean_first': False, 'cmake_force_configure': False, 'cmake_target': None, 'cmake_target_skip_unavailable': False, 'install_base': '/home/devika/robo_ws/install/warehouse_ros_mongo', 'merge_install': False, 'path': '/home/devika/robo_ws/src/warehouse_ros_mongo', 'symlink_install': False, 'test_result_base': None}
[0.982s] Level 5:colcon.colcon_core.verb:set package 'moveit_task_constructor_core' build argument 'cmake_args' from command line to 'None'
[0.982s] Level 5:colcon.colcon_core.verb:set package 'moveit_task_constructor_core' build argument 'cmake_target' from command line to 'None'
[0.983s] Level 5:colcon.colcon_core.verb:set package 'moveit_task_constructor_core' build argument 'cmake_target_skip_unavailable' from command line to 'False'
[0.983s] Level 5:colcon.colcon_core.verb:set package 'moveit_task_constructor_core' build argument 'cmake_clean_cache' from command line to 'False'
[0.983s] Level 5:colcon.colcon_core.verb:set package 'moveit_task_constructor_core' build argument 'cmake_clean_first' from command line to 'False'
[0.983s] Level 5:colcon.colcon_core.verb:set package 'moveit_task_constructor_core' build argument 'cmake_force_configure' from command line to 'False'
[0.983s] Level 5:colcon.colcon_core.verb:set package 'moveit_task_constructor_core' build argument 'ament_cmake_args' from command line to 'None'
[0.983s] Level 5:colcon.colcon_core.verb:set package 'moveit_task_constructor_core' build argument 'catkin_cmake_args' from command line to 'None'
[0.983s] Level 5:colcon.colcon_core.verb:set package 'moveit_task_constructor_core' build argument 'catkin_skip_building_tests' from command line to 'False'
[0.983s] DEBUG:colcon.colcon_core.verb:Building package 'moveit_task_constructor_core' with the following arguments: {'ament_cmake_args': None, 'build_base': '/home/devika/robo_ws/build/moveit_task_constructor_core', 'catkin_cmake_args': None, 'catkin_skip_building_tests': False, 'cmake_args': None, 'cmake_clean_cache': False, 'cmake_clean_first': False, 'cmake_force_configure': False, 'cmake_target': None, 'cmake_target_skip_unavailable': False, 'install_base': '/home/devika/robo_ws/install/moveit_task_constructor_core', 'merge_install': False, 'path': '/home/devika/robo_ws/src/moveit_task_constructor/core', 'symlink_install': False, 'test_result_base': None}
[0.984s] Level 5:colcon.colcon_core.verb:set package 'urdf_humble_test' build argument 'cmake_args' from command line to 'None'
[0.984s] Level 5:colcon.colcon_core.verb:set package 'urdf_humble_test' build argument 'cmake_target' from command line to 'None'
[0.984s] Level 5:colcon.colcon_core.verb:set package 'urdf_humble_test' build argument 'cmake_target_skip_unavailable' from command line to 'False'
[0.984s] Level 5:colcon.colcon_core.verb:set package 'urdf_humble_test' build argument 'cmake_clean_cache' from command line to 'False'
[0.984s] Level 5:colcon.colcon_core.verb:set package 'urdf_humble_test' build argument 'cmake_clean_first' from command line to 'False'
[0.984s] Level 5:colcon.colcon_core.verb:set package 'urdf_humble_test' build argument 'cmake_force_configure' from command line to 'False'
[0.984s] Level 5:colcon.colcon_core.verb:set package 'urdf_humble_test' build argument 'ament_cmake_args' from command line to 'None'
[0.984s] Level 5:colcon.colcon_core.verb:set package 'urdf_humble_test' build argument 'catkin_cmake_args' from command line to 'None'
[0.984s] Level 5:colcon.colcon_core.verb:set package 'urdf_humble_test' build argument 'catkin_skip_building_tests' from command line to 'False'
[0.985s] DEBUG:colcon.colcon_core.verb:Building package 'urdf_humble_test' with the following arguments: {'ament_cmake_args': None, 'build_base': '/home/devika/robo_ws/build/urdf_humble_test', 'catkin_cmake_args': None, 'catkin_skip_building_tests': False, 'cmake_args': None, 'cmake_clean_cache': False, 'cmake_clean_first': False, 'cmake_force_configure': False, 'cmake_target': None, 'cmake_target_skip_unavailable': False, 'install_base': '/home/devika/robo_ws/install/urdf_humble_test', 'merge_install': False, 'path': '/home/devika/robo_ws/src/urdf_humble_test', 'symlink_install': False, 'test_result_base': None}
[0.986s] Level 5:colcon.colcon_core.verb:set package 'hello_moveit_task_constructor' build argument 'cmake_args' from command line to 'None'
[0.986s] Level 5:colcon.colcon_core.verb:set package 'hello_moveit_task_constructor' build argument 'cmake_target' from command line to 'None'
[0.986s] Level 5:colcon.colcon_core.verb:set package 'hello_moveit_task_constructor' build argument 'cmake_target_skip_unavailable' from command line to 'False'
[0.986s] Level 5:colcon.colcon_core.verb:set package 'hello_moveit_task_constructor' build argument 'cmake_clean_cache' from command line to 'False'
[0.986s] Level 5:colcon.colcon_core.verb:set package 'hello_moveit_task_constructor' build argument 'cmake_clean_first' from command line to 'False'
[0.986s] Level 5:colcon.colcon_core.verb:set package 'hello_moveit_task_constructor' build argument 'cmake_force_configure' from command line to 'False'
[0.986s] Level 5:colcon.colcon_core.verb:set package 'hello_moveit_task_constructor' build argument 'ament_cmake_args' from command line to 'None'
[0.986s] Level 5:colcon.colcon_core.verb:set package 'hello_moveit_task_constructor' build argument 'catkin_cmake_args' from command line to 'None'
[0.986s] Level 5:colcon.colcon_core.verb:set package 'hello_moveit_task_constructor' build argument 'catkin_skip_building_tests' from command line to 'False'
[0.986s] DEBUG:colcon.colcon_core.verb:Building package 'hello_moveit_task_constructor' with the following arguments: {'ament_cmake_args': None, 'build_base': '/home/devika/robo_ws/build/hello_moveit_task_constructor', 'catkin_cmake_args': None, 'catkin_skip_building_tests': False, 'cmake_args': None, 'cmake_clean_cache': False, 'cmake_clean_first': False, 'cmake_force_configure': False, 'cmake_target': None, 'cmake_target_skip_unavailable': False, 'install_base': '/home/devika/robo_ws/install/hello_moveit_task_constructor', 'merge_install': False, 'path': '/home/devika/robo_ws/src/hello_moveit_task_constructor', 'symlink_install': False, 'test_result_base': None}
[0.987s] Level 5:colcon.colcon_core.verb:set package 'moveit_task_constructor_capabilities' build argument 'cmake_args' from command line to 'None'
[0.988s] Level 5:colcon.colcon_core.verb:set package 'moveit_task_constructor_capabilities' build argument 'cmake_target' from command line to 'None'
[0.988s] Level 5:colcon.colcon_core.verb:set package 'moveit_task_constructor_capabilities' build argument 'cmake_target_skip_unavailable' from command line to 'False'
[0.988s] Level 5:colcon.colcon_core.verb:set package 'moveit_task_constructor_capabilities' build argument 'cmake_clean_cache' from command line to 'False'
[0.988s] Level 5:colcon.colcon_core.verb:set package 'moveit_task_constructor_capabilities' build argument 'cmake_clean_first' from command line to 'False'
[0.988s] Level 5:colcon.colcon_core.verb:set package 'moveit_task_constructor_capabilities' build argument 'cmake_force_configure' from command line to 'False'
[0.988s] Level 5:colcon.colcon_core.verb:set package 'moveit_task_constructor_capabilities' build argument 'ament_cmake_args' from command line to 'None'
[0.988s] Level 5:colcon.colcon_core.verb:set package 'moveit_task_constructor_capabilities' build argument 'catkin_cmake_args' from command line to 'None'
[0.988s] Level 5:colcon.colcon_core.verb:set package 'moveit_task_constructor_capabilities' build argument 'catkin_skip_building_tests' from command line to 'False'
[0.988s] DEBUG:colcon.colcon_core.verb:Building package 'moveit_task_constructor_capabilities' with the following arguments: {'ament_cmake_args': None, 'build_base': '/home/devika/robo_ws/build/moveit_task_constructor_capabilities', 'catkin_cmake_args': None, 'catkin_skip_building_tests': False, 'cmake_args': None, 'cmake_clean_cache': False, 'cmake_clean_first': False, 'cmake_force_configure': False, 'cmake_target': None, 'cmake_target_skip_unavailable': False, 'install_base': '/home/devika/robo_ws/install/moveit_task_constructor_capabilities', 'merge_install': False, 'path': '/home/devika/robo_ws/src/moveit_task_constructor/capabilities', 'symlink_install': False, 'test_result_base': None}
[0.989s] Level 5:colcon.colcon_core.verb:set package 'moveit_task_constructor_visualization' build argument 'cmake_args' from command line to 'None'
[0.990s] Level 5:colcon.colcon_core.verb:set package 'moveit_task_constructor_visualization' build argument 'cmake_target' from command line to 'None'
[0.990s] Level 5:colcon.colcon_core.verb:set package 'moveit_task_constructor_visualization' build argument 'cmake_target_skip_unavailable' from command line to 'False'
[0.990s] Level 5:colcon.colcon_core.verb:set package 'moveit_task_constructor_visualization' build argument 'cmake_clean_cache' from command line to 'False'
[0.990s] Level 5:colcon.colcon_core.verb:set package 'moveit_task_constructor_visualization' build argument 'cmake_clean_first' from command line to 'False'
[0.990s] Level 5:colcon.colcon_core.verb:set package 'moveit_task_constructor_visualization' build argument 'cmake_force_configure' from command line to 'False'
[0.990s] Level 5:colcon.colcon_core.verb:set package 'moveit_task_constructor_visualization' build argument 'ament_cmake_args' from command line to 'None'
[0.990s] Level 5:colcon.colcon_core.verb:set package 'moveit_task_constructor_visualization' build argument 'catkin_cmake_args' from command line to 'None'
[0.990s] Level 5:colcon.colcon_core.verb:set package 'moveit_task_constructor_visualization' build argument 'catkin_skip_building_tests' from command line to 'False'
[0.990s] DEBUG:colcon.colcon_core.verb:Building package 'moveit_task_constructor_visualization' with the following arguments: {'ament_cmake_args': None, 'build_base': '/home/devika/robo_ws/build/moveit_task_constructor_visualization', 'catkin_cmake_args': None, 'catkin_skip_building_tests': False, 'cmake_args': None, 'cmake_clean_cache': False, 'cmake_clean_first': False, 'cmake_force_configure': False, 'cmake_target': None, 'cmake_target_skip_unavailable': False, 'install_base': '/home/devika/robo_ws/install/moveit_task_constructor_visualization', 'merge_install': False, 'path': '/home/devika/robo_ws/src/moveit_task_constructor/visualization', 'symlink_install': False, 'test_result_base': None}
[0.991s] Level 5:colcon.colcon_core.verb:set package 'urdf_humble_test_moveit_config' build argument 'cmake_args' from command line to 'None'
[0.992s] Level 5:colcon.colcon_core.verb:set package 'urdf_humble_test_moveit_config' build argument 'cmake_target' from command line to 'None'
[0.992s] Level 5:colcon.colcon_core.verb:set package 'urdf_humble_test_moveit_config' build argument 'cmake_target_skip_unavailable' from command line to 'False'
[0.992s] Level 5:colcon.colcon_core.verb:set package 'urdf_humble_test_moveit_config' build argument 'cmake_clean_cache' from command line to 'False'
[0.992s] Level 5:colcon.colcon_core.verb:set package 'urdf_humble_test_moveit_config' build argument 'cmake_clean_first' from command line to 'False'
[0.992s] Level 5:colcon.colcon_core.verb:set package 'urdf_humble_test_moveit_config' build argument 'cmake_force_configure' from command line to 'False'
[0.992s] Level 5:colcon.colcon_core.verb:set package 'urdf_humble_test_moveit_config' build argument 'ament_cmake_args' from command line to 'None'
[0.992s] Level 5:colcon.colcon_core.verb:set package 'urdf_humble_test_moveit_config' build argument 'catkin_cmake_args' from command line to 'None'
[0.992s] Level 5:colcon.colcon_core.verb:set package 'urdf_humble_test_moveit_config' build argument 'catkin_skip_building_tests' from command line to 'False'
[0.992s] DEBUG:colcon.colcon_core.verb:Building package 'urdf_humble_test_moveit_config' with the following arguments: {'ament_cmake_args': None, 'build_base': '/home/devika/robo_ws/build/urdf_humble_test_moveit_config', 'catkin_cmake_args': None, 'catkin_skip_building_tests': False, 'cmake_args': None, 'cmake_clean_cache': False, 'cmake_clean_first': False, 'cmake_force_configure': False, 'cmake_target': None, 'cmake_target_skip_unavailable': False, 'install_base': '/home/devika/robo_ws/install/urdf_humble_test_moveit_config', 'merge_install': False, 'path': '/home/devika/robo_ws/src/urdf_humble_test_moveit_config', 'symlink_install': False, 'test_result_base': None}
[0.993s] Level 5:colcon.colcon_core.verb:set package 'moveit_task_constructor_demo' build argument 'cmake_args' from command line to 'None'
[0.993s] Level 5:colcon.colcon_core.verb:set package 'moveit_task_constructor_demo' build argument 'cmake_target' from command line to 'None'
[0.994s] Level 5:colcon.colcon_core.verb:set package 'moveit_task_constructor_demo' build argument 'cmake_target_skip_unavailable' from command line to 'False'
[0.994s] Level 5:colcon.colcon_core.verb:set package 'moveit_task_constructor_demo' build argument 'cmake_clean_cache' from command line to 'False'
[0.994s] Level 5:colcon.colcon_core.verb:set package 'moveit_task_constructor_demo' build argument 'cmake_clean_first' from command line to 'False'
[0.994s] Level 5:colcon.colcon_core.verb:set package 'moveit_task_constructor_demo' build argument 'cmake_force_configure' from command line to 'False'
[0.994s] Level 5:colcon.colcon_core.verb:set package 'moveit_task_constructor_demo' build argument 'ament_cmake_args' from command line to 'None'
[0.994s] Level 5:colcon.colcon_core.verb:set package 'moveit_task_constructor_demo' build argument 'catkin_cmake_args' from command line to 'None'
[0.994s] Level 5:colcon.colcon_core.verb:set package 'moveit_task_constructor_demo' build argument 'catkin_skip_building_tests' from command line to 'False'
[0.994s] DEBUG:colcon.colcon_core.verb:Building package 'moveit_task_constructor_demo' with the following arguments: {'ament_cmake_args': None, 'build_base': '/home/devika/robo_ws/build/moveit_task_constructor_demo', 'catkin_cmake_args': None, 'catkin_skip_building_tests': False, 'cmake_args': None, 'cmake_clean_cache': False, 'cmake_clean_first': False, 'cmake_force_configure': False, 'cmake_target': None, 'cmake_target_skip_unavailable': False, 'install_base': '/home/devika/robo_ws/install/moveit_task_constructor_demo', 'merge_install': False, 'path': '/home/devika/robo_ws/src/moveit_task_constructor/demo', 'symlink_install': False, 'test_result_base': None}
[0.994s] INFO:colcon.colcon_core.executor:Executing jobs using 'parallel' executor
[0.997s] DEBUG:colcon.colcon_parallel_executor.executor.parallel:run_until_complete
[0.999s] INFO:colcon.colcon_ros.task.ament_cmake.build:Building ROS package in '/home/devika/robo_ws/src/moveit_task_constructor/msgs' with build type 'ament_cmake'
[0.999s] INFO:colcon.colcon_cmake.task.cmake.build:Building CMake package in '/home/devika/robo_ws/src/moveit_task_constructor/msgs'
[1.007s] INFO:colcon.colcon_core.plugin_system:Skipping extension 'colcon_core.shell.bat': Not used on non-Windows systems
[1.008s] INFO:colcon.colcon_core.shell:Skip shell extension 'powershell' for command environment: Not usable outside of PowerShell
[1.008s] DEBUG:colcon.colcon_core.shell:Skip shell extension 'dsv' for command environment
[1.027s] INFO:colcon.colcon_ros.task.ament_cmake.build:Building ROS package in '/home/devika/robo_ws/src/moveit_task_constructor/rviz_marker_tools' with build type 'ament_cmake'
[1.028s] INFO:colcon.colcon_cmake.task.cmake.build:Building CMake package in '/home/devika/robo_ws/src/moveit_task_constructor/rviz_marker_tools'
[1.028s] INFO:colcon.colcon_core.shell:Skip shell extension 'powershell' for command environment: Not usable outside of PowerShell
[1.028s] DEBUG:colcon.colcon_core.shell:Skip shell extension 'dsv' for command environment
[1.050s] INFO:colcon.colcon_ros.task.ament_cmake.build:Building ROS package in '/home/devika/robo_ws/src/gazebo_ros2_control' with build type 'ament_cmake'
[1.050s] INFO:colcon.colcon_cmake.task.cmake.build:Building CMake package in '/home/devika/robo_ws/src/gazebo_ros2_control'
[1.051s] INFO:colcon.colcon_core.shell:Skip shell extension 'powershell' for command environment: Not usable outside of PowerShell
[1.051s] DEBUG:colcon.colcon_core.shell:Skip shell extension 'dsv' for command environment
[1.075s] INFO:colcon.colcon_ros.task.ament_cmake.build:Building ROS package in '/home/devika/robo_ws/src/warehouse_ros_mongo' with build type 'ament_cmake'
[1.076s] INFO:colcon.colcon_cmake.task.cmake.build:Building CMake package in '/home/devika/robo_ws/src/warehouse_ros_mongo'
[1.076s] INFO:colcon.colcon_core.shell:Skip shell extension 'powershell' for command environment: Not usable outside of PowerShell
[1.077s] DEBUG:colcon.colcon_core.shell:Skip shell extension 'dsv' for command environment
[1.097s] INFO:colcon.colcon_ros.task.ament_python.build:Building ROS package in '/home/devika/robo_ws/src/cylinder_position_estimator' with build type 'ament_python'
[1.097s] Level 1:colcon.colcon_core.shell:create_environment_hook('cylinder_position_estimator', 'ament_prefix_path')
[1.098s] INFO:colcon.colcon_core.shell:Creating environment hook '/home/devika/robo_ws/install/cylinder_position_estimator/share/cylinder_position_estimator/hook/ament_prefix_path.ps1'
[1.102s] INFO:colcon.colcon_core.shell:Creating environment descriptor '/home/devika/robo_ws/install/cylinder_position_estimator/share/cylinder_position_estimator/hook/ament_prefix_path.dsv'
[1.104s] INFO:colcon.colcon_core.shell:Creating environment hook '/home/devika/robo_ws/install/cylinder_position_estimator/share/cylinder_position_estimator/hook/ament_prefix_path.sh'
[1.107s] INFO:colcon.colcon_core.shell:Skip shell extension 'powershell' for command environment: Not usable outside of PowerShell
[1.108s] DEBUG:colcon.colcon_core.shell:Skip shell extension 'dsv' for command environment
[1.126s] INFO:colcon.colcon_ros.task.ament_cmake.build:Building ROS package in '/home/devika/robo_ws/src/hello_moveit' with build type 'ament_cmake'
[1.126s] INFO:colcon.colcon_cmake.task.cmake.build:Building CMake package in '/home/devika/robo_ws/src/hello_moveit'
[1.127s] INFO:colcon.colcon_core.shell:Skip shell extension 'powershell' for command environment: Not usable outside of PowerShell
[1.127s] DEBUG:colcon.colcon_core.shell:Skip shell extension 'dsv' for command environment
[1.149s] INFO:colcon.colcon_ros.task.ament_python.build:Building ROS package in '/home/devika/robo_ws/src/perception_vision' with build type 'ament_python'
[1.150s] Level 1:colcon.colcon_core.shell:create_environment_hook('perception_vision', 'ament_prefix_path')
[1.150s] INFO:colcon.colcon_core.shell:Creating environment hook '/home/devika/robo_ws/install/perception_vision/share/perception_vision/hook/ament_prefix_path.ps1'
[1.151s] INFO:colcon.colcon_core.shell:Creating environment descriptor '/home/devika/robo_ws/install/perception_vision/share/perception_vision/hook/ament_prefix_path.dsv'
[1.152s] INFO:colcon.colcon_core.shell:Creating environment hook '/home/devika/robo_ws/install/perception_vision/share/perception_vision/hook/ament_prefix_path.sh'
[1.154s] INFO:colcon.colcon_core.shell:Skip shell extension 'powershell' for command environment: Not usable outside of PowerShell
[1.154s] DEBUG:colcon.colcon_core.shell:Skip shell extension 'dsv' for command environment
[1.193s] DEBUG:colcon.colcon_core.event_handler.log_command:Invoking command in '/home/devika/robo_ws/build/moveit_task_constructor_msgs': CMAKE_PREFIX_PATH=${CMAKE_PREFIX_PATH}:/home/devika/robo_ws/install/perception_vision:/home/devika/robo_ws/install/cylinder_position_estimator:/home/devika/ws_moveit2/install/moveit_configs_utils:/home/devika/ws_moveit2/install/launch_param_builder:/opt/ros/humble /usr/bin/cmake --build /home/devika/robo_ws/build/moveit_task_constructor_msgs -- -j8 -l8
[1.202s] DEBUG:colcon.colcon_core.event_handler.log_command:Invoking command in '/home/devika/robo_ws/build/rviz_marker_tools': CMAKE_PREFIX_PATH=${CMAKE_PREFIX_PATH}:/home/devika/robo_ws/install/perception_vision:/home/devika/robo_ws/install/cylinder_position_estimator:/home/devika/ws_moveit2/install/moveit_configs_utils:/home/devika/ws_moveit2/install/launch_param_builder:/opt/ros/humble /usr/bin/cmake --build /home/devika/robo_ws/build/rviz_marker_tools -- -j8 -l8
[1.222s] DEBUG:colcon.colcon_core.event_handler.log_command:Invoking command in '/home/devika/robo_ws/build/gazebo_ros2_control': CMAKE_PREFIX_PATH=${CMAKE_PREFIX_PATH}:/home/devika/robo_ws/install/perception_vision:/home/devika/robo_ws/install/cylinder_position_estimator:/home/devika/ws_moveit2/install/moveit_configs_utils:/home/devika/ws_moveit2/install/launch_param_builder:/opt/ros/humble /usr/bin/cmake --build /home/devika/robo_ws/build/gazebo_ros2_control -- -j8 -l8
[1.227s] DEBUG:colcon.colcon_core.event_handler.log_command:Invoking command in '/home/devika/robo_ws/build/warehouse_ros_mongo': CMAKE_PREFIX_PATH=${CMAKE_PREFIX_PATH}:/home/devika/robo_ws/install/perception_vision:/home/devika/robo_ws/install/cylinder_position_estimator:/home/devika/ws_moveit2/install/moveit_configs_utils:/home/devika/ws_moveit2/install/launch_param_builder:/opt/ros/humble /usr/bin/cmake --build /home/devika/robo_ws/build/warehouse_ros_mongo -- -j8 -l8
[2.314s] INFO:colcon.colcon_core.task.python.build:Building Python package in '/home/devika/robo_ws/src/cylinder_position_estimator'
[2.315s] INFO:colcon.colcon_core.shell:Skip shell extension 'powershell' for command environment: Not usable outside of PowerShell
[2.315s] DEBUG:colcon.colcon_core.shell:Skip shell extension 'dsv' for command environment
[2.349s] DEBUG:colcon.colcon_core.event_handler.log_command:Invoking command in '/home/devika/robo_ws/build/hello_moveit': CMAKE_PREFIX_PATH=${CMAKE_PREFIX_PATH}:/home/devika/robo_ws/install/perception_vision:/home/devika/robo_ws/install/cylinder_position_estimator:/home/devika/ws_moveit2/install/moveit_configs_utils:/home/devika/ws_moveit2/install/launch_param_builder:/opt/ros/humble /usr/bin/cmake --build /home/devika/robo_ws/build/hello_moveit -- -j8 -l8
[2.369s] DEBUG:colcon.colcon_core.event_handler.log_command:Invoked command in '/home/devika/robo_ws/build/rviz_marker_tools' returned '0': CMAKE_PREFIX_PATH=${CMAKE_PREFIX_PATH}:/home/devika/robo_ws/install/perception_vision:/home/devika/robo_ws/install/cylinder_position_estimator:/home/devika/ws_moveit2/install/moveit_configs_utils:/home/devika/ws_moveit2/install/launch_param_builder:/opt/ros/humble /usr/bin/cmake --build /home/devika/robo_ws/build/rviz_marker_tools -- -j8 -l8
[2.406s] DEBUG:colcon.colcon_core.event_handler.log_command:Invoking command in '/home/devika/robo_ws/build/rviz_marker_tools': CMAKE_PREFIX_PATH=${CMAKE_PREFIX_PATH}:/home/devika/robo_ws/install/perception_vision:/home/devika/robo_ws/install/cylinder_position_estimator:/home/devika/ws_moveit2/install/moveit_configs_utils:/home/devika/ws_moveit2/install/launch_param_builder:/opt/ros/humble /usr/bin/cmake --install /home/devika/robo_ws/build/rviz_marker_tools
[3.148s] INFO:colcon.colcon_core.task.python.build:Building Python package in '/home/devika/robo_ws/src/perception_vision'
[3.149s] INFO:colcon.colcon_core.shell:Skip shell extension 'powershell' for command environment: Not usable outside of PowerShell
[3.149s] DEBUG:colcon.colcon_core.shell:Skip shell extension 'dsv' for command environment
[3.175s] DEBUG:colcon.colcon_core.event_handler.log_command:Invoked command in '/home/devika/robo_ws/build/gazebo_ros2_control' returned '0': CMAKE_PREFIX_PATH=${CMAKE_PREFIX_PATH}:/home/devika/robo_ws/install/perception_vision:/home/devika/robo_ws/install/cylinder_position_estimator:/home/devika/ws_moveit2/install/moveit_configs_utils:/home/devika/ws_moveit2/install/launch_param_builder:/opt/ros/humble /usr/bin/cmake --build /home/devika/robo_ws/build/gazebo_ros2_control -- -j8 -l8
[3.187s] DEBUG:colcon.colcon_core.event_handler.log_command:Invoking command in '/home/devika/robo_ws/build/gazebo_ros2_control': CMAKE_PREFIX_PATH=${CMAKE_PREFIX_PATH}:/home/devika/robo_ws/install/perception_vision:/home/devika/robo_ws/install/cylinder_position_estimator:/home/devika/ws_moveit2/install/moveit_configs_utils:/home/devika/ws_moveit2/install/launch_param_builder:/opt/ros/humble /usr/bin/cmake --install /home/devika/robo_ws/build/gazebo_ros2_control
[3.193s] Level 1:colcon.colcon_core.environment:create_environment_scripts_only(rviz_marker_tools)
[3.194s] DEBUG:colcon.colcon_core.event_handler.log_command:Invoked command in '/home/devika/robo_ws/build/rviz_marker_tools' returned '0': CMAKE_PREFIX_PATH=${CMAKE_PREFIX_PATH}:/home/devika/robo_ws/install/perception_vision:/home/devika/robo_ws/install/cylinder_position_estimator:/home/devika/ws_moveit2/install/moveit_configs_utils:/home/devika/ws_moveit2/install/launch_param_builder:/opt/ros/humble /usr/bin/cmake --install /home/devika/robo_ws/build/rviz_marker_tools
[3.199s] Level 1:colcon.colcon_core.environment:checking '/home/devika/robo_ws/install/rviz_marker_tools' for CMake module files
[3.200s] Level 1:colcon.colcon_core.environment:checking '/home/devika/robo_ws/install/rviz_marker_tools' for CMake config files
[3.201s] Level 1:colcon.colcon_core.shell:create_environment_hook('rviz_marker_tools', 'cmake_prefix_path')
[3.201s] INFO:colcon.colcon_core.shell:Creating environment hook '/home/devika/robo_ws/install/rviz_marker_tools/share/rviz_marker_tools/hook/cmake_prefix_path.ps1'
[3.202s] INFO:colcon.colcon_core.shell:Creating environment descriptor '/home/devika/robo_ws/install/rviz_marker_tools/share/rviz_marker_tools/hook/cmake_prefix_path.dsv'
[3.203s] INFO:colcon.colcon_core.shell:Creating environment hook '/home/devika/robo_ws/install/rviz_marker_tools/share/rviz_marker_tools/hook/cmake_prefix_path.sh'
[3.205s] Level 1:colcon.colcon_core.environment:checking '/home/devika/robo_ws/install/rviz_marker_tools/lib'
[3.206s] Level 1:colcon.colcon_core.shell:create_environment_hook('rviz_marker_tools', 'ld_library_path_lib')
[3.206s] INFO:colcon.colcon_core.shell:Creating environment hook '/home/devika/robo_ws/install/rviz_marker_tools/share/rviz_marker_tools/hook/ld_library_path_lib.ps1'
[3.208s] INFO:colcon.colcon_core.shell:Creating environment descriptor '/home/devika/robo_ws/install/rviz_marker_tools/share/rviz_marker_tools/hook/ld_library_path_lib.dsv'
[3.210s] INFO:colcon.colcon_core.shell:Creating environment hook '/home/devika/robo_ws/install/rviz_marker_tools/share/rviz_marker_tools/hook/ld_library_path_lib.sh'
[3.214s] Level 1:colcon.colcon_core.environment:checking '/home/devika/robo_ws/install/rviz_marker_tools/bin'
[3.215s] Level 1:colcon.colcon_core.environment:checking '/home/devika/robo_ws/install/rviz_marker_tools/lib/pkgconfig/rviz_marker_tools.pc'
[3.216s] Level 1:colcon.colcon_core.environment:checking '/home/devika/robo_ws/install/rviz_marker_tools/lib/python3.10/site-packages'
[3.216s] Level 1:colcon.colcon_core.environment:checking '/home/devika/robo_ws/install/rviz_marker_tools/bin'
[3.217s] INFO:colcon.colcon_core.shell:Creating package script '/home/devika/robo_ws/install/rviz_marker_tools/share/rviz_marker_tools/package.ps1'
[3.223s] INFO:colcon.colcon_core.shell:Creating package descriptor '/home/devika/robo_ws/install/rviz_marker_tools/share/rviz_marker_tools/package.dsv'
[3.225s] INFO:colcon.colcon_core.shell:Creating package script '/home/devika/robo_ws/install/rviz_marker_tools/share/rviz_marker_tools/package.sh'
[3.227s] INFO:colcon.colcon_core.shell:Creating package script '/home/devika/robo_ws/install/rviz_marker_tools/share/rviz_marker_tools/package.bash'
[3.229s] INFO:colcon.colcon_core.shell:Creating package script '/home/devika/robo_ws/install/rviz_marker_tools/share/rviz_marker_tools/package.zsh'
[3.230s] Level 1:colcon.colcon_core.environment:create_file_with_runtime_dependencies(/home/devika/robo_ws/install/rviz_marker_tools/share/colcon-core/packages/rviz_marker_tools)
[3.231s] Level 1:colcon.colcon_core.environment:create_environment_scripts_only(rviz_marker_tools)
[3.231s] Level 1:colcon.colcon_core.environment:checking '/home/devika/robo_ws/install/rviz_marker_tools' for CMake module files
[3.232s] Level 1:colcon.colcon_core.environment:checking '/home/devika/robo_ws/install/rviz_marker_tools' for CMake config files
[3.233s] Level 1:colcon.colcon_core.shell:create_environment_hook('rviz_marker_tools', 'cmake_prefix_path')
[3.234s] INFO:colcon.colcon_core.shell:Creating environment hook '/home/devika/robo_ws/install/rviz_marker_tools/share/rviz_marker_tools/hook/cmake_prefix_path.ps1'
[3.235s] INFO:colcon.colcon_core.shell:Creating environment descriptor '/home/devika/robo_ws/install/rviz_marker_tools/share/rviz_marker_tools/hook/cmake_prefix_path.dsv'
[3.236s] INFO:colcon.colcon_core.shell:Creating environment hook '/home/devika/robo_ws/install/rviz_marker_tools/share/rviz_marker_tools/hook/cmake_prefix_path.sh'
[3.237s] Level 1:colcon.colcon_core.environment:checking '/home/devika/robo_ws/install/rviz_marker_tools/lib'
[3.237s] Level 1:colcon.colcon_core.shell:create_environment_hook('rviz_marker_tools', 'ld_library_path_lib')
[3.238s] INFO:colcon.colcon_core.shell:Creating environment hook '/home/devika/robo_ws/install/rviz_marker_tools/share/rviz_marker_tools/hook/ld_library_path_lib.ps1'
[3.239s] INFO:colcon.colcon_core.shell:Creating environment descriptor '/home/devika/robo_ws/install/rviz_marker_tools/share/rviz_marker_tools/hook/ld_library_path_lib.dsv'
[3.239s] INFO:colcon.colcon_core.shell:Creating environment hook '/home/devika/robo_ws/install/rviz_marker_tools/share/rviz_marker_tools/hook/ld_library_path_lib.sh'
[3.240s] Level 1:colcon.colcon_core.environment:checking '/home/devika/robo_ws/install/rviz_marker_tools/bin'
[3.241s] Level 1:colcon.colcon_core.environment:checking '/home/devika/robo_ws/install/rviz_marker_tools/lib/pkgconfig/rviz_marker_tools.pc'
[3.241s] Level 1:colcon.colcon_core.environment:checking '/home/devika/robo_ws/install/rviz_marker_tools/lib/python3.10/site-packages'
[3.241s] Level 1:colcon.colcon_core.environment:checking '/home/devika/robo_ws/install/rviz_marker_tools/bin'
[3.242s] INFO:colcon.colcon_core.shell:Creating package script '/home/devika/robo_ws/install/rviz_marker_tools/share/rviz_marker_tools/package.ps1'
[3.244s] INFO:colcon.colcon_core.shell:Creating package descriptor '/home/devika/robo_ws/install/rviz_marker_tools/share/rviz_marker_tools/package.dsv'
[3.245s] INFO:colcon.colcon_core.shell:Creating package script '/home/devika/robo_ws/install/rviz_marker_tools/share/rviz_marker_tools/package.sh'
[3.247s] INFO:colcon.colcon_core.shell:Creating package script '/home/devika/robo_ws/install/rviz_marker_tools/share/rviz_marker_tools/package.bash'
[3.248s] INFO:colcon.colcon_core.shell:Creating package script '/home/devika/robo_ws/install/rviz_marker_tools/share/rviz_marker_tools/package.zsh'
[3.249s] Level 1:colcon.colcon_core.environment:create_file_with_runtime_dependencies(/home/devika/robo_ws/install/rviz_marker_tools/share/colcon-core/packages/rviz_marker_tools)
[3.254s] DEBUG:colcon.colcon_core.event_handler.log_command:Invoked command in '/home/devika/robo_ws/build/moveit_task_constructor_msgs' returned '0': CMAKE_PREFIX_PATH=${CMAKE_PREFIX_PATH}:/home/devika/robo_ws/install/perception_vision:/home/devika/robo_ws/install/cylinder_position_estimator:/home/devika/ws_moveit2/install/moveit_configs_utils:/home/devika/ws_moveit2/install/launch_param_builder:/opt/ros/humble /usr/bin/cmake --build /home/devika/robo_ws/build/moveit_task_constructor_msgs -- -j8 -l8
[3.259s] DEBUG:colcon.colcon_core.event_handler.log_command:Invoking command in '/home/devika/robo_ws/build/moveit_task_constructor_msgs': CMAKE_PREFIX_PATH=${CMAKE_PREFIX_PATH}:/home/devika/robo_ws/install/perception_vision:/home/devika/robo_ws/install/cylinder_position_estimator:/home/devika/ws_moveit2/install/moveit_configs_utils:/home/devika/ws_moveit2/install/launch_param_builder:/opt/ros/humble /usr/bin/cmake --install /home/devika/robo_ws/build/moveit_task_constructor_msgs
[3.261s] DEBUG:colcon.colcon_core.event_handler.log_command:Invoked command in '/home/devika/robo_ws/build/warehouse_ros_mongo' returned '0': CMAKE_PREFIX_PATH=${CMAKE_PREFIX_PATH}:/home/devika/robo_ws/install/perception_vision:/home/devika/robo_ws/install/cylinder_position_estimator:/home/devika/ws_moveit2/install/moveit_configs_utils:/home/devika/ws_moveit2/install/launch_param_builder:/opt/ros/humble /usr/bin/cmake --build /home/devika/robo_ws/build/warehouse_ros_mongo -- -j8 -l8
[3.265s] DEBUG:colcon.colcon_core.event_handler.log_command:Invoking command in '/home/devika/robo_ws/build/warehouse_ros_mongo': CMAKE_PREFIX_PATH=${CMAKE_PREFIX_PATH}:/home/devika/robo_ws/install/perception_vision:/home/devika/robo_ws/install/cylinder_position_estimator:/home/devika/ws_moveit2/install/moveit_configs_utils:/home/devika/ws_moveit2/install/launch_param_builder:/opt/ros/humble /usr/bin/cmake --install /home/devika/robo_ws/build/warehouse_ros_mongo
[3.266s] DEBUG:colcon.colcon_core.event_handler.log_command:Invoked command in '/home/devika/robo_ws/build/hello_moveit' returned '0': CMAKE_PREFIX_PATH=${CMAKE_PREFIX_PATH}:/home/devika/robo_ws/install/perception_vision:/home/devika/robo_ws/install/cylinder_position_estimator:/home/devika/ws_moveit2/install/moveit_configs_utils:/home/devika/ws_moveit2/install/launch_param_builder:/opt/ros/humble /usr/bin/cmake --build /home/devika/robo_ws/build/hello_moveit -- -j8 -l8
[3.272s] DEBUG:colcon.colcon_core.event_handler.log_command:Invoking command in '/home/devika/robo_ws/build/hello_moveit': CMAKE_PREFIX_PATH=${CMAKE_PREFIX_PATH}:/home/devika/robo_ws/install/perception_vision:/home/devika/robo_ws/install/cylinder_position_estimator:/home/devika/ws_moveit2/install/moveit_configs_utils:/home/devika/ws_moveit2/install/launch_param_builder:/opt/ros/humble /usr/bin/cmake --install /home/devika/robo_ws/build/hello_moveit
[3.283s] Level 1:colcon.colcon_core.environment:create_environment_scripts_only(gazebo_ros2_control)
[3.284s] Level 1:colcon.colcon_core.environment:checking '/home/devika/robo_ws/install/gazebo_ros2_control' for CMake module files
[3.286s] Level 1:colcon.colcon_core.environment:checking '/home/devika/robo_ws/install/gazebo_ros2_control' for CMake config files
[3.288s] DEBUG:colcon.colcon_core.event_handler.log_command:Invoked command in '/home/devika/robo_ws/build/gazebo_ros2_control' returned '0': CMAKE_PREFIX_PATH=${CMAKE_PREFIX_PATH}:/home/devika/robo_ws/install/perception_vision:/home/devika/robo_ws/install/cylinder_position_estimator:/home/devika/ws_moveit2/install/moveit_configs_utils:/home/devika/ws_moveit2/install/launch_param_builder:/opt/ros/humble /usr/bin/cmake --install /home/devika/robo_ws/build/gazebo_ros2_control
[3.289s] Level 1:colcon.colcon_core.shell:create_environment_hook('gazebo_ros2_control', 'cmake_prefix_path')
[3.291s] INFO:colcon.colcon_core.shell:Creating environment hook '/home/devika/robo_ws/install/gazebo_ros2_control/share/gazebo_ros2_control/hook/cmake_prefix_path.ps1'
[3.293s] INFO:colcon.colcon_core.shell:Creating environment descriptor '/home/devika/robo_ws/install/gazebo_ros2_control/share/gazebo_ros2_control/hook/cmake_prefix_path.dsv'
[3.294s] INFO:colcon.colcon_core.shell:Creating environment hook '/home/devika/robo_ws/install/gazebo_ros2_control/share/gazebo_ros2_control/hook/cmake_prefix_path.sh'
[3.298s] Level 1:colcon.colcon_core.environment:checking '/home/devika/robo_ws/install/gazebo_ros2_control/lib'
[3.298s] Level 1:colcon.colcon_core.shell:create_environment_hook('gazebo_ros2_control', 'ld_library_path_lib')
[3.298s] INFO:colcon.colcon_core.shell:Creating environment hook '/home/devika/robo_ws/install/gazebo_ros2_control/share/gazebo_ros2_control/hook/ld_library_path_lib.ps1'
[3.304s] INFO:colcon.colcon_core.shell:Creating environment descriptor '/home/devika/robo_ws/install/gazebo_ros2_control/share/gazebo_ros2_control/hook/ld_library_path_lib.dsv'
[3.307s] INFO:colcon.colcon_core.shell:Creating environment hook '/home/devika/robo_ws/install/gazebo_ros2_control/share/gazebo_ros2_control/hook/ld_library_path_lib.sh'
[3.320s] Level 1:colcon.colcon_core.environment:checking '/home/devika/robo_ws/install/gazebo_ros2_control/bin'
[3.320s] Level 1:colcon.colcon_core.environment:checking '/home/devika/robo_ws/install/gazebo_ros2_control/lib/pkgconfig/gazebo_ros2_control.pc'
[3.321s] Level 1:colcon.colcon_core.environment:checking '/home/devika/robo_ws/install/gazebo_ros2_control/lib/python3.10/site-packages'
[3.323s] Level 1:colcon.colcon_core.environment:checking '/home/devika/robo_ws/install/gazebo_ros2_control/bin'
[3.324s] INFO:colcon.colcon_core.shell:Creating package script '/home/devika/robo_ws/install/gazebo_ros2_control/share/gazebo_ros2_control/package.ps1'
[3.328s] INFO:colcon.colcon_core.shell:Creating package descriptor '/home/devika/robo_ws/install/gazebo_ros2_control/share/gazebo_ros2_control/package.dsv'
[3.333s] INFO:colcon.colcon_core.shell:Creating package script '/home/devika/robo_ws/install/gazebo_ros2_control/share/gazebo_ros2_control/package.sh'
[3.341s] INFO:colcon.colcon_core.shell:Creating package script '/home/devika/robo_ws/install/gazebo_ros2_control/share/gazebo_ros2_control/package.bash'
[3.345s] INFO:colcon.colcon_core.shell:Creating package script '/home/devika/robo_ws/install/gazebo_ros2_control/share/gazebo_ros2_control/package.zsh'
[3.351s] Level 1:colcon.colcon_core.environment:create_file_with_runtime_dependencies(/home/devika/robo_ws/install/gazebo_ros2_control/share/colcon-core/packages/gazebo_ros2_control)
[3.354s] Level 1:colcon.colcon_core.environment:create_environment_scripts_only(gazebo_ros2_control)
[3.355s] Level 1:colcon.colcon_core.environment:checking '/home/devika/robo_ws/install/gazebo_ros2_control' for CMake module files
[3.356s] Level 1:colcon.colcon_core.environment:checking '/home/devika/robo_ws/install/gazebo_ros2_control' for CMake config files
[3.358s] Level 1:colcon.colcon_core.shell:create_environment_hook('gazebo_ros2_control', 'cmake_prefix_path')
[3.359s] INFO:colcon.colcon_core.shell:Creating environment hook '/home/devika/robo_ws/install/gazebo_ros2_control/share/gazebo_ros2_control/hook/cmake_prefix_path.ps1'
[3.364s] INFO:colcon.colcon_core.shell:Creating environment descriptor '/home/devika/robo_ws/install/gazebo_ros2_control/share/gazebo_ros2_control/hook/cmake_prefix_path.dsv'
[3.370s] INFO:colcon.colcon_core.shell:Creating environment hook '/home/devika/robo_ws/install/gazebo_ros2_control/share/gazebo_ros2_control/hook/cmake_prefix_path.sh'
[3.373s] Level 1:colcon.colcon_core.environment:checking '/home/devika/robo_ws/install/gazebo_ros2_control/lib'
[3.373s] Level 1:colcon.colcon_core.shell:create_environment_hook('gazebo_ros2_control', 'ld_library_path_lib')
[3.375s] INFO:colcon.colcon_core.shell:Creating environment hook '/home/devika/robo_ws/install/gazebo_ros2_control/share/gazebo_ros2_control/hook/ld_library_path_lib.ps1'
[3.382s] INFO:colcon.colcon_core.shell:Creating environment descriptor '/home/devika/robo_ws/install/gazebo_ros2_control/share/gazebo_ros2_control/hook/ld_library_path_lib.dsv'
[3.383s] INFO:colcon.colcon_core.shell:Creating environment hook '/home/devika/robo_ws/install/gazebo_ros2_control/share/gazebo_ros2_control/hook/ld_library_path_lib.sh'
[3.384s] Level 1:colcon.colcon_core.environment:checking '/home/devika/robo_ws/install/gazebo_ros2_control/bin'
[3.384s] Level 1:colcon.colcon_core.environment:checking '/home/devika/robo_ws/install/gazebo_ros2_control/lib/pkgconfig/gazebo_ros2_control.pc'
[3.389s] Level 1:colcon.colcon_core.environment:checking '/home/devika/robo_ws/install/gazebo_ros2_control/lib/python3.10/site-packages'
[3.390s] Level 1:colcon.colcon_core.environment:checking '/home/devika/robo_ws/install/gazebo_ros2_control/bin'
[3.392s] INFO:colcon.colcon_core.shell:Creating package script '/home/devika/robo_ws/install/gazebo_ros2_control/share/gazebo_ros2_control/package.ps1'
[3.397s] INFO:colcon.colcon_core.shell:Creating package descriptor '/home/devika/robo_ws/install/gazebo_ros2_control/share/gazebo_ros2_control/package.dsv'
[3.399s] INFO:colcon.colcon_core.shell:Creating package script '/home/devika/robo_ws/install/gazebo_ros2_control/share/gazebo_ros2_control/package.sh'
[3.401s] INFO:colcon.colcon_core.shell:Creating package script '/home/devika/robo_ws/install/gazebo_ros2_control/share/gazebo_ros2_control/package.bash'
[3.405s] INFO:colcon.colcon_core.shell:Creating package script '/home/devika/robo_ws/install/gazebo_ros2_control/share/gazebo_ros2_control/package.zsh'
[3.409s] Level 1:colcon.colcon_core.environment:create_file_with_runtime_dependencies(/home/devika/robo_ws/install/gazebo_ros2_control/share/colcon-core/packages/gazebo_ros2_control)
[3.417s] INFO:colcon.colcon_ros.task.ament_cmake.build:Building ROS package in '/home/devika/robo_ws/src/urdf_humble_test' with build type 'ament_cmake'
[3.417s] INFO:colcon.colcon_cmake.task.cmake.build:Building CMake package in '/home/devika/robo_ws/src/urdf_humble_test'
[3.420s] INFO:colcon.colcon_core.shell:Skip shell extension 'powershell' for command environment: Not usable outside of PowerShell
[3.420s] DEBUG:colcon.colcon_core.shell:Skip shell extension 'dsv' for command environment
[3.509s] Level 1:colcon.colcon_core.environment:create_environment_scripts_only(hello_moveit)
[3.512s] DEBUG:colcon.colcon_core.event_handler.log_command:Invoked command in '/home/devika/robo_ws/build/hello_moveit' returned '0': CMAKE_PREFIX_PATH=${CMAKE_PREFIX_PATH}:/home/devika/robo_ws/install/perception_vision:/home/devika/robo_ws/install/cylinder_position_estimator:/home/devika/ws_moveit2/install/moveit_configs_utils:/home/devika/ws_moveit2/install/launch_param_builder:/opt/ros/humble /usr/bin/cmake --install /home/devika/robo_ws/build/hello_moveit
[3.514s] Level 1:colcon.colcon_core.environment:checking '/home/devika/robo_ws/install/hello_moveit' for CMake module files
[3.519s] Level 1:colcon.colcon_core.environment:checking '/home/devika/robo_ws/install/hello_moveit' for CMake config files
[3.519s] Level 1:colcon.colcon_core.shell:create_environment_hook('hello_moveit', 'cmake_prefix_path')
[3.520s] INFO:colcon.colcon_core.shell:Creating environment hook '/home/devika/robo_ws/install/hello_moveit/share/hello_moveit/hook/cmake_prefix_path.ps1'
[3.521s] INFO:colcon.colcon_core.shell:Creating environment descriptor '/home/devika/robo_ws/install/hello_moveit/share/hello_moveit/hook/cmake_prefix_path.dsv'
[3.524s] INFO:colcon.colcon_core.shell:Creating environment hook '/home/devika/robo_ws/install/hello_moveit/share/hello_moveit/hook/cmake_prefix_path.sh'
[3.537s] Level 1:colcon.colcon_core.environment:checking '/home/devika/robo_ws/install/hello_moveit/lib'
[3.540s] Level 1:colcon.colcon_core.environment:checking '/home/devika/robo_ws/install/hello_moveit/bin'
[3.542s] Level 1:colcon.colcon_core.environment:checking '/home/devika/robo_ws/install/hello_moveit/lib/pkgconfig/hello_moveit.pc'
[3.543s] Level 1:colcon.colcon_core.environment:checking '/home/devika/robo_ws/install/hello_moveit/lib/python3.10/site-packages'
[3.544s] Level 1:colcon.colcon_core.environment:checking '/home/devika/robo_ws/install/hello_moveit/bin'
[3.546s] INFO:colcon.colcon_core.shell:Creating package script '/home/devika/robo_ws/install/hello_moveit/share/hello_moveit/package.ps1'
[3.552s] INFO:colcon.colcon_core.shell:Creating package descriptor '/home/devika/robo_ws/install/hello_moveit/share/hello_moveit/package.dsv'
[3.553s] INFO:colcon.colcon_core.shell:Creating package script '/home/devika/robo_ws/install/hello_moveit/share/hello_moveit/package.sh'
[3.555s] INFO:colcon.colcon_core.shell:Creating package script '/home/devika/robo_ws/install/hello_moveit/share/hello_moveit/package.bash'
[3.557s] INFO:colcon.colcon_core.shell:Creating package script '/home/devika/robo_ws/install/hello_moveit/share/hello_moveit/package.zsh'
[3.560s] Level 1:colcon.colcon_core.environment:create_file_with_runtime_dependencies(/home/devika/robo_ws/install/hello_moveit/share/colcon-core/packages/hello_moveit)
[3.567s] Level 1:colcon.colcon_core.environment:create_environment_scripts_only(hello_moveit)
[3.568s] Level 1:colcon.colcon_core.environment:checking '/home/devika/robo_ws/install/hello_moveit' for CMake module files
[3.569s] Level 1:colcon.colcon_core.environment:checking '/home/devika/robo_ws/install/hello_moveit' for CMake config files
[3.570s] Level 1:colcon.colcon_core.shell:create_environment_hook('hello_moveit', 'cmake_prefix_path')
[3.571s] INFO:colcon.colcon_core.shell:Creating environment hook '/home/devika/robo_ws/install/hello_moveit/share/hello_moveit/hook/cmake_prefix_path.ps1'
[3.573s] INFO:colcon.colcon_core.shell:Creating environment descriptor '/home/devika/robo_ws/install/hello_moveit/share/hello_moveit/hook/cmake_prefix_path.dsv'
[3.575s] INFO:colcon.colcon_core.shell:Creating environment hook '/home/devika/robo_ws/install/hello_moveit/share/hello_moveit/hook/cmake_prefix_path.sh'
[3.578s] Level 1:colcon.colcon_core.environment:checking '/home/devika/robo_ws/install/hello_moveit/lib'
[3.579s] Level 1:colcon.colcon_core.environment:checking '/home/devika/robo_ws/install/hello_moveit/bin'
[3.579s] Level 1:colcon.colcon_core.environment:checking '/home/devika/robo_ws/install/hello_moveit/lib/pkgconfig/hello_moveit.pc'
[3.579s] Level 1:colcon.colcon_core.environment:checking '/home/devika/robo_ws/install/hello_moveit/lib/python3.10/site-packages'
[3.580s] Level 1:colcon.colcon_core.environment:checking '/home/devika/robo_ws/install/hello_moveit/bin'
[3.581s] INFO:colcon.colcon_core.shell:Creating package script '/home/devika/robo_ws/install/hello_moveit/share/hello_moveit/package.ps1'
[3.582s] INFO:colcon.colcon_core.shell:Creating package descriptor '/home/devika/robo_ws/install/hello_moveit/share/hello_moveit/package.dsv'
[3.584s] INFO:colcon.colcon_core.shell:Creating package script '/home/devika/robo_ws/install/hello_moveit/share/hello_moveit/package.sh'
[3.585s] INFO:colcon.colcon_core.shell:Creating package script '/home/devika/robo_ws/install/hello_moveit/share/hello_moveit/package.bash'
[3.587s] INFO:colcon.colcon_core.shell:Creating package script '/home/devika/robo_ws/install/hello_moveit/share/hello_moveit/package.zsh'
[3.588s] Level 1:colcon.colcon_core.environment:create_file_with_runtime_dependencies(/home/devika/robo_ws/install/hello_moveit/share/colcon-core/packages/hello_moveit)
[3.591s] Level 1:colcon.colcon_core.environment:create_environment_scripts_only(warehouse_ros_mongo)
[3.592s] Level 1:colcon.colcon_core.environment:checking '/home/devika/robo_ws/install/warehouse_ros_mongo' for CMake module files
[3.593s] DEBUG:colcon.colcon_core.event_handler.log_command:Invoked command in '/home/devika/robo_ws/build/warehouse_ros_mongo' returned '0': CMAKE_PREFIX_PATH=${CMAKE_PREFIX_PATH}:/home/devika/robo_ws/install/perception_vision:/home/devika/robo_ws/install/cylinder_position_estimator:/home/devika/ws_moveit2/install/moveit_configs_utils:/home/devika/ws_moveit2/install/launch_param_builder:/opt/ros/humble /usr/bin/cmake --install /home/devika/robo_ws/build/warehouse_ros_mongo
[3.594s] Level 1:colcon.colcon_core.shell:create_environment_hook('warehouse_ros_mongo', 'cmake_module_path')
[3.594s] INFO:colcon.colcon_core.shell:Creating environment hook '/home/devika/robo_ws/install/warehouse_ros_mongo/share/warehouse_ros_mongo/hook/cmake_module_path.ps1'
[3.596s] INFO:colcon.colcon_core.shell:Creating environment descriptor '/home/devika/robo_ws/install/warehouse_ros_mongo/share/warehouse_ros_mongo/hook/cmake_module_path.dsv'
[3.597s] INFO:colcon.colcon_core.shell:Creating environment hook '/home/devika/robo_ws/install/warehouse_ros_mongo/share/warehouse_ros_mongo/hook/cmake_module_path.sh'
[3.598s] Level 1:colcon.colcon_core.environment:checking '/home/devika/robo_ws/install/warehouse_ros_mongo' for CMake config files
[3.598s] Level 1:colcon.colcon_core.shell:create_environment_hook('warehouse_ros_mongo', 'cmake_prefix_path')
[3.599s] INFO:colcon.colcon_core.shell:Creating environment hook '/home/devika/robo_ws/install/warehouse_ros_mongo/share/warehouse_ros_mongo/hook/cmake_prefix_path.ps1'
[3.600s] INFO:colcon.colcon_core.shell:Creating environment descriptor '/home/devika/robo_ws/install/warehouse_ros_mongo/share/warehouse_ros_mongo/hook/cmake_prefix_path.dsv'
[3.601s] INFO:colcon.colcon_core.shell:Creating environment hook '/home/devika/robo_ws/install/warehouse_ros_mongo/share/warehouse_ros_mongo/hook/cmake_prefix_path.sh'
[3.603s] Level 1:colcon.colcon_core.environment:checking '/home/devika/robo_ws/install/warehouse_ros_mongo/lib'
[3.603s] Level 1:colcon.colcon_core.shell:create_environment_hook('warehouse_ros_mongo', 'ld_library_path_lib')
[3.604s] INFO:colcon.colcon_core.shell:Creating environment hook '/home/devika/robo_ws/install/warehouse_ros_mongo/share/warehouse_ros_mongo/hook/ld_library_path_lib.ps1'
[3.607s] INFO:colcon.colcon_core.shell:Creating environment descriptor '/home/devika/robo_ws/install/warehouse_ros_mongo/share/warehouse_ros_mongo/hook/ld_library_path_lib.dsv'
[3.609s] INFO:colcon.colcon_core.shell:Creating environment hook '/home/devika/robo_ws/install/warehouse_ros_mongo/share/warehouse_ros_mongo/hook/ld_library_path_lib.sh'
[3.611s] Level 1:colcon.colcon_core.environment:checking '/home/devika/robo_ws/install/warehouse_ros_mongo/bin'
[3.611s] Level 1:colcon.colcon_core.environment:checking '/home/devika/robo_ws/install/warehouse_ros_mongo/lib/pkgconfig/warehouse_ros_mongo.pc'
[3.612s] Level 1:colcon.colcon_core.environment:checking '/home/devika/robo_ws/install/warehouse_ros_mongo/lib/python3.10/site-packages'
[3.613s] Level 1:colcon.colcon_core.environment:checking '/home/devika/robo_ws/install/warehouse_ros_mongo/bin'
[3.614s] INFO:colcon.colcon_core.shell:Creating package script '/home/devika/robo_ws/install/warehouse_ros_mongo/share/warehouse_ros_mongo/package.ps1'
[3.616s] INFO:colcon.colcon_core.shell:Creating package descriptor '/home/devika/robo_ws/install/warehouse_ros_mongo/share/warehouse_ros_mongo/package.dsv'
[3.617s] INFO:colcon.colcon_core.shell:Creating package script '/home/devika/robo_ws/install/warehouse_ros_mongo/share/warehouse_ros_mongo/package.sh'
[3.618s] INFO:colcon.colcon_core.shell:Creating package script '/home/devika/robo_ws/install/warehouse_ros_mongo/share/warehouse_ros_mongo/package.bash'
[3.620s] INFO:colcon.colcon_core.shell:Creating package script '/home/devika/robo_ws/install/warehouse_ros_mongo/share/warehouse_ros_mongo/package.zsh'
[3.622s] Level 1:colcon.colcon_core.environment:create_file_with_runtime_dependencies(/home/devika/robo_ws/install/warehouse_ros_mongo/share/colcon-core/packages/warehouse_ros_mongo)
[3.623s] Level 1:colcon.colcon_core.environment:create_environment_scripts_only(warehouse_ros_mongo)
[3.624s] Level 1:colcon.colcon_core.environment:checking '/home/devika/robo_ws/install/warehouse_ros_mongo' for CMake module files
[3.624s] Level 1:colcon.colcon_core.shell:create_environment_hook('warehouse_ros_mongo', 'cmake_module_path')
[3.625s] INFO:colcon.colcon_core.shell:Creating environment hook '/home/devika/robo_ws/install/warehouse_ros_mongo/share/warehouse_ros_mongo/hook/cmake_module_path.ps1'
[3.626s] INFO:colcon.colcon_core.shell:Creating environment descriptor '/home/devika/robo_ws/install/warehouse_ros_mongo/share/warehouse_ros_mongo/hook/cmake_module_path.dsv'
[3.628s] INFO:colcon.colcon_core.shell:Creating environment hook '/home/devika/robo_ws/install/warehouse_ros_mongo/share/warehouse_ros_mongo/hook/cmake_module_path.sh'
[3.630s] Level 1:colcon.colcon_core.environment:checking '/home/devika/robo_ws/install/warehouse_ros_mongo' for CMake config files
[3.630s] Level 1:colcon.colcon_core.shell:create_environment_hook('warehouse_ros_mongo', 'cmake_prefix_path')
[3.631s] INFO:colcon.colcon_core.shell:Creating environment hook '/home/devika/robo_ws/install/warehouse_ros_mongo/share/warehouse_ros_mongo/hook/cmake_prefix_path.ps1'
[3.632s] INFO:colcon.colcon_core.shell:Creating environment descriptor '/home/devika/robo_ws/install/warehouse_ros_mongo/share/warehouse_ros_mongo/hook/cmake_prefix_path.dsv'
[3.633s] INFO:colcon.colcon_core.shell:Creating environment hook '/home/devika/robo_ws/install/warehouse_ros_mongo/share/warehouse_ros_mongo/hook/cmake_prefix_path.sh'
[3.635s] Level 1:colcon.colcon_core.environment:checking '/home/devika/robo_ws/install/warehouse_ros_mongo/lib'
[3.635s] Level 1:colcon.colcon_core.shell:create_environment_hook('warehouse_ros_mongo', 'ld_library_path_lib')
[3.636s] INFO:colcon.colcon_core.shell:Creating environment hook '/home/devika/robo_ws/install/warehouse_ros_mongo/share/warehouse_ros_mongo/hook/ld_library_path_lib.ps1'
[3.637s] INFO:colcon.colcon_core.shell:Creating environment descriptor '/home/devika/robo_ws/install/warehouse_ros_mongo/share/warehouse_ros_mongo/hook/ld_library_path_lib.dsv'
[3.639s] INFO:colcon.colcon_core.shell:Creating environment hook '/home/devika/robo_ws/install/warehouse_ros_mongo/share/warehouse_ros_mongo/hook/ld_library_path_lib.sh'
[3.641s] Level 1:colcon.colcon_core.environment:checking '/home/devika/robo_ws/install/warehouse_ros_mongo/bin'
[3.641s] Level 1:colcon.colcon_core.environment:checking '/home/devika/robo_ws/install/warehouse_ros_mongo/lib/pkgconfig/warehouse_ros_mongo.pc'
[3.642s] Level 1:colcon.colcon_core.environment:checking '/home/devika/robo_ws/install/warehouse_ros_mongo/lib/python3.10/site-packages'
[3.643s] Level 1:colcon.colcon_core.environment:checking '/home/devika/robo_ws/install/warehouse_ros_mongo/bin'
[3.644s] INFO:colcon.colcon_core.shell:Creating package script '/home/devika/robo_ws/install/warehouse_ros_mongo/share/warehouse_ros_mongo/package.ps1'
[3.646s] INFO:colcon.colcon_core.shell:Creating package descriptor '/home/devika/robo_ws/install/warehouse_ros_mongo/share/warehouse_ros_mongo/package.dsv'
[3.648s] INFO:colcon.colcon_core.shell:Creating package script '/home/devika/robo_ws/install/warehouse_ros_mongo/share/warehouse_ros_mongo/package.sh'
[3.649s] INFO:colcon.colcon_core.shell:Creating package script '/home/devika/robo_ws/install/warehouse_ros_mongo/share/warehouse_ros_mongo/package.bash'
[3.650s] INFO:colcon.colcon_core.shell:Creating package script '/home/devika/robo_ws/install/warehouse_ros_mongo/share/warehouse_ros_mongo/package.zsh'
[3.651s] Level 1:colcon.colcon_core.environment:create_file_with_runtime_dependencies(/home/devika/robo_ws/install/warehouse_ros_mongo/share/colcon-core/packages/warehouse_ros_mongo)
[3.667s] Level 1:colcon.colcon_core.environment:create_environment_scripts_only(moveit_task_constructor_msgs)
[3.669s] Level 1:colcon.colcon_core.environment:checking '/home/devika/robo_ws/install/moveit_task_constructor_msgs' for CMake module files
[3.668s] DEBUG:colcon.colcon_core.event_handler.log_command:Invoking command in '/home/devika/robo_ws/build/urdf_humble_test': CMAKE_PREFIX_PATH=/home/devika/robo_ws/install/gazebo_ros2_control:/home/devika/robo_ws/install/urdf_humble_test_moveit_config:/home/devika/robo_ws/install/warehouse_ros_mongo:/home/devika/robo_ws/install/urdf_humble_test:/home/devika/robo_ws/install/moveit_task_constructor_visualization:/home/devika/robo_ws/install/moveit_task_constructor_demo:/home/devika/robo_ws/install/moveit_task_constructor_capabilities:/home/devika/robo_ws/install/hello_moveit_task_constructor:/home/devika/robo_ws/install/moveit_task_constructor_core:/home/devika/robo_ws/install/rviz_marker_tools:/home/devika/robo_ws/install/moveit_task_constructor_msgs:/home/devika/robo_ws/install/hello_moveit:/home/devika/ws_moveit2/install/pilz_industrial_motion_planner_testutils:/home/devika/ws_moveit2/install/moveit_runtime:/home/devika/ws_moveit2/install/moveit2_tutorials:/home/devika/ws_moveit2/install/moveit:/home/devika/ws_moveit2/install/moveit_planners:/home/devika/ws_moveit2/install/pilz_industrial_motion_planner:/home/devika/ws_moveit2/install/moveit_visual_tools:/home/devika/ws_moveit2/install/moveit_task_constructor_visualization:/home/devika/ws_moveit2/install/moveit_task_constructor_demo:/home/devika/ws_moveit2/install/moveit_task_constructor_capabilities:/home/devika/ws_moveit2/install/moveit_task_constructor_core:/home/devika/ws_moveit2/install/moveit_ros_control_interface:/home/devika/ws_moveit2/install/moveit_plugins:/home/devika/ws_moveit2/install/moveit_simple_controller_manager:/home/devika/ws_moveit2/install/moveit_setup_assistant:/home/devika/ws_moveit2/install/moveit_setup_srdf_plugins:/home/devika/ws_moveit2/install/moveit_setup_core_plugins:/home/devika/ws_moveit2/install/moveit_setup_controllers:/home/devika/ws_moveit2/install/moveit_setup_app_plugins:/home/devika/ws_moveit2/install/moveit_setup_framework:/home/devika/ws_moveit2/install/moveit_servo:/home/devika/ws_moveit2/install/moveit_ros:/home/devika/ws_moveit2/install/moveit_ros_visualization:/home/devika/ws_moveit2/install/moveit_hybrid_planning:/home/devika/ws_moveit2/install/moveit_ros_planning_interface:/home/devika/ws_moveit2/install/moveit_ros_benchmarks:/home/devika/ws_moveit2/install/moveit_ros_warehouse:/home/devika/ws_moveit2/install/moveit_ros_robot_interaction:/home/devika/ws_moveit2/install/moveit_ros_perception:/home/devika/ws_moveit2/install/moveit_resources_prbt_pg70_support:/home/devika/ws_moveit2/install/moveit_resources_prbt_moveit_config:/home/devika/ws_moveit2/install/moveit_ros_move_group:/home/devika/ws_moveit2/install/moveit_planners_ompl:/home/devika/ws_moveit2/install/moveit_ros_planning:/home/devika/ws_moveit2/install/moveit_ros_occupancy_map_monitor:/home/devika/ws_moveit2/install/moveit_resources_prbt_ikfast_manipulator_plugin:/home/devika/ws_moveit2/install/moveit_planners_chomp:/home/devika/ws_moveit2/install/moveit_kinematics:/home/devika/ws_moveit2/install/moveit_chomp_optimizer_adapter:/home/devika/ws_moveit2/install/chomp_motion_planner:/home/devika/ws_moveit2/install/moveit_core:/home/devika/ws_moveit2/install/srdfdom:/home/devika/ws_moveit2/install/rviz_marker_tools:/home/devika/ws_moveit2/install/rosparam_shortcuts:/home/devika/ws_moveit2/install/moveit_task_constructor_msgs:/home/devika/ws_moveit2/install/moveit_resources_prbt_support:/home/devika/ws_moveit2/install/moveit_resources:/home/devika/ws_moveit2/install/moveit_resources_pr2_description:/home/devika/ws_moveit2/install/moveit_resources_panda_moveit_config:/home/devika/ws_moveit2/install/moveit_resources_panda_description:/home/devika/ws_moveit2/install/moveit_resources_fanuc_moveit_config:/home/devika/ws_moveit2/install/moveit_resources_fanuc_description:/home/devika/ws_moveit2/install/moveit_common:/home/devika/manga_ws/install/urdf_humble_test_moveit_config:/home/devika/manga_ws/install/urdf_humble_test:/home/devika/manga_ws/install/hello_moveit:/home/devika/some_ws/install/motoman_hc10_support:/home/devika/some_ws/install/motoman_resources:/home/devika/some_ws/install/hello_moveit:/home/devika/some_ws/install/hc20_sim_moveit_config:/home/devika/some_ws/install/hc20_moveit_config:/home/devika/some_ws/install/hc10_movit2v3:/home/devika/some_ws/install/hc10dt_moveit_config:/home/devika/robo_ws/install/perception_vision:/home/devika/robo_ws/install/cylinder_position_estimator:/home/devika/ws_moveit2/install/moveit_configs_utils:/home/devika/ws_moveit2/install/launch_param_builder:/opt/ros/humble LD_LIBRARY_PATH=/home/devika/robo_ws/install/gazebo_ros2_control/lib:/home/devika/robo_ws/install/warehouse_ros_mongo/lib:/home/devika/robo_ws/install/moveit_task_constructor_visualization/lib:/home/devika/robo_ws/install/moveit_task_constructor_demo/lib:/home/devika/robo_ws/install/moveit_task_constructor_capabilities/lib:/home/devika/robo_ws/install/hello_moveit_task_constructor/lib:/home/devika/robo_ws/install/moveit_task_constructor_core/lib:/home/devika/robo_ws/install/rviz_marker_tools/lib:/home/devika/robo_ws/install/moveit_task_constructor_msgs/lib:/home/devika/ws_moveit2/install/pilz_industrial_motion_planner_testutils/lib:/home/devika/ws_moveit2/install/pilz_industrial_motion_planner/lib:/home/devika/ws_moveit2/install/moveit_visual_tools/lib:/home/devika/ws_moveit2/install/moveit_task_constructor_visualization/lib:/home/devika/ws_moveit2/install/moveit_task_constructor_demo/lib:/home/devika/ws_moveit2/install/moveit_task_constructor_capabilities/lib:/home/devika/ws_moveit2/install/moveit_task_constructor_core/lib:/home/devika/ws_moveit2/install/moveit_ros_control_interface/lib:/home/devika/ws_moveit2/install/moveit_simple_controller_manager/lib:/home/devika/ws_moveit2/install/moveit_setup_assistant/lib:/home/devika/ws_moveit2/install/moveit_setup_srdf_plugins/lib:/home/devika/ws_moveit2/install/moveit_setup_core_plugins/lib:/home/devika/ws_moveit2/install/moveit_setup_controllers/lib:/home/devika/ws_moveit2/install/moveit_setup_app_plugins/lib:/home/devika/ws_moveit2/install/moveit_setup_framework/lib:/home/devika/ws_moveit2/install/moveit_servo/lib:/home/devika/ws_moveit2/install/moveit_ros_visualization/lib:/home/devika/ws_moveit2/install/moveit_hybrid_planning/lib:/home/devika/ws_moveit2/install/moveit_ros_planning_interface/lib:/home/devika/ws_moveit2/install/moveit_ros_benchmarks/lib:/home/devika/ws_moveit2/install/moveit_ros_warehouse/lib:/home/devika/ws_moveit2/install/moveit_ros_robot_interaction/lib:/home/devika/ws_moveit2/install/moveit_ros_perception/lib:/home/devika/ws_moveit2/install/moveit_ros_move_group/lib:/home/devika/ws_moveit2/install/moveit_planners_ompl/lib:/home/devika/ws_moveit2/install/moveit_ros_planning/lib:/home/devika/ws_moveit2/install/moveit_ros_occupancy_map_monitor/lib:/home/devika/ws_moveit2/install/moveit_resources_prbt_ikfast_manipulator_plugin/lib:/home/devika/ws_moveit2/install/moveit_planners_chomp/lib:/home/devika/ws_moveit2/install/moveit_kinematics/lib:/home/devika/ws_moveit2/install/moveit_chomp_optimizer_adapter/lib:/home/devika/ws_moveit2/install/chomp_motion_planner/lib:/home/devika/ws_moveit2/install/moveit_core/lib:/home/devika/ws_moveit2/install/srdfdom/lib:/home/devika/ws_moveit2/install/rviz_marker_tools/lib:/home/devika/ws_moveit2/install/rosparam_shortcuts/lib:/home/devika/ws_moveit2/install/moveit_task_constructor_msgs/lib:/usr/lib/x86_64-linux-gnu/gazebo-11/plugins:/opt/ros/humble/opt/rviz_ogre_vendor/lib:/opt/ros/humble/lib/x86_64-linux-gnu:/opt/ros/humble/lib /usr/bin/cmake --build /home/devika/robo_ws/build/urdf_humble_test -- -j8 -l8
[3.676s] DEBUG:colcon.colcon_core.event_handler.log_command:Invoked command in '/home/devika/robo_ws/build/moveit_task_constructor_msgs' returned '0': CMAKE_PREFIX_PATH=${CMAKE_PREFIX_PATH}:/home/devika/robo_ws/install/perception_vision:/home/devika/robo_ws/install/cylinder_position_estimator:/home/devika/ws_moveit2/install/moveit_configs_utils:/home/devika/ws_moveit2/install/launch_param_builder:/opt/ros/humble /usr/bin/cmake --install /home/devika/robo_ws/build/moveit_task_constructor_msgs
[3.677s] Level 1:colcon.colcon_core.environment:checking '/home/devika/robo_ws/install/moveit_task_constructor_msgs' for CMake config files
[3.679s] Level 1:colcon.colcon_core.shell:create_environment_hook('moveit_task_constructor_msgs', 'cmake_prefix_path')
[3.681s] INFO:colcon.colcon_core.shell:Creating environment hook '/home/devika/robo_ws/install/moveit_task_constructor_msgs/share/moveit_task_constructor_msgs/hook/cmake_prefix_path.ps1'
[3.683s] INFO:colcon.colcon_core.shell:Creating environment descriptor '/home/devika/robo_ws/install/moveit_task_constructor_msgs/share/moveit_task_constructor_msgs/hook/cmake_prefix_path.dsv'
[3.684s] INFO:colcon.colcon_core.shell:Creating environment hook '/home/devika/robo_ws/install/moveit_task_constructor_msgs/share/moveit_task_constructor_msgs/hook/cmake_prefix_path.sh'
[3.688s] Level 1:colcon.colcon_core.environment:checking '/home/devika/robo_ws/install/moveit_task_constructor_msgs/lib'
[3.688s] Level 1:colcon.colcon_core.shell:create_environment_hook('moveit_task_constructor_msgs', 'ld_library_path_lib')
[3.690s] INFO:colcon.colcon_core.shell:Creating environment hook '/home/devika/robo_ws/install/moveit_task_constructor_msgs/share/moveit_task_constructor_msgs/hook/ld_library_path_lib.ps1'
[3.691s] INFO:colcon.colcon_core.shell:Creating environment descriptor '/home/devika/robo_ws/install/moveit_task_constructor_msgs/share/moveit_task_constructor_msgs/hook/ld_library_path_lib.dsv'
[3.692s] INFO:colcon.colcon_core.shell:Creating environment hook '/home/devika/robo_ws/install/moveit_task_constructor_msgs/share/moveit_task_constructor_msgs/hook/ld_library_path_lib.sh'
[3.694s] Level 1:colcon.colcon_core.environment:checking '/home/devika/robo_ws/install/moveit_task_constructor_msgs/bin'
[3.694s] Level 1:colcon.colcon_core.environment:checking '/home/devika/robo_ws/install/moveit_task_constructor_msgs/lib/pkgconfig/moveit_task_constructor_msgs.pc'
[3.694s] Level 1:colcon.colcon_core.environment:checking '/home/devika/robo_ws/install/moveit_task_constructor_msgs/lib/python3.10/site-packages'
[3.695s] Level 1:colcon.colcon_core.environment:checking '/home/devika/robo_ws/install/moveit_task_constructor_msgs/bin'
[3.696s] INFO:colcon.colcon_core.shell:Creating package script '/home/devika/robo_ws/install/moveit_task_constructor_msgs/share/moveit_task_constructor_msgs/package.ps1'
[3.698s] INFO:colcon.colcon_core.shell:Creating package descriptor '/home/devika/robo_ws/install/moveit_task_constructor_msgs/share/moveit_task_constructor_msgs/package.dsv'
[3.699s] INFO:colcon.colcon_core.shell:Creating package script '/home/devika/robo_ws/install/moveit_task_constructor_msgs/share/moveit_task_constructor_msgs/package.sh'
[3.701s] INFO:colcon.colcon_core.shell:Creating package script '/home/devika/robo_ws/install/moveit_task_constructor_msgs/share/moveit_task_constructor_msgs/package.bash'
[3.702s] INFO:colcon.colcon_core.shell:Creating package script '/home/devika/robo_ws/install/moveit_task_constructor_msgs/share/moveit_task_constructor_msgs/package.zsh'
[3.703s] Level 1:colcon.colcon_core.environment:create_file_with_runtime_dependencies(/home/devika/robo_ws/install/moveit_task_constructor_msgs/share/colcon-core/packages/moveit_task_constructor_msgs)
[3.707s] Level 1:colcon.colcon_core.environment:create_environment_scripts_only(moveit_task_constructor_msgs)
[3.708s] Level 1:colcon.colcon_core.environment:checking '/home/devika/robo_ws/install/moveit_task_constructor_msgs' for CMake module files
[3.710s] Level 1:colcon.colcon_core.environment:checking '/home/devika/robo_ws/install/moveit_task_constructor_msgs' for CMake config files
[3.712s] Level 1:colcon.colcon_core.shell:create_environment_hook('moveit_task_constructor_msgs', 'cmake_prefix_path')
[3.713s] INFO:colcon.colcon_core.shell:Creating environment hook '/home/devika/robo_ws/install/moveit_task_constructor_msgs/share/moveit_task_constructor_msgs/hook/cmake_prefix_path.ps1'
[3.714s] INFO:colcon.colcon_core.shell:Creating environment descriptor '/home/devika/robo_ws/install/moveit_task_constructor_msgs/share/moveit_task_constructor_msgs/hook/cmake_prefix_path.dsv'
[3.715s] INFO:colcon.colcon_core.shell:Creating environment hook '/home/devika/robo_ws/install/moveit_task_constructor_msgs/share/moveit_task_constructor_msgs/hook/cmake_prefix_path.sh'
[3.716s] Level 1:colcon.colcon_core.environment:checking '/home/devika/robo_ws/install/moveit_task_constructor_msgs/lib'
[3.717s] Level 1:colcon.colcon_core.shell:create_environment_hook('moveit_task_constructor_msgs', 'ld_library_path_lib')
[3.717s] INFO:colcon.colcon_core.shell:Creating environment hook '/home/devika/robo_ws/install/moveit_task_constructor_msgs/share/moveit_task_constructor_msgs/hook/ld_library_path_lib.ps1'
[3.718s] INFO:colcon.colcon_core.shell:Creating environment descriptor '/home/devika/robo_ws/install/moveit_task_constructor_msgs/share/moveit_task_constructor_msgs/hook/ld_library_path_lib.dsv'
[3.719s] INFO:colcon.colcon_core.shell:Creating environment hook '/home/devika/robo_ws/install/moveit_task_constructor_msgs/share/moveit_task_constructor_msgs/hook/ld_library_path_lib.sh'
[3.720s] Level 1:colcon.colcon_core.environment:checking '/home/devika/robo_ws/install/moveit_task_constructor_msgs/bin'
[3.720s] Level 1:colcon.colcon_core.environment:checking '/home/devika/robo_ws/install/moveit_task_constructor_msgs/lib/pkgconfig/moveit_task_constructor_msgs.pc'
[3.721s] Level 1:colcon.colcon_core.environment:checking '/home/devika/robo_ws/install/moveit_task_constructor_msgs/lib/python3.10/site-packages'
[3.721s] Level 1:colcon.colcon_core.environment:checking '/home/devika/robo_ws/install/moveit_task_constructor_msgs/bin'
[3.723s] INFO:colcon.colcon_core.shell:Creating package script '/home/devika/robo_ws/install/moveit_task_constructor_msgs/share/moveit_task_constructor_msgs/package.ps1'
[3.725s] INFO:colcon.colcon_core.shell:Creating package descriptor '/home/devika/robo_ws/install/moveit_task_constructor_msgs/share/moveit_task_constructor_msgs/package.dsv'
[3.727s] INFO:colcon.colcon_core.shell:Creating package script '/home/devika/robo_ws/install/moveit_task_constructor_msgs/share/moveit_task_constructor_msgs/package.sh'
[3.729s] INFO:colcon.colcon_core.shell:Creating package script '/home/devika/robo_ws/install/moveit_task_constructor_msgs/share/moveit_task_constructor_msgs/package.bash'
[3.731s] INFO:colcon.colcon_core.shell:Creating package script '/home/devika/robo_ws/install/moveit_task_constructor_msgs/share/moveit_task_constructor_msgs/package.zsh'
[3.733s] Level 1:colcon.colcon_core.environment:create_file_with_runtime_dependencies(/home/devika/robo_ws/install/moveit_task_constructor_msgs/share/colcon-core/packages/moveit_task_constructor_msgs)
[3.734s] INFO:colcon.colcon_ros.task.ament_cmake.build:Building ROS package in '/home/devika/robo_ws/src/moveit_task_constructor/core' with build type 'ament_cmake'
[3.735s] INFO:colcon.colcon_cmake.task.cmake.build:Building CMake package in '/home/devika/robo_ws/src/moveit_task_constructor/core'
[3.736s] INFO:colcon.colcon_core.shell:Skip shell extension 'powershell' for command environment: Not usable outside of PowerShell
[3.736s] DEBUG:colcon.colcon_core.shell:Skip shell extension 'dsv' for command environment
[3.818s] DEBUG:colcon.colcon_core.event_handler.log_command:Invoking command in '/home/devika/robo_ws/build/moveit_task_constructor_core': CMAKE_PREFIX_PATH=/home/devika/robo_ws/install/rviz_marker_tools:/home/devika/robo_ws/install/moveit_task_constructor_msgs:/home/devika/robo_ws/install/urdf_humble_test_moveit_config:/home/devika/robo_ws/install/warehouse_ros_mongo:/home/devika/robo_ws/install/urdf_humble_test:/home/devika/robo_ws/install/moveit_task_constructor_visualization:/home/devika/robo_ws/install/moveit_task_constructor_demo:/home/devika/robo_ws/install/moveit_task_constructor_capabilities:/home/devika/robo_ws/install/hello_moveit_task_constructor:/home/devika/robo_ws/install/moveit_task_constructor_core:/home/devika/robo_ws/install/hello_moveit:/home/devika/robo_ws/install/gazebo_ros2_control:/home/devika/ws_moveit2/install/pilz_industrial_motion_planner_testutils:/home/devika/ws_moveit2/install/moveit_runtime:/home/devika/ws_moveit2/install/moveit2_tutorials:/home/devika/ws_moveit2/install/moveit:/home/devika/ws_moveit2/install/moveit_planners:/home/devika/ws_moveit2/install/pilz_industrial_motion_planner:/home/devika/ws_moveit2/install/moveit_visual_tools:/home/devika/ws_moveit2/install/moveit_task_constructor_visualization:/home/devika/ws_moveit2/install/moveit_task_constructor_demo:/home/devika/ws_moveit2/install/moveit_task_constructor_capabilities:/home/devika/ws_moveit2/install/moveit_task_constructor_core:/home/devika/ws_moveit2/install/moveit_ros_control_interface:/home/devika/ws_moveit2/install/moveit_plugins:/home/devika/ws_moveit2/install/moveit_simple_controller_manager:/home/devika/ws_moveit2/install/moveit_setup_assistant:/home/devika/ws_moveit2/install/moveit_setup_srdf_plugins:/home/devika/ws_moveit2/install/moveit_setup_core_plugins:/home/devika/ws_moveit2/install/moveit_setup_controllers:/home/devika/ws_moveit2/install/moveit_setup_app_plugins:/home/devika/ws_moveit2/install/moveit_setup_framework:/home/devika/ws_moveit2/install/moveit_servo:/home/devika/ws_moveit2/install/moveit_ros:/home/devika/ws_moveit2/install/moveit_ros_visualization:/home/devika/ws_moveit2/install/moveit_hybrid_planning:/home/devika/ws_moveit2/install/moveit_ros_planning_interface:/home/devika/ws_moveit2/install/moveit_ros_benchmarks:/home/devika/ws_moveit2/install/moveit_ros_warehouse:/home/devika/ws_moveit2/install/moveit_ros_robot_interaction:/home/devika/ws_moveit2/install/moveit_ros_perception:/home/devika/ws_moveit2/install/moveit_resources_prbt_pg70_support:/home/devika/ws_moveit2/install/moveit_resources_prbt_moveit_config:/home/devika/ws_moveit2/install/moveit_ros_move_group:/home/devika/ws_moveit2/install/moveit_planners_ompl:/home/devika/ws_moveit2/install/moveit_ros_planning:/home/devika/ws_moveit2/install/moveit_ros_occupancy_map_monitor:/home/devika/ws_moveit2/install/moveit_resources_prbt_ikfast_manipulator_plugin:/home/devika/ws_moveit2/install/moveit_planners_chomp:/home/devika/ws_moveit2/install/moveit_kinematics:/home/devika/ws_moveit2/install/moveit_chomp_optimizer_adapter:/home/devika/ws_moveit2/install/chomp_motion_planner:/home/devika/ws_moveit2/install/moveit_core:/home/devika/ws_moveit2/install/srdfdom:/home/devika/ws_moveit2/install/rviz_marker_tools:/home/devika/ws_moveit2/install/rosparam_shortcuts:/home/devika/ws_moveit2/install/moveit_task_constructor_msgs:/home/devika/ws_moveit2/install/moveit_resources_prbt_support:/home/devika/ws_moveit2/install/moveit_resources:/home/devika/ws_moveit2/install/moveit_resources_pr2_description:/home/devika/ws_moveit2/install/moveit_resources_panda_moveit_config:/home/devika/ws_moveit2/install/moveit_resources_panda_description:/home/devika/ws_moveit2/install/moveit_resources_fanuc_moveit_config:/home/devika/ws_moveit2/install/moveit_resources_fanuc_description:/home/devika/ws_moveit2/install/moveit_common:/home/devika/manga_ws/install/urdf_humble_test_moveit_config:/home/devika/manga_ws/install/urdf_humble_test:/home/devika/manga_ws/install/hello_moveit:/home/devika/some_ws/install/motoman_hc10_support:/home/devika/some_ws/install/motoman_resources:/home/devika/some_ws/install/hello_moveit:/home/devika/some_ws/install/hc20_sim_moveit_config:/home/devika/some_ws/install/hc20_moveit_config:/home/devika/some_ws/install/hc10_movit2v3:/home/devika/some_ws/install/hc10dt_moveit_config:/home/devika/robo_ws/install/perception_vision:/home/devika/robo_ws/install/cylinder_position_estimator:/home/devika/ws_moveit2/install/moveit_configs_utils:/home/devika/ws_moveit2/install/launch_param_builder:/opt/ros/humble LD_LIBRARY_PATH=/home/devika/robo_ws/install/rviz_marker_tools/lib:/home/devika/robo_ws/install/moveit_task_constructor_msgs/lib:/home/devika/robo_ws/install/warehouse_ros_mongo/lib:/home/devika/robo_ws/install/moveit_task_constructor_visualization/lib:/home/devika/robo_ws/install/moveit_task_constructor_demo/lib:/home/devika/robo_ws/install/moveit_task_constructor_capabilities/lib:/home/devika/robo_ws/install/hello_moveit_task_constructor/lib:/home/devika/robo_ws/install/moveit_task_constructor_core/lib:/home/devika/robo_ws/install/gazebo_ros2_control/lib:/home/devika/ws_moveit2/install/pilz_industrial_motion_planner_testutils/lib:/home/devika/ws_moveit2/install/pilz_industrial_motion_planner/lib:/home/devika/ws_moveit2/install/moveit_visual_tools/lib:/home/devika/ws_moveit2/install/moveit_task_constructor_visualization/lib:/home/devika/ws_moveit2/install/moveit_task_constructor_demo/lib:/home/devika/ws_moveit2/install/moveit_task_constructor_capabilities/lib:/home/devika/ws_moveit2/install/moveit_task_constructor_core/lib:/home/devika/ws_moveit2/install/moveit_ros_control_interface/lib:/home/devika/ws_moveit2/install/moveit_simple_controller_manager/lib:/home/devika/ws_moveit2/install/moveit_setup_assistant/lib:/home/devika/ws_moveit2/install/moveit_setup_srdf_plugins/lib:/home/devika/ws_moveit2/install/moveit_setup_core_plugins/lib:/home/devika/ws_moveit2/install/moveit_setup_controllers/lib:/home/devika/ws_moveit2/install/moveit_setup_app_plugins/lib:/home/devika/ws_moveit2/install/moveit_setup_framework/lib:/home/devika/ws_moveit2/install/moveit_servo/lib:/home/devika/ws_moveit2/install/moveit_ros_visualization/lib:/home/devika/ws_moveit2/install/moveit_hybrid_planning/lib:/home/devika/ws_moveit2/install/moveit_ros_planning_interface/lib:/home/devika/ws_moveit2/install/moveit_ros_benchmarks/lib:/home/devika/ws_moveit2/install/moveit_ros_warehouse/lib:/home/devika/ws_moveit2/install/moveit_ros_robot_interaction/lib:/home/devika/ws_moveit2/install/moveit_ros_perception/lib:/home/devika/ws_moveit2/install/moveit_ros_move_group/lib:/home/devika/ws_moveit2/install/moveit_planners_ompl/lib:/home/devika/ws_moveit2/install/moveit_ros_planning/lib:/home/devika/ws_moveit2/install/moveit_ros_occupancy_map_monitor/lib:/home/devika/ws_moveit2/install/moveit_resources_prbt_ikfast_manipulator_plugin/lib:/home/devika/ws_moveit2/install/moveit_planners_chomp/lib:/home/devika/ws_moveit2/install/moveit_kinematics/lib:/home/devika/ws_moveit2/install/moveit_chomp_optimizer_adapter/lib:/home/devika/ws_moveit2/install/chomp_motion_planner/lib:/home/devika/ws_moveit2/install/moveit_core/lib:/home/devika/ws_moveit2/install/srdfdom/lib:/home/devika/ws_moveit2/install/rviz_marker_tools/lib:/home/devika/ws_moveit2/install/rosparam_shortcuts/lib:/home/devika/ws_moveit2/install/moveit_task_constructor_msgs/lib:/usr/lib/x86_64-linux-gnu/gazebo-11/plugins:/opt/ros/humble/opt/rviz_ogre_vendor/lib:/opt/ros/humble/lib/x86_64-linux-gnu:/opt/ros/humble/lib /usr/bin/cmake --build /home/devika/robo_ws/build/moveit_task_constructor_core -- -j8 -l8
[3.873s] DEBUG:colcon.colcon_core.event_handler.log_command:Invoked command in '/home/devika/robo_ws/build/urdf_humble_test' returned '0': CMAKE_PREFIX_PATH=/home/devika/robo_ws/install/gazebo_ros2_control:/home/devika/robo_ws/install/urdf_humble_test_moveit_config:/home/devika/robo_ws/install/warehouse_ros_mongo:/home/devika/robo_ws/install/urdf_humble_test:/home/devika/robo_ws/install/moveit_task_constructor_visualization:/home/devika/robo_ws/install/moveit_task_constructor_demo:/home/devika/robo_ws/install/moveit_task_constructor_capabilities:/home/devika/robo_ws/install/hello_moveit_task_constructor:/home/devika/robo_ws/install/moveit_task_constructor_core:/home/devika/robo_ws/install/rviz_marker_tools:/home/devika/robo_ws/install/moveit_task_constructor_msgs:/home/devika/robo_ws/install/hello_moveit:/home/devika/ws_moveit2/install/pilz_industrial_motion_planner_testutils:/home/devika/ws_moveit2/install/moveit_runtime:/home/devika/ws_moveit2/install/moveit2_tutorials:/home/devika/ws_moveit2/install/moveit:/home/devika/ws_moveit2/install/moveit_planners:/home/devika/ws_moveit2/install/pilz_industrial_motion_planner:/home/devika/ws_moveit2/install/moveit_visual_tools:/home/devika/ws_moveit2/install/moveit_task_constructor_visualization:/home/devika/ws_moveit2/install/moveit_task_constructor_demo:/home/devika/ws_moveit2/install/moveit_task_constructor_capabilities:/home/devika/ws_moveit2/install/moveit_task_constructor_core:/home/devika/ws_moveit2/install/moveit_ros_control_interface:/home/devika/ws_moveit2/install/moveit_plugins:/home/devika/ws_moveit2/install/moveit_simple_controller_manager:/home/devika/ws_moveit2/install/moveit_setup_assistant:/home/devika/ws_moveit2/install/moveit_setup_srdf_plugins:/home/devika/ws_moveit2/install/moveit_setup_core_plugins:/home/devika/ws_moveit2/install/moveit_setup_controllers:/home/devika/ws_moveit2/install/moveit_setup_app_plugins:/home/devika/ws_moveit2/install/moveit_setup_framework:/home/devika/ws_moveit2/install/moveit_servo:/home/devika/ws_moveit2/install/moveit_ros:/home/devika/ws_moveit2/install/moveit_ros_visualization:/home/devika/ws_moveit2/install/moveit_hybrid_planning:/home/devika/ws_moveit2/install/moveit_ros_planning_interface:/home/devika/ws_moveit2/install/moveit_ros_benchmarks:/home/devika/ws_moveit2/install/moveit_ros_warehouse:/home/devika/ws_moveit2/install/moveit_ros_robot_interaction:/home/devika/ws_moveit2/install/moveit_ros_perception:/home/devika/ws_moveit2/install/moveit_resources_prbt_pg70_support:/home/devika/ws_moveit2/install/moveit_resources_prbt_moveit_config:/home/devika/ws_moveit2/install/moveit_ros_move_group:/home/devika/ws_moveit2/install/moveit_planners_ompl:/home/devika/ws_moveit2/install/moveit_ros_planning:/home/devika/ws_moveit2/install/moveit_ros_occupancy_map_monitor:/home/devika/ws_moveit2/install/moveit_resources_prbt_ikfast_manipulator_plugin:/home/devika/ws_moveit2/install/moveit_planners_chomp:/home/devika/ws_moveit2/install/moveit_kinematics:/home/devika/ws_moveit2/install/moveit_chomp_optimizer_adapter:/home/devika/ws_moveit2/install/chomp_motion_planner:/home/devika/ws_moveit2/install/moveit_core:/home/devika/ws_moveit2/install/srdfdom:/home/devika/ws_moveit2/install/rviz_marker_tools:/home/devika/ws_moveit2/install/rosparam_shortcuts:/home/devika/ws_moveit2/install/moveit_task_constructor_msgs:/home/devika/ws_moveit2/install/moveit_resources_prbt_support:/home/devika/ws_moveit2/install/moveit_resources:/home/devika/ws_moveit2/install/moveit_resources_pr2_description:/home/devika/ws_moveit2/install/moveit_resources_panda_moveit_config:/home/devika/ws_moveit2/install/moveit_resources_panda_description:/home/devika/ws_moveit2/install/moveit_resources_fanuc_moveit_config:/home/devika/ws_moveit2/install/moveit_resources_fanuc_description:/home/devika/ws_moveit2/install/moveit_common:/home/devika/manga_ws/install/urdf_humble_test_moveit_config:/home/devika/manga_ws/install/urdf_humble_test:/home/devika/manga_ws/install/hello_moveit:/home/devika/some_ws/install/motoman_hc10_support:/home/devika/some_ws/install/motoman_resources:/home/devika/some_ws/install/hello_moveit:/home/devika/some_ws/install/hc20_sim_moveit_config:/home/devika/some_ws/install/hc20_moveit_config:/home/devika/some_ws/install/hc10_movit2v3:/home/devika/some_ws/install/hc10dt_moveit_config:/home/devika/robo_ws/install/perception_vision:/home/devika/robo_ws/install/cylinder_position_estimator:/home/devika/ws_moveit2/install/moveit_configs_utils:/home/devika/ws_moveit2/install/launch_param_builder:/opt/ros/humble LD_LIBRARY_PATH=/home/devika/robo_ws/install/gazebo_ros2_control/lib:/home/devika/robo_ws/install/warehouse_ros_mongo/lib:/home/devika/robo_ws/install/moveit_task_constructor_visualization/lib:/home/devika/robo_ws/install/moveit_task_constructor_demo/lib:/home/devika/robo_ws/install/moveit_task_constructor_capabilities/lib:/home/devika/robo_ws/install/hello_moveit_task_constructor/lib:/home/devika/robo_ws/install/moveit_task_constructor_core/lib:/home/devika/robo_ws/install/rviz_marker_tools/lib:/home/devika/robo_ws/install/moveit_task_constructor_msgs/lib:/home/devika/ws_moveit2/install/pilz_industrial_motion_planner_testutils/lib:/home/devika/ws_moveit2/install/pilz_industrial_motion_planner/lib:/home/devika/ws_moveit2/install/moveit_visual_tools/lib:/home/devika/ws_moveit2/install/moveit_task_constructor_visualization/lib:/home/devika/ws_moveit2/install/moveit_task_constructor_demo/lib:/home/devika/ws_moveit2/install/moveit_task_constructor_capabilities/lib:/home/devika/ws_moveit2/install/moveit_task_constructor_core/lib:/home/devika/ws_moveit2/install/moveit_ros_control_interface/lib:/home/devika/ws_moveit2/install/moveit_simple_controller_manager/lib:/home/devika/ws_moveit2/install/moveit_setup_assistant/lib:/home/devika/ws_moveit2/install/moveit_setup_srdf_plugins/lib:/home/devika/ws_moveit2/install/moveit_setup_core_plugins/lib:/home/devika/ws_moveit2/install/moveit_setup_controllers/lib:/home/devika/ws_moveit2/install/moveit_setup_app_plugins/lib:/home/devika/ws_moveit2/install/moveit_setup_framework/lib:/home/devika/ws_moveit2/install/moveit_servo/lib:/home/devika/ws_moveit2/install/moveit_ros_visualization/lib:/home/devika/ws_moveit2/install/moveit_hybrid_planning/lib:/home/devika/ws_moveit2/install/moveit_ros_planning_interface/lib:/home/devika/ws_moveit2/install/moveit_ros_benchmarks/lib:/home/devika/ws_moveit2/install/moveit_ros_warehouse/lib:/home/devika/ws_moveit2/install/moveit_ros_robot_interaction/lib:/home/devika/ws_moveit2/install/moveit_ros_perception/lib:/home/devika/ws_moveit2/install/moveit_ros_move_group/lib:/home/devika/ws_moveit2/install/moveit_planners_ompl/lib:/home/devika/ws_moveit2/install/moveit_ros_planning/lib:/home/devika/ws_moveit2/install/moveit_ros_occupancy_map_monitor/lib:/home/devika/ws_moveit2/install/moveit_resources_prbt_ikfast_manipulator_plugin/lib:/home/devika/ws_moveit2/install/moveit_planners_chomp/lib:/home/devika/ws_moveit2/install/moveit_kinematics/lib:/home/devika/ws_moveit2/install/moveit_chomp_optimizer_adapter/lib:/home/devika/ws_moveit2/install/chomp_motion_planner/lib:/home/devika/ws_moveit2/install/moveit_core/lib:/home/devika/ws_moveit2/install/srdfdom/lib:/home/devika/ws_moveit2/install/rviz_marker_tools/lib:/home/devika/ws_moveit2/install/rosparam_shortcuts/lib:/home/devika/ws_moveit2/install/moveit_task_constructor_msgs/lib:/usr/lib/x86_64-linux-gnu/gazebo-11/plugins:/opt/ros/humble/opt/rviz_ogre_vendor/lib:/opt/ros/humble/lib/x86_64-linux-gnu:/opt/ros/humble/lib /usr/bin/cmake --build /home/devika/robo_ws/build/urdf_humble_test -- -j8 -l8
[3.874s] DEBUG:colcon.colcon_core.event_handler.log_command:Invoking command in '/home/devika/robo_ws/build/urdf_humble_test': CMAKE_PREFIX_PATH=/home/devika/robo_ws/install/gazebo_ros2_control:/home/devika/robo_ws/install/urdf_humble_test_moveit_config:/home/devika/robo_ws/install/warehouse_ros_mongo:/home/devika/robo_ws/install/urdf_humble_test:/home/devika/robo_ws/install/moveit_task_constructor_visualization:/home/devika/robo_ws/install/moveit_task_constructor_demo:/home/devika/robo_ws/install/moveit_task_constructor_capabilities:/home/devika/robo_ws/install/hello_moveit_task_constructor:/home/devika/robo_ws/install/moveit_task_constructor_core:/home/devika/robo_ws/install/rviz_marker_tools:/home/devika/robo_ws/install/moveit_task_constructor_msgs:/home/devika/robo_ws/install/hello_moveit:/home/devika/ws_moveit2/install/pilz_industrial_motion_planner_testutils:/home/devika/ws_moveit2/install/moveit_runtime:/home/devika/ws_moveit2/install/moveit2_tutorials:/home/devika/ws_moveit2/install/moveit:/home/devika/ws_moveit2/install/moveit_planners:/home/devika/ws_moveit2/install/pilz_industrial_motion_planner:/home/devika/ws_moveit2/install/moveit_visual_tools:/home/devika/ws_moveit2/install/moveit_task_constructor_visualization:/home/devika/ws_moveit2/install/moveit_task_constructor_demo:/home/devika/ws_moveit2/install/moveit_task_constructor_capabilities:/home/devika/ws_moveit2/install/moveit_task_constructor_core:/home/devika/ws_moveit2/install/moveit_ros_control_interface:/home/devika/ws_moveit2/install/moveit_plugins:/home/devika/ws_moveit2/install/moveit_simple_controller_manager:/home/devika/ws_moveit2/install/moveit_setup_assistant:/home/devika/ws_moveit2/install/moveit_setup_srdf_plugins:/home/devika/ws_moveit2/install/moveit_setup_core_plugins:/home/devika/ws_moveit2/install/moveit_setup_controllers:/home/devika/ws_moveit2/install/moveit_setup_app_plugins:/home/devika/ws_moveit2/install/moveit_setup_framework:/home/devika/ws_moveit2/install/moveit_servo:/home/devika/ws_moveit2/install/moveit_ros:/home/devika/ws_moveit2/install/moveit_ros_visualization:/home/devika/ws_moveit2/install/moveit_hybrid_planning:/home/devika/ws_moveit2/install/moveit_ros_planning_interface:/home/devika/ws_moveit2/install/moveit_ros_benchmarks:/home/devika/ws_moveit2/install/moveit_ros_warehouse:/home/devika/ws_moveit2/install/moveit_ros_robot_interaction:/home/devika/ws_moveit2/install/moveit_ros_perception:/home/devika/ws_moveit2/install/moveit_resources_prbt_pg70_support:/home/devika/ws_moveit2/install/moveit_resources_prbt_moveit_config:/home/devika/ws_moveit2/install/moveit_ros_move_group:/home/devika/ws_moveit2/install/moveit_planners_ompl:/home/devika/ws_moveit2/install/moveit_ros_planning:/home/devika/ws_moveit2/install/moveit_ros_occupancy_map_monitor:/home/devika/ws_moveit2/install/moveit_resources_prbt_ikfast_manipulator_plugin:/home/devika/ws_moveit2/install/moveit_planners_chomp:/home/devika/ws_moveit2/install/moveit_kinematics:/home/devika/ws_moveit2/install/moveit_chomp_optimizer_adapter:/home/devika/ws_moveit2/install/chomp_motion_planner:/home/devika/ws_moveit2/install/moveit_core:/home/devika/ws_moveit2/install/srdfdom:/home/devika/ws_moveit2/install/rviz_marker_tools:/home/devika/ws_moveit2/install/rosparam_shortcuts:/home/devika/ws_moveit2/install/moveit_task_constructor_msgs:/home/devika/ws_moveit2/install/moveit_resources_prbt_support:/home/devika/ws_moveit2/install/moveit_resources:/home/devika/ws_moveit2/install/moveit_resources_pr2_description:/home/devika/ws_moveit2/install/moveit_resources_panda_moveit_config:/home/devika/ws_moveit2/install/moveit_resources_panda_description:/home/devika/ws_moveit2/install/moveit_resources_fanuc_moveit_config:/home/devika/ws_moveit2/install/moveit_resources_fanuc_description:/home/devika/ws_moveit2/install/moveit_common:/home/devika/manga_ws/install/urdf_humble_test_moveit_config:/home/devika/manga_ws/install/urdf_humble_test:/home/devika/manga_ws/install/hello_moveit:/home/devika/some_ws/install/motoman_hc10_support:/home/devika/some_ws/install/motoman_resources:/home/devika/some_ws/install/hello_moveit:/home/devika/some_ws/install/hc20_sim_moveit_config:/home/devika/some_ws/install/hc20_moveit_config:/home/devika/some_ws/install/hc10_movit2v3:/home/devika/some_ws/install/hc10dt_moveit_config:/home/devika/robo_ws/install/perception_vision:/home/devika/robo_ws/install/cylinder_position_estimator:/home/devika/ws_moveit2/install/moveit_configs_utils:/home/devika/ws_moveit2/install/launch_param_builder:/opt/ros/humble LD_LIBRARY_PATH=/home/devika/robo_ws/install/gazebo_ros2_control/lib:/home/devika/robo_ws/install/warehouse_ros_mongo/lib:/home/devika/robo_ws/install/moveit_task_constructor_visualization/lib:/home/devika/robo_ws/install/moveit_task_constructor_demo/lib:/home/devika/robo_ws/install/moveit_task_constructor_capabilities/lib:/home/devika/robo_ws/install/hello_moveit_task_constructor/lib:/home/devika/robo_ws/install/moveit_task_constructor_core/lib:/home/devika/robo_ws/install/rviz_marker_tools/lib:/home/devika/robo_ws/install/moveit_task_constructor_msgs/lib:/home/devika/ws_moveit2/install/pilz_industrial_motion_planner_testutils/lib:/home/devika/ws_moveit2/install/pilz_industrial_motion_planner/lib:/home/devika/ws_moveit2/install/moveit_visual_tools/lib:/home/devika/ws_moveit2/install/moveit_task_constructor_visualization/lib:/home/devika/ws_moveit2/install/moveit_task_constructor_demo/lib:/home/devika/ws_moveit2/install/moveit_task_constructor_capabilities/lib:/home/devika/ws_moveit2/install/moveit_task_constructor_core/lib:/home/devika/ws_moveit2/install/moveit_ros_control_interface/lib:/home/devika/ws_moveit2/install/moveit_simple_controller_manager/lib:/home/devika/ws_moveit2/install/moveit_setup_assistant/lib:/home/devika/ws_moveit2/install/moveit_setup_srdf_plugins/lib:/home/devika/ws_moveit2/install/moveit_setup_core_plugins/lib:/home/devika/ws_moveit2/install/moveit_setup_controllers/lib:/home/devika/ws_moveit2/install/moveit_setup_app_plugins/lib:/home/devika/ws_moveit2/install/moveit_setup_framework/lib:/home/devika/ws_moveit2/install/moveit_servo/lib:/home/devika/ws_moveit2/install/moveit_ros_visualization/lib:/home/devika/ws_moveit2/install/moveit_hybrid_planning/lib:/home/devika/ws_moveit2/install/moveit_ros_planning_interface/lib:/home/devika/ws_moveit2/install/moveit_ros_benchmarks/lib:/home/devika/ws_moveit2/install/moveit_ros_warehouse/lib:/home/devika/ws_moveit2/install/moveit_ros_robot_interaction/lib:/home/devika/ws_moveit2/install/moveit_ros_perception/lib:/home/devika/ws_moveit2/install/moveit_ros_move_group/lib:/home/devika/ws_moveit2/install/moveit_planners_ompl/lib:/home/devika/ws_moveit2/install/moveit_ros_planning/lib:/home/devika/ws_moveit2/install/moveit_ros_occupancy_map_monitor/lib:/home/devika/ws_moveit2/install/moveit_resources_prbt_ikfast_manipulator_plugin/lib:/home/devika/ws_moveit2/install/moveit_planners_chomp/lib:/home/devika/ws_moveit2/install/moveit_kinematics/lib:/home/devika/ws_moveit2/install/moveit_chomp_optimizer_adapter/lib:/home/devika/ws_moveit2/install/chomp_motion_planner/lib:/home/devika/ws_moveit2/install/moveit_core/lib:/home/devika/ws_moveit2/install/srdfdom/lib:/home/devika/ws_moveit2/install/rviz_marker_tools/lib:/home/devika/ws_moveit2/install/rosparam_shortcuts/lib:/home/devika/ws_moveit2/install/moveit_task_constructor_msgs/lib:/usr/lib/x86_64-linux-gnu/gazebo-11/plugins:/opt/ros/humble/opt/rviz_ogre_vendor/lib:/opt/ros/humble/lib/x86_64-linux-gnu:/opt/ros/humble/lib /usr/bin/cmake --install /home/devika/robo_ws/build/urdf_humble_test
[3.917s] Level 1:colcon.colcon_core.environment:create_environment_scripts_only(urdf_humble_test)
[3.918s] Level 1:colcon.colcon_core.environment:checking '/home/devika/robo_ws/install/urdf_humble_test' for CMake module files
[3.919s] DEBUG:colcon.colcon_core.event_handler.log_command:Invoked command in '/home/devika/robo_ws/build/urdf_humble_test' returned '0': CMAKE_PREFIX_PATH=/home/devika/robo_ws/install/gazebo_ros2_control:/home/devika/robo_ws/install/urdf_humble_test_moveit_config:/home/devika/robo_ws/install/warehouse_ros_mongo:/home/devika/robo_ws/install/urdf_humble_test:/home/devika/robo_ws/install/moveit_task_constructor_visualization:/home/devika/robo_ws/install/moveit_task_constructor_demo:/home/devika/robo_ws/install/moveit_task_constructor_capabilities:/home/devika/robo_ws/install/hello_moveit_task_constructor:/home/devika/robo_ws/install/moveit_task_constructor_core:/home/devika/robo_ws/install/rviz_marker_tools:/home/devika/robo_ws/install/moveit_task_constructor_msgs:/home/devika/robo_ws/install/hello_moveit:/home/devika/ws_moveit2/install/pilz_industrial_motion_planner_testutils:/home/devika/ws_moveit2/install/moveit_runtime:/home/devika/ws_moveit2/install/moveit2_tutorials:/home/devika/ws_moveit2/install/moveit:/home/devika/ws_moveit2/install/moveit_planners:/home/devika/ws_moveit2/install/pilz_industrial_motion_planner:/home/devika/ws_moveit2/install/moveit_visual_tools:/home/devika/ws_moveit2/install/moveit_task_constructor_visualization:/home/devika/ws_moveit2/install/moveit_task_constructor_demo:/home/devika/ws_moveit2/install/moveit_task_constructor_capabilities:/home/devika/ws_moveit2/install/moveit_task_constructor_core:/home/devika/ws_moveit2/install/moveit_ros_control_interface:/home/devika/ws_moveit2/install/moveit_plugins:/home/devika/ws_moveit2/install/moveit_simple_controller_manager:/home/devika/ws_moveit2/install/moveit_setup_assistant:/home/devika/ws_moveit2/install/moveit_setup_srdf_plugins:/home/devika/ws_moveit2/install/moveit_setup_core_plugins:/home/devika/ws_moveit2/install/moveit_setup_controllers:/home/devika/ws_moveit2/install/moveit_setup_app_plugins:/home/devika/ws_moveit2/install/moveit_setup_framework:/home/devika/ws_moveit2/install/moveit_servo:/home/devika/ws_moveit2/install/moveit_ros:/home/devika/ws_moveit2/install/moveit_ros_visualization:/home/devika/ws_moveit2/install/moveit_hybrid_planning:/home/devika/ws_moveit2/install/moveit_ros_planning_interface:/home/devika/ws_moveit2/install/moveit_ros_benchmarks:/home/devika/ws_moveit2/install/moveit_ros_warehouse:/home/devika/ws_moveit2/install/moveit_ros_robot_interaction:/home/devika/ws_moveit2/install/moveit_ros_perception:/home/devika/ws_moveit2/install/moveit_resources_prbt_pg70_support:/home/devika/ws_moveit2/install/moveit_resources_prbt_moveit_config:/home/devika/ws_moveit2/install/moveit_ros_move_group:/home/devika/ws_moveit2/install/moveit_planners_ompl:/home/devika/ws_moveit2/install/moveit_ros_planning:/home/devika/ws_moveit2/install/moveit_ros_occupancy_map_monitor:/home/devika/ws_moveit2/install/moveit_resources_prbt_ikfast_manipulator_plugin:/home/devika/ws_moveit2/install/moveit_planners_chomp:/home/devika/ws_moveit2/install/moveit_kinematics:/home/devika/ws_moveit2/install/moveit_chomp_optimizer_adapter:/home/devika/ws_moveit2/install/chomp_motion_planner:/home/devika/ws_moveit2/install/moveit_core:/home/devika/ws_moveit2/install/srdfdom:/home/devika/ws_moveit2/install/rviz_marker_tools:/home/devika/ws_moveit2/install/rosparam_shortcuts:/home/devika/ws_moveit2/install/moveit_task_constructor_msgs:/home/devika/ws_moveit2/install/moveit_resources_prbt_support:/home/devika/ws_moveit2/install/moveit_resources:/home/devika/ws_moveit2/install/moveit_resources_pr2_description:/home/devika/ws_moveit2/install/moveit_resources_panda_moveit_config:/home/devika/ws_moveit2/install/moveit_resources_panda_description:/home/devika/ws_moveit2/install/moveit_resources_fanuc_moveit_config:/home/devika/ws_moveit2/install/moveit_resources_fanuc_description:/home/devika/ws_moveit2/install/moveit_common:/home/devika/manga_ws/install/urdf_humble_test_moveit_config:/home/devika/manga_ws/install/urdf_humble_test:/home/devika/manga_ws/install/hello_moveit:/home/devika/some_ws/install/motoman_hc10_support:/home/devika/some_ws/install/motoman_resources:/home/devika/some_ws/install/hello_moveit:/home/devika/some_ws/install/hc20_sim_moveit_config:/home/devika/some_ws/install/hc20_moveit_config:/home/devika/some_ws/install/hc10_movit2v3:/home/devika/some_ws/install/hc10dt_moveit_config:/home/devika/robo_ws/install/perception_vision:/home/devika/robo_ws/install/cylinder_position_estimator:/home/devika/ws_moveit2/install/moveit_configs_utils:/home/devika/ws_moveit2/install/launch_param_builder:/opt/ros/humble LD_LIBRARY_PATH=/home/devika/robo_ws/install/gazebo_ros2_control/lib:/home/devika/robo_ws/install/warehouse_ros_mongo/lib:/home/devika/robo_ws/install/moveit_task_constructor_visualization/lib:/home/devika/robo_ws/install/moveit_task_constructor_demo/lib:/home/devika/robo_ws/install/moveit_task_constructor_capabilities/lib:/home/devika/robo_ws/install/hello_moveit_task_constructor/lib:/home/devika/robo_ws/install/moveit_task_constructor_core/lib:/home/devika/robo_ws/install/rviz_marker_tools/lib:/home/devika/robo_ws/install/moveit_task_constructor_msgs/lib:/home/devika/ws_moveit2/install/pilz_industrial_motion_planner_testutils/lib:/home/devika/ws_moveit2/install/pilz_industrial_motion_planner/lib:/home/devika/ws_moveit2/install/moveit_visual_tools/lib:/home/devika/ws_moveit2/install/moveit_task_constructor_visualization/lib:/home/devika/ws_moveit2/install/moveit_task_constructor_demo/lib:/home/devika/ws_moveit2/install/moveit_task_constructor_capabilities/lib:/home/devika/ws_moveit2/install/moveit_task_constructor_core/lib:/home/devika/ws_moveit2/install/moveit_ros_control_interface/lib:/home/devika/ws_moveit2/install/moveit_simple_controller_manager/lib:/home/devika/ws_moveit2/install/moveit_setup_assistant/lib:/home/devika/ws_moveit2/install/moveit_setup_srdf_plugins/lib:/home/devika/ws_moveit2/install/moveit_setup_core_plugins/lib:/home/devika/ws_moveit2/install/moveit_setup_controllers/lib:/home/devika/ws_moveit2/install/moveit_setup_app_plugins/lib:/home/devika/ws_moveit2/install/moveit_setup_framework/lib:/home/devika/ws_moveit2/install/moveit_servo/lib:/home/devika/ws_moveit2/install/moveit_ros_visualization/lib:/home/devika/ws_moveit2/install/moveit_hybrid_planning/lib:/home/devika/ws_moveit2/install/moveit_ros_planning_interface/lib:/home/devika/ws_moveit2/install/moveit_ros_benchmarks/lib:/home/devika/ws_moveit2/install/moveit_ros_warehouse/lib:/home/devika/ws_moveit2/install/moveit_ros_robot_interaction/lib:/home/devika/ws_moveit2/install/moveit_ros_perception/lib:/home/devika/ws_moveit2/install/moveit_ros_move_group/lib:/home/devika/ws_moveit2/install/moveit_planners_ompl/lib:/home/devika/ws_moveit2/install/moveit_ros_planning/lib:/home/devika/ws_moveit2/install/moveit_ros_occupancy_map_monitor/lib:/home/devika/ws_moveit2/install/moveit_resources_prbt_ikfast_manipulator_plugin/lib:/home/devika/ws_moveit2/install/moveit_planners_chomp/lib:/home/devika/ws_moveit2/install/moveit_kinematics/lib:/home/devika/ws_moveit2/install/moveit_chomp_optimizer_adapter/lib:/home/devika/ws_moveit2/install/chomp_motion_planner/lib:/home/devika/ws_moveit2/install/moveit_core/lib:/home/devika/ws_moveit2/install/srdfdom/lib:/home/devika/ws_moveit2/install/rviz_marker_tools/lib:/home/devika/ws_moveit2/install/rosparam_shortcuts/lib:/home/devika/ws_moveit2/install/moveit_task_constructor_msgs/lib:/usr/lib/x86_64-linux-gnu/gazebo-11/plugins:/opt/ros/humble/opt/rviz_ogre_vendor/lib:/opt/ros/humble/lib/x86_64-linux-gnu:/opt/ros/humble/lib /usr/bin/cmake --install /home/devika/robo_ws/build/urdf_humble_test
[3.920s] Level 1:colcon.colcon_core.environment:checking '/home/devika/robo_ws/install/urdf_humble_test' for CMake config files
[3.921s] Level 1:colcon.colcon_core.shell:create_environment_hook('urdf_humble_test', 'cmake_prefix_path')
[3.922s] INFO:colcon.colcon_core.shell:Creating environment hook '/home/devika/robo_ws/install/urdf_humble_test/share/urdf_humble_test/hook/cmake_prefix_path.ps1'
[3.923s] INFO:colcon.colcon_core.shell:Creating environment descriptor '/home/devika/robo_ws/install/urdf_humble_test/share/urdf_humble_test/hook/cmake_prefix_path.dsv'
[3.924s] INFO:colcon.colcon_core.shell:Creating environment hook '/home/devika/robo_ws/install/urdf_humble_test/share/urdf_humble_test/hook/cmake_prefix_path.sh'
[3.926s] Level 1:colcon.colcon_core.environment:checking '/home/devika/robo_ws/install/urdf_humble_test/bin'
[3.926s] Level 1:colcon.colcon_core.environment:checking '/home/devika/robo_ws/install/urdf_humble_test/lib/pkgconfig/urdf_humble_test.pc'
[3.926s] Level 1:colcon.colcon_core.environment:checking '/home/devika/robo_ws/install/urdf_humble_test/lib/python3.10/site-packages'
[3.927s] Level 1:colcon.colcon_core.environment:checking '/home/devika/robo_ws/install/urdf_humble_test/bin'
[3.928s] INFO:colcon.colcon_core.shell:Creating package script '/home/devika/robo_ws/install/urdf_humble_test/share/urdf_humble_test/package.ps1'
[3.929s] INFO:colcon.colcon_core.shell:Creating package descriptor '/home/devika/robo_ws/install/urdf_humble_test/share/urdf_humble_test/package.dsv'
[3.932s] INFO:colcon.colcon_core.shell:Creating package script '/home/devika/robo_ws/install/urdf_humble_test/share/urdf_humble_test/package.sh'
[3.933s] INFO:colcon.colcon_core.shell:Creating package script '/home/devika/robo_ws/install/urdf_humble_test/share/urdf_humble_test/package.bash'
[3.935s] INFO:colcon.colcon_core.shell:Creating package script '/home/devika/robo_ws/install/urdf_humble_test/share/urdf_humble_test/package.zsh'
[3.936s] Level 1:colcon.colcon_core.environment:create_file_with_runtime_dependencies(/home/devika/robo_ws/install/urdf_humble_test/share/colcon-core/packages/urdf_humble_test)
[3.938s] Level 1:colcon.colcon_core.environment:create_environment_scripts_only(urdf_humble_test)
[3.939s] Level 1:colcon.colcon_core.environment:checking '/home/devika/robo_ws/install/urdf_humble_test' for CMake module files
[3.940s] Level 1:colcon.colcon_core.environment:checking '/home/devika/robo_ws/install/urdf_humble_test' for CMake config files
[3.941s] Level 1:colcon.colcon_core.shell:create_environment_hook('urdf_humble_test', 'cmake_prefix_path')
[3.941s] INFO:colcon.colcon_core.shell:Creating environment hook '/home/devika/robo_ws/install/urdf_humble_test/share/urdf_humble_test/hook/cmake_prefix_path.ps1'
[3.943s] INFO:colcon.colcon_core.shell:Creating environment descriptor '/home/devika/robo_ws/install/urdf_humble_test/share/urdf_humble_test/hook/cmake_prefix_path.dsv'
[3.944s] INFO:colcon.colcon_core.shell:Creating environment hook '/home/devika/robo_ws/install/urdf_humble_test/share/urdf_humble_test/hook/cmake_prefix_path.sh'
[3.947s] Level 1:colcon.colcon_core.environment:checking '/home/devika/robo_ws/install/urdf_humble_test/bin'
[3.947s] Level 1:colcon.colcon_core.environment:checking '/home/devika/robo_ws/install/urdf_humble_test/lib/pkgconfig/urdf_humble_test.pc'
[3.948s] Level 1:colcon.colcon_core.environment:checking '/home/devika/robo_ws/install/urdf_humble_test/lib/python3.10/site-packages'
[3.949s] Level 1:colcon.colcon_core.environment:checking '/home/devika/robo_ws/install/urdf_humble_test/bin'
[3.950s] INFO:colcon.colcon_core.shell:Creating package script '/home/devika/robo_ws/install/urdf_humble_test/share/urdf_humble_test/package.ps1'
[3.952s] INFO:colcon.colcon_core.shell:Creating package descriptor '/home/devika/robo_ws/install/urdf_humble_test/share/urdf_humble_test/package.dsv'
[3.953s] INFO:colcon.colcon_core.shell:Creating package script '/home/devika/robo_ws/install/urdf_humble_test/share/urdf_humble_test/package.sh'
[3.955s] INFO:colcon.colcon_core.shell:Creating package script '/home/devika/robo_ws/install/urdf_humble_test/share/urdf_humble_test/package.bash'
[3.957s] INFO:colcon.colcon_core.shell:Creating package script '/home/devika/robo_ws/install/urdf_humble_test/share/urdf_humble_test/package.zsh'
[3.959s] Level 1:colcon.colcon_core.environment:create_file_with_runtime_dependencies(/home/devika/robo_ws/install/urdf_humble_test/share/colcon-core/packages/urdf_humble_test)
[3.963s] INFO:colcon.colcon_ros.task.ament_cmake.build:Building ROS package in '/home/devika/robo_ws/src/urdf_humble_test_moveit_config' with build type 'ament_cmake'
[3.963s] INFO:colcon.colcon_cmake.task.cmake.build:Building CMake package in '/home/devika/robo_ws/src/urdf_humble_test_moveit_config'
[3.964s] INFO:colcon.colcon_core.shell:Skip shell extension 'powershell' for command environment: Not usable outside of PowerShell
[3.966s] DEBUG:colcon.colcon_core.shell:Skip shell extension 'dsv' for command environment
[4.103s] DEBUG:colcon.colcon_core.event_handler.log_command:Invoking command in '/home/devika/robo_ws/build/urdf_humble_test_moveit_config': CMAKE_PREFIX_PATH=/home/devika/robo_ws/install/urdf_humble_test:/home/devika/robo_ws/install/warehouse_ros_mongo:/home/devika/robo_ws/install/gazebo_ros2_control:/home/devika/robo_ws/install/urdf_humble_test_moveit_config:/home/devika/robo_ws/install/moveit_task_constructor_visualization:/home/devika/robo_ws/install/moveit_task_constructor_demo:/home/devika/robo_ws/install/moveit_task_constructor_capabilities:/home/devika/robo_ws/install/hello_moveit_task_constructor:/home/devika/robo_ws/install/moveit_task_constructor_core:/home/devika/robo_ws/install/rviz_marker_tools:/home/devika/robo_ws/install/moveit_task_constructor_msgs:/home/devika/robo_ws/install/hello_moveit:/home/devika/ws_moveit2/install/pilz_industrial_motion_planner_testutils:/home/devika/ws_moveit2/install/moveit_runtime:/home/devika/ws_moveit2/install/moveit2_tutorials:/home/devika/ws_moveit2/install/moveit:/home/devika/ws_moveit2/install/moveit_planners:/home/devika/ws_moveit2/install/pilz_industrial_motion_planner:/home/devika/ws_moveit2/install/moveit_visual_tools:/home/devika/ws_moveit2/install/moveit_task_constructor_visualization:/home/devika/ws_moveit2/install/moveit_task_constructor_demo:/home/devika/ws_moveit2/install/moveit_task_constructor_capabilities:/home/devika/ws_moveit2/install/moveit_task_constructor_core:/home/devika/ws_moveit2/install/moveit_ros_control_interface:/home/devika/ws_moveit2/install/moveit_plugins:/home/devika/ws_moveit2/install/moveit_simple_controller_manager:/home/devika/ws_moveit2/install/moveit_setup_assistant:/home/devika/ws_moveit2/install/moveit_setup_srdf_plugins:/home/devika/ws_moveit2/install/moveit_setup_core_plugins:/home/devika/ws_moveit2/install/moveit_setup_controllers:/home/devika/ws_moveit2/install/moveit_setup_app_plugins:/home/devika/ws_moveit2/install/moveit_setup_framework:/home/devika/ws_moveit2/install/moveit_servo:/home/devika/ws_moveit2/install/moveit_ros:/home/devika/ws_moveit2/install/moveit_ros_visualization:/home/devika/ws_moveit2/install/moveit_hybrid_planning:/home/devika/ws_moveit2/install/moveit_ros_planning_interface:/home/devika/ws_moveit2/install/moveit_ros_benchmarks:/home/devika/ws_moveit2/install/moveit_ros_warehouse:/home/devika/ws_moveit2/install/moveit_ros_robot_interaction:/home/devika/ws_moveit2/install/moveit_ros_perception:/home/devika/ws_moveit2/install/moveit_resources_prbt_pg70_support:/home/devika/ws_moveit2/install/moveit_resources_prbt_moveit_config:/home/devika/ws_moveit2/install/moveit_ros_move_group:/home/devika/ws_moveit2/install/moveit_planners_ompl:/home/devika/ws_moveit2/install/moveit_ros_planning:/home/devika/ws_moveit2/install/moveit_ros_occupancy_map_monitor:/home/devika/ws_moveit2/install/moveit_resources_prbt_ikfast_manipulator_plugin:/home/devika/ws_moveit2/install/moveit_planners_chomp:/home/devika/ws_moveit2/install/moveit_kinematics:/home/devika/ws_moveit2/install/moveit_chomp_optimizer_adapter:/home/devika/ws_moveit2/install/chomp_motion_planner:/home/devika/ws_moveit2/install/moveit_core:/home/devika/ws_moveit2/install/srdfdom:/home/devika/ws_moveit2/install/rviz_marker_tools:/home/devika/ws_moveit2/install/rosparam_shortcuts:/home/devika/ws_moveit2/install/moveit_task_constructor_msgs:/home/devika/ws_moveit2/install/moveit_resources_prbt_support:/home/devika/ws_moveit2/install/moveit_resources:/home/devika/ws_moveit2/install/moveit_resources_pr2_description:/home/devika/ws_moveit2/install/moveit_resources_panda_moveit_config:/home/devika/ws_moveit2/install/moveit_resources_panda_description:/home/devika/ws_moveit2/install/moveit_resources_fanuc_moveit_config:/home/devika/ws_moveit2/install/moveit_resources_fanuc_description:/home/devika/ws_moveit2/install/moveit_common:/home/devika/manga_ws/install/urdf_humble_test_moveit_config:/home/devika/manga_ws/install/urdf_humble_test:/home/devika/manga_ws/install/hello_moveit:/home/devika/some_ws/install/motoman_hc10_support:/home/devika/some_ws/install/motoman_resources:/home/devika/some_ws/install/hello_moveit:/home/devika/some_ws/install/hc20_sim_moveit_config:/home/devika/some_ws/install/hc20_moveit_config:/home/devika/some_ws/install/hc10_movit2v3:/home/devika/some_ws/install/hc10dt_moveit_config:/home/devika/robo_ws/install/perception_vision:/home/devika/robo_ws/install/cylinder_position_estimator:/home/devika/ws_moveit2/install/moveit_configs_utils:/home/devika/ws_moveit2/install/launch_param_builder:/opt/ros/humble LD_LIBRARY_PATH=/home/devika/robo_ws/install/warehouse_ros_mongo/lib:/home/devika/robo_ws/install/gazebo_ros2_control/lib:/home/devika/robo_ws/install/moveit_task_constructor_visualization/lib:/home/devika/robo_ws/install/moveit_task_constructor_demo/lib:/home/devika/robo_ws/install/moveit_task_constructor_capabilities/lib:/home/devika/robo_ws/install/hello_moveit_task_constructor/lib:/home/devika/robo_ws/install/moveit_task_constructor_core/lib:/home/devika/robo_ws/install/rviz_marker_tools/lib:/home/devika/robo_ws/install/moveit_task_constructor_msgs/lib:/home/devika/ws_moveit2/install/pilz_industrial_motion_planner_testutils/lib:/home/devika/ws_moveit2/install/pilz_industrial_motion_planner/lib:/home/devika/ws_moveit2/install/moveit_visual_tools/lib:/home/devika/ws_moveit2/install/moveit_task_constructor_visualization/lib:/home/devika/ws_moveit2/install/moveit_task_constructor_demo/lib:/home/devika/ws_moveit2/install/moveit_task_constructor_capabilities/lib:/home/devika/ws_moveit2/install/moveit_task_constructor_core/lib:/home/devika/ws_moveit2/install/moveit_ros_control_interface/lib:/home/devika/ws_moveit2/install/moveit_simple_controller_manager/lib:/home/devika/ws_moveit2/install/moveit_setup_assistant/lib:/home/devika/ws_moveit2/install/moveit_setup_srdf_plugins/lib:/home/devika/ws_moveit2/install/moveit_setup_core_plugins/lib:/home/devika/ws_moveit2/install/moveit_setup_controllers/lib:/home/devika/ws_moveit2/install/moveit_setup_app_plugins/lib:/home/devika/ws_moveit2/install/moveit_setup_framework/lib:/home/devika/ws_moveit2/install/moveit_servo/lib:/home/devika/ws_moveit2/install/moveit_ros_visualization/lib:/home/devika/ws_moveit2/install/moveit_hybrid_planning/lib:/home/devika/ws_moveit2/install/moveit_ros_planning_interface/lib:/home/devika/ws_moveit2/install/moveit_ros_benchmarks/lib:/home/devika/ws_moveit2/install/moveit_ros_warehouse/lib:/home/devika/ws_moveit2/install/moveit_ros_robot_interaction/lib:/home/devika/ws_moveit2/install/moveit_ros_perception/lib:/home/devika/ws_moveit2/install/moveit_ros_move_group/lib:/home/devika/ws_moveit2/install/moveit_planners_ompl/lib:/home/devika/ws_moveit2/install/moveit_ros_planning/lib:/home/devika/ws_moveit2/install/moveit_ros_occupancy_map_monitor/lib:/home/devika/ws_moveit2/install/moveit_resources_prbt_ikfast_manipulator_plugin/lib:/home/devika/ws_moveit2/install/moveit_planners_chomp/lib:/home/devika/ws_moveit2/install/moveit_kinematics/lib:/home/devika/ws_moveit2/install/moveit_chomp_optimizer_adapter/lib:/home/devika/ws_moveit2/install/chomp_motion_planner/lib:/home/devika/ws_moveit2/install/moveit_core/lib:/home/devika/ws_moveit2/install/srdfdom/lib:/home/devika/ws_moveit2/install/rviz_marker_tools/lib:/home/devika/ws_moveit2/install/rosparam_shortcuts/lib:/home/devika/ws_moveit2/install/moveit_task_constructor_msgs/lib:/usr/lib/x86_64-linux-gnu/gazebo-11/plugins:/opt/ros/humble/opt/rviz_ogre_vendor/lib:/opt/ros/humble/lib/x86_64-linux-gnu:/opt/ros/humble/lib /usr/bin/cmake --build /home/devika/robo_ws/build/urdf_humble_test_moveit_config -- -j8 -l8
[4.332s] DEBUG:colcon.colcon_core.event_handler.log_command:Invoked command in '/home/devika/robo_ws/build/urdf_humble_test_moveit_config' returned '0': CMAKE_PREFIX_PATH=/home/devika/robo_ws/install/urdf_humble_test:/home/devika/robo_ws/install/warehouse_ros_mongo:/home/devika/robo_ws/install/gazebo_ros2_control:/home/devika/robo_ws/install/urdf_humble_test_moveit_config:/home/devika/robo_ws/install/moveit_task_constructor_visualization:/home/devika/robo_ws/install/moveit_task_constructor_demo:/home/devika/robo_ws/install/moveit_task_constructor_capabilities:/home/devika/robo_ws/install/hello_moveit_task_constructor:/home/devika/robo_ws/install/moveit_task_constructor_core:/home/devika/robo_ws/install/rviz_marker_tools:/home/devika/robo_ws/install/moveit_task_constructor_msgs:/home/devika/robo_ws/install/hello_moveit:/home/devika/ws_moveit2/install/pilz_industrial_motion_planner_testutils:/home/devika/ws_moveit2/install/moveit_runtime:/home/devika/ws_moveit2/install/moveit2_tutorials:/home/devika/ws_moveit2/install/moveit:/home/devika/ws_moveit2/install/moveit_planners:/home/devika/ws_moveit2/install/pilz_industrial_motion_planner:/home/devika/ws_moveit2/install/moveit_visual_tools:/home/devika/ws_moveit2/install/moveit_task_constructor_visualization:/home/devika/ws_moveit2/install/moveit_task_constructor_demo:/home/devika/ws_moveit2/install/moveit_task_constructor_capabilities:/home/devika/ws_moveit2/install/moveit_task_constructor_core:/home/devika/ws_moveit2/install/moveit_ros_control_interface:/home/devika/ws_moveit2/install/moveit_plugins:/home/devika/ws_moveit2/install/moveit_simple_controller_manager:/home/devika/ws_moveit2/install/moveit_setup_assistant:/home/devika/ws_moveit2/install/moveit_setup_srdf_plugins:/home/devika/ws_moveit2/install/moveit_setup_core_plugins:/home/devika/ws_moveit2/install/moveit_setup_controllers:/home/devika/ws_moveit2/install/moveit_setup_app_plugins:/home/devika/ws_moveit2/install/moveit_setup_framework:/home/devika/ws_moveit2/install/moveit_servo:/home/devika/ws_moveit2/install/moveit_ros:/home/devika/ws_moveit2/install/moveit_ros_visualization:/home/devika/ws_moveit2/install/moveit_hybrid_planning:/home/devika/ws_moveit2/install/moveit_ros_planning_interface:/home/devika/ws_moveit2/install/moveit_ros_benchmarks:/home/devika/ws_moveit2/install/moveit_ros_warehouse:/home/devika/ws_moveit2/install/moveit_ros_robot_interaction:/home/devika/ws_moveit2/install/moveit_ros_perception:/home/devika/ws_moveit2/install/moveit_resources_prbt_pg70_support:/home/devika/ws_moveit2/install/moveit_resources_prbt_moveit_config:/home/devika/ws_moveit2/install/moveit_ros_move_group:/home/devika/ws_moveit2/install/moveit_planners_ompl:/home/devika/ws_moveit2/install/moveit_ros_planning:/home/devika/ws_moveit2/install/moveit_ros_occupancy_map_monitor:/home/devika/ws_moveit2/install/moveit_resources_prbt_ikfast_manipulator_plugin:/home/devika/ws_moveit2/install/moveit_planners_chomp:/home/devika/ws_moveit2/install/moveit_kinematics:/home/devika/ws_moveit2/install/moveit_chomp_optimizer_adapter:/home/devika/ws_moveit2/install/chomp_motion_planner:/home/devika/ws_moveit2/install/moveit_core:/home/devika/ws_moveit2/install/srdfdom:/home/devika/ws_moveit2/install/rviz_marker_tools:/home/devika/ws_moveit2/install/rosparam_shortcuts:/home/devika/ws_moveit2/install/moveit_task_constructor_msgs:/home/devika/ws_moveit2/install/moveit_resources_prbt_support:/home/devika/ws_moveit2/install/moveit_resources:/home/devika/ws_moveit2/install/moveit_resources_pr2_description:/home/devika/ws_moveit2/install/moveit_resources_panda_moveit_config:/home/devika/ws_moveit2/install/moveit_resources_panda_description:/home/devika/ws_moveit2/install/moveit_resources_fanuc_moveit_config:/home/devika/ws_moveit2/install/moveit_resources_fanuc_description:/home/devika/ws_moveit2/install/moveit_common:/home/devika/manga_ws/install/urdf_humble_test_moveit_config:/home/devika/manga_ws/install/urdf_humble_test:/home/devika/manga_ws/install/hello_moveit:/home/devika/some_ws/install/motoman_hc10_support:/home/devika/some_ws/install/motoman_resources:/home/devika/some_ws/install/hello_moveit:/home/devika/some_ws/install/hc20_sim_moveit_config:/home/devika/some_ws/install/hc20_moveit_config:/home/devika/some_ws/install/hc10_movit2v3:/home/devika/some_ws/install/hc10dt_moveit_config:/home/devika/robo_ws/install/perception_vision:/home/devika/robo_ws/install/cylinder_position_estimator:/home/devika/ws_moveit2/install/moveit_configs_utils:/home/devika/ws_moveit2/install/launch_param_builder:/opt/ros/humble LD_LIBRARY_PATH=/home/devika/robo_ws/install/warehouse_ros_mongo/lib:/home/devika/robo_ws/install/gazebo_ros2_control/lib:/home/devika/robo_ws/install/moveit_task_constructor_visualization/lib:/home/devika/robo_ws/install/moveit_task_constructor_demo/lib:/home/devika/robo_ws/install/moveit_task_constructor_capabilities/lib:/home/devika/robo_ws/install/hello_moveit_task_constructor/lib:/home/devika/robo_ws/install/moveit_task_constructor_core/lib:/home/devika/robo_ws/install/rviz_marker_tools/lib:/home/devika/robo_ws/install/moveit_task_constructor_msgs/lib:/home/devika/ws_moveit2/install/pilz_industrial_motion_planner_testutils/lib:/home/devika/ws_moveit2/install/pilz_industrial_motion_planner/lib:/home/devika/ws_moveit2/install/moveit_visual_tools/lib:/home/devika/ws_moveit2/install/moveit_task_constructor_visualization/lib:/home/devika/ws_moveit2/install/moveit_task_constructor_demo/lib:/home/devika/ws_moveit2/install/moveit_task_constructor_capabilities/lib:/home/devika/ws_moveit2/install/moveit_task_constructor_core/lib:/home/devika/ws_moveit2/install/moveit_ros_control_interface/lib:/home/devika/ws_moveit2/install/moveit_simple_controller_manager/lib:/home/devika/ws_moveit2/install/moveit_setup_assistant/lib:/home/devika/ws_moveit2/install/moveit_setup_srdf_plugins/lib:/home/devika/ws_moveit2/install/moveit_setup_core_plugins/lib:/home/devika/ws_moveit2/install/moveit_setup_controllers/lib:/home/devika/ws_moveit2/install/moveit_setup_app_plugins/lib:/home/devika/ws_moveit2/install/moveit_setup_framework/lib:/home/devika/ws_moveit2/install/moveit_servo/lib:/home/devika/ws_moveit2/install/moveit_ros_visualization/lib:/home/devika/ws_moveit2/install/moveit_hybrid_planning/lib:/home/devika/ws_moveit2/install/moveit_ros_planning_interface/lib:/home/devika/ws_moveit2/install/moveit_ros_benchmarks/lib:/home/devika/ws_moveit2/install/moveit_ros_warehouse/lib:/home/devika/ws_moveit2/install/moveit_ros_robot_interaction/lib:/home/devika/ws_moveit2/install/moveit_ros_perception/lib:/home/devika/ws_moveit2/install/moveit_ros_move_group/lib:/home/devika/ws_moveit2/install/moveit_planners_ompl/lib:/home/devika/ws_moveit2/install/moveit_ros_planning/lib:/home/devika/ws_moveit2/install/moveit_ros_occupancy_map_monitor/lib:/home/devika/ws_moveit2/install/moveit_resources_prbt_ikfast_manipulator_plugin/lib:/home/devika/ws_moveit2/install/moveit_planners_chomp/lib:/home/devika/ws_moveit2/install/moveit_kinematics/lib:/home/devika/ws_moveit2/install/moveit_chomp_optimizer_adapter/lib:/home/devika/ws_moveit2/install/chomp_motion_planner/lib:/home/devika/ws_moveit2/install/moveit_core/lib:/home/devika/ws_moveit2/install/srdfdom/lib:/home/devika/ws_moveit2/install/rviz_marker_tools/lib:/home/devika/ws_moveit2/install/rosparam_shortcuts/lib:/home/devika/ws_moveit2/install/moveit_task_constructor_msgs/lib:/usr/lib/x86_64-linux-gnu/gazebo-11/plugins:/opt/ros/humble/opt/rviz_ogre_vendor/lib:/opt/ros/humble/lib/x86_64-linux-gnu:/opt/ros/humble/lib /usr/bin/cmake --build /home/devika/robo_ws/build/urdf_humble_test_moveit_config -- -j8 -l8
[4.338s] DEBUG:colcon.colcon_core.event_handler.log_command:Invoking command in '/home/devika/robo_ws/build/urdf_humble_test_moveit_config': CMAKE_PREFIX_PATH=/home/devika/robo_ws/install/urdf_humble_test:/home/devika/robo_ws/install/warehouse_ros_mongo:/home/devika/robo_ws/install/gazebo_ros2_control:/home/devika/robo_ws/install/urdf_humble_test_moveit_config:/home/devika/robo_ws/install/moveit_task_constructor_visualization:/home/devika/robo_ws/install/moveit_task_constructor_demo:/home/devika/robo_ws/install/moveit_task_constructor_capabilities:/home/devika/robo_ws/install/hello_moveit_task_constructor:/home/devika/robo_ws/install/moveit_task_constructor_core:/home/devika/robo_ws/install/rviz_marker_tools:/home/devika/robo_ws/install/moveit_task_constructor_msgs:/home/devika/robo_ws/install/hello_moveit:/home/devika/ws_moveit2/install/pilz_industrial_motion_planner_testutils:/home/devika/ws_moveit2/install/moveit_runtime:/home/devika/ws_moveit2/install/moveit2_tutorials:/home/devika/ws_moveit2/install/moveit:/home/devika/ws_moveit2/install/moveit_planners:/home/devika/ws_moveit2/install/pilz_industrial_motion_planner:/home/devika/ws_moveit2/install/moveit_visual_tools:/home/devika/ws_moveit2/install/moveit_task_constructor_visualization:/home/devika/ws_moveit2/install/moveit_task_constructor_demo:/home/devika/ws_moveit2/install/moveit_task_constructor_capabilities:/home/devika/ws_moveit2/install/moveit_task_constructor_core:/home/devika/ws_moveit2/install/moveit_ros_control_interface:/home/devika/ws_moveit2/install/moveit_plugins:/home/devika/ws_moveit2/install/moveit_simple_controller_manager:/home/devika/ws_moveit2/install/moveit_setup_assistant:/home/devika/ws_moveit2/install/moveit_setup_srdf_plugins:/home/devika/ws_moveit2/install/moveit_setup_core_plugins:/home/devika/ws_moveit2/install/moveit_setup_controllers:/home/devika/ws_moveit2/install/moveit_setup_app_plugins:/home/devika/ws_moveit2/install/moveit_setup_framework:/home/devika/ws_moveit2/install/moveit_servo:/home/devika/ws_moveit2/install/moveit_ros:/home/devika/ws_moveit2/install/moveit_ros_visualization:/home/devika/ws_moveit2/install/moveit_hybrid_planning:/home/devika/ws_moveit2/install/moveit_ros_planning_interface:/home/devika/ws_moveit2/install/moveit_ros_benchmarks:/home/devika/ws_moveit2/install/moveit_ros_warehouse:/home/devika/ws_moveit2/install/moveit_ros_robot_interaction:/home/devika/ws_moveit2/install/moveit_ros_perception:/home/devika/ws_moveit2/install/moveit_resources_prbt_pg70_support:/home/devika/ws_moveit2/install/moveit_resources_prbt_moveit_config:/home/devika/ws_moveit2/install/moveit_ros_move_group:/home/devika/ws_moveit2/install/moveit_planners_ompl:/home/devika/ws_moveit2/install/moveit_ros_planning:/home/devika/ws_moveit2/install/moveit_ros_occupancy_map_monitor:/home/devika/ws_moveit2/install/moveit_resources_prbt_ikfast_manipulator_plugin:/home/devika/ws_moveit2/install/moveit_planners_chomp:/home/devika/ws_moveit2/install/moveit_kinematics:/home/devika/ws_moveit2/install/moveit_chomp_optimizer_adapter:/home/devika/ws_moveit2/install/chomp_motion_planner:/home/devika/ws_moveit2/install/moveit_core:/home/devika/ws_moveit2/install/srdfdom:/home/devika/ws_moveit2/install/rviz_marker_tools:/home/devika/ws_moveit2/install/rosparam_shortcuts:/home/devika/ws_moveit2/install/moveit_task_constructor_msgs:/home/devika/ws_moveit2/install/moveit_resources_prbt_support:/home/devika/ws_moveit2/install/moveit_resources:/home/devika/ws_moveit2/install/moveit_resources_pr2_description:/home/devika/ws_moveit2/install/moveit_resources_panda_moveit_config:/home/devika/ws_moveit2/install/moveit_resources_panda_description:/home/devika/ws_moveit2/install/moveit_resources_fanuc_moveit_config:/home/devika/ws_moveit2/install/moveit_resources_fanuc_description:/home/devika/ws_moveit2/install/moveit_common:/home/devika/manga_ws/install/urdf_humble_test_moveit_config:/home/devika/manga_ws/install/urdf_humble_test:/home/devika/manga_ws/install/hello_moveit:/home/devika/some_ws/install/motoman_hc10_support:/home/devika/some_ws/install/motoman_resources:/home/devika/some_ws/install/hello_moveit:/home/devika/some_ws/install/hc20_sim_moveit_config:/home/devika/some_ws/install/hc20_moveit_config:/home/devika/some_ws/install/hc10_movit2v3:/home/devika/some_ws/install/hc10dt_moveit_config:/home/devika/robo_ws/install/perception_vision:/home/devika/robo_ws/install/cylinder_position_estimator:/home/devika/ws_moveit2/install/moveit_configs_utils:/home/devika/ws_moveit2/install/launch_param_builder:/opt/ros/humble LD_LIBRARY_PATH=/home/devika/robo_ws/install/warehouse_ros_mongo/lib:/home/devika/robo_ws/install/gazebo_ros2_control/lib:/home/devika/robo_ws/install/moveit_task_constructor_visualization/lib:/home/devika/robo_ws/install/moveit_task_constructor_demo/lib:/home/devika/robo_ws/install/moveit_task_constructor_capabilities/lib:/home/devika/robo_ws/install/hello_moveit_task_constructor/lib:/home/devika/robo_ws/install/moveit_task_constructor_core/lib:/home/devika/robo_ws/install/rviz_marker_tools/lib:/home/devika/robo_ws/install/moveit_task_constructor_msgs/lib:/home/devika/ws_moveit2/install/pilz_industrial_motion_planner_testutils/lib:/home/devika/ws_moveit2/install/pilz_industrial_motion_planner/lib:/home/devika/ws_moveit2/install/moveit_visual_tools/lib:/home/devika/ws_moveit2/install/moveit_task_constructor_visualization/lib:/home/devika/ws_moveit2/install/moveit_task_constructor_demo/lib:/home/devika/ws_moveit2/install/moveit_task_constructor_capabilities/lib:/home/devika/ws_moveit2/install/moveit_task_constructor_core/lib:/home/devika/ws_moveit2/install/moveit_ros_control_interface/lib:/home/devika/ws_moveit2/install/moveit_simple_controller_manager/lib:/home/devika/ws_moveit2/install/moveit_setup_assistant/lib:/home/devika/ws_moveit2/install/moveit_setup_srdf_plugins/lib:/home/devika/ws_moveit2/install/moveit_setup_core_plugins/lib:/home/devika/ws_moveit2/install/moveit_setup_controllers/lib:/home/devika/ws_moveit2/install/moveit_setup_app_plugins/lib:/home/devika/ws_moveit2/install/moveit_setup_framework/lib:/home/devika/ws_moveit2/install/moveit_servo/lib:/home/devika/ws_moveit2/install/moveit_ros_visualization/lib:/home/devika/ws_moveit2/install/moveit_hybrid_planning/lib:/home/devika/ws_moveit2/install/moveit_ros_planning_interface/lib:/home/devika/ws_moveit2/install/moveit_ros_benchmarks/lib:/home/devika/ws_moveit2/install/moveit_ros_warehouse/lib:/home/devika/ws_moveit2/install/moveit_ros_robot_interaction/lib:/home/devika/ws_moveit2/install/moveit_ros_perception/lib:/home/devika/ws_moveit2/install/moveit_ros_move_group/lib:/home/devika/ws_moveit2/install/moveit_planners_ompl/lib:/home/devika/ws_moveit2/install/moveit_ros_planning/lib:/home/devika/ws_moveit2/install/moveit_ros_occupancy_map_monitor/lib:/home/devika/ws_moveit2/install/moveit_resources_prbt_ikfast_manipulator_plugin/lib:/home/devika/ws_moveit2/install/moveit_planners_chomp/lib:/home/devika/ws_moveit2/install/moveit_kinematics/lib:/home/devika/ws_moveit2/install/moveit_chomp_optimizer_adapter/lib:/home/devika/ws_moveit2/install/chomp_motion_planner/lib:/home/devika/ws_moveit2/install/moveit_core/lib:/home/devika/ws_moveit2/install/srdfdom/lib:/home/devika/ws_moveit2/install/rviz_marker_tools/lib:/home/devika/ws_moveit2/install/rosparam_shortcuts/lib:/home/devika/ws_moveit2/install/moveit_task_constructor_msgs/lib:/usr/lib/x86_64-linux-gnu/gazebo-11/plugins:/opt/ros/humble/opt/rviz_ogre_vendor/lib:/opt/ros/humble/lib/x86_64-linux-gnu:/opt/ros/humble/lib /usr/bin/cmake --install /home/devika/robo_ws/build/urdf_humble_test_moveit_config
[4.385s] Level 1:colcon.colcon_core.environment:create_environment_scripts_only(urdf_humble_test_moveit_config)
[4.386s] Level 1:colcon.colcon_core.environment:checking '/home/devika/robo_ws/install/urdf_humble_test_moveit_config' for CMake module files
[4.388s] DEBUG:colcon.colcon_core.event_handler.log_command:Invoked command in '/home/devika/robo_ws/build/urdf_humble_test_moveit_config' returned '0': CMAKE_PREFIX_PATH=/home/devika/robo_ws/install/urdf_humble_test:/home/devika/robo_ws/install/warehouse_ros_mongo:/home/devika/robo_ws/install/gazebo_ros2_control:/home/devika/robo_ws/install/urdf_humble_test_moveit_config:/home/devika/robo_ws/install/moveit_task_constructor_visualization:/home/devika/robo_ws/install/moveit_task_constructor_demo:/home/devika/robo_ws/install/moveit_task_constructor_capabilities:/home/devika/robo_ws/install/hello_moveit_task_constructor:/home/devika/robo_ws/install/moveit_task_constructor_core:/home/devika/robo_ws/install/rviz_marker_tools:/home/devika/robo_ws/install/moveit_task_constructor_msgs:/home/devika/robo_ws/install/hello_moveit:/home/devika/ws_moveit2/install/pilz_industrial_motion_planner_testutils:/home/devika/ws_moveit2/install/moveit_runtime:/home/devika/ws_moveit2/install/moveit2_tutorials:/home/devika/ws_moveit2/install/moveit:/home/devika/ws_moveit2/install/moveit_planners:/home/devika/ws_moveit2/install/pilz_industrial_motion_planner:/home/devika/ws_moveit2/install/moveit_visual_tools:/home/devika/ws_moveit2/install/moveit_task_constructor_visualization:/home/devika/ws_moveit2/install/moveit_task_constructor_demo:/home/devika/ws_moveit2/install/moveit_task_constructor_capabilities:/home/devika/ws_moveit2/install/moveit_task_constructor_core:/home/devika/ws_moveit2/install/moveit_ros_control_interface:/home/devika/ws_moveit2/install/moveit_plugins:/home/devika/ws_moveit2/install/moveit_simple_controller_manager:/home/devika/ws_moveit2/install/moveit_setup_assistant:/home/devika/ws_moveit2/install/moveit_setup_srdf_plugins:/home/devika/ws_moveit2/install/moveit_setup_core_plugins:/home/devika/ws_moveit2/install/moveit_setup_controllers:/home/devika/ws_moveit2/install/moveit_setup_app_plugins:/home/devika/ws_moveit2/install/moveit_setup_framework:/home/devika/ws_moveit2/install/moveit_servo:/home/devika/ws_moveit2/install/moveit_ros:/home/devika/ws_moveit2/install/moveit_ros_visualization:/home/devika/ws_moveit2/install/moveit_hybrid_planning:/home/devika/ws_moveit2/install/moveit_ros_planning_interface:/home/devika/ws_moveit2/install/moveit_ros_benchmarks:/home/devika/ws_moveit2/install/moveit_ros_warehouse:/home/devika/ws_moveit2/install/moveit_ros_robot_interaction:/home/devika/ws_moveit2/install/moveit_ros_perception:/home/devika/ws_moveit2/install/moveit_resources_prbt_pg70_support:/home/devika/ws_moveit2/install/moveit_resources_prbt_moveit_config:/home/devika/ws_moveit2/install/moveit_ros_move_group:/home/devika/ws_moveit2/install/moveit_planners_ompl:/home/devika/ws_moveit2/install/moveit_ros_planning:/home/devika/ws_moveit2/install/moveit_ros_occupancy_map_monitor:/home/devika/ws_moveit2/install/moveit_resources_prbt_ikfast_manipulator_plugin:/home/devika/ws_moveit2/install/moveit_planners_chomp:/home/devika/ws_moveit2/install/moveit_kinematics:/home/devika/ws_moveit2/install/moveit_chomp_optimizer_adapter:/home/devika/ws_moveit2/install/chomp_motion_planner:/home/devika/ws_moveit2/install/moveit_core:/home/devika/ws_moveit2/install/srdfdom:/home/devika/ws_moveit2/install/rviz_marker_tools:/home/devika/ws_moveit2/install/rosparam_shortcuts:/home/devika/ws_moveit2/install/moveit_task_constructor_msgs:/home/devika/ws_moveit2/install/moveit_resources_prbt_support:/home/devika/ws_moveit2/install/moveit_resources:/home/devika/ws_moveit2/install/moveit_resources_pr2_description:/home/devika/ws_moveit2/install/moveit_resources_panda_moveit_config:/home/devika/ws_moveit2/install/moveit_resources_panda_description:/home/devika/ws_moveit2/install/moveit_resources_fanuc_moveit_config:/home/devika/ws_moveit2/install/moveit_resources_fanuc_description:/home/devika/ws_moveit2/install/moveit_common:/home/devika/manga_ws/install/urdf_humble_test_moveit_config:/home/devika/manga_ws/install/urdf_humble_test:/home/devika/manga_ws/install/hello_moveit:/home/devika/some_ws/install/motoman_hc10_support:/home/devika/some_ws/install/motoman_resources:/home/devika/some_ws/install/hello_moveit:/home/devika/some_ws/install/hc20_sim_moveit_config:/home/devika/some_ws/install/hc20_moveit_config:/home/devika/some_ws/install/hc10_movit2v3:/home/devika/some_ws/install/hc10dt_moveit_config:/home/devika/robo_ws/install/perception_vision:/home/devika/robo_ws/install/cylinder_position_estimator:/home/devika/ws_moveit2/install/moveit_configs_utils:/home/devika/ws_moveit2/install/launch_param_builder:/opt/ros/humble LD_LIBRARY_PATH=/home/devika/robo_ws/install/warehouse_ros_mongo/lib:/home/devika/robo_ws/install/gazebo_ros2_control/lib:/home/devika/robo_ws/install/moveit_task_constructor_visualization/lib:/home/devika/robo_ws/install/moveit_task_constructor_demo/lib:/home/devika/robo_ws/install/moveit_task_constructor_capabilities/lib:/home/devika/robo_ws/install/hello_moveit_task_constructor/lib:/home/devika/robo_ws/install/moveit_task_constructor_core/lib:/home/devika/robo_ws/install/rviz_marker_tools/lib:/home/devika/robo_ws/install/moveit_task_constructor_msgs/lib:/home/devika/ws_moveit2/install/pilz_industrial_motion_planner_testutils/lib:/home/devika/ws_moveit2/install/pilz_industrial_motion_planner/lib:/home/devika/ws_moveit2/install/moveit_visual_tools/lib:/home/devika/ws_moveit2/install/moveit_task_constructor_visualization/lib:/home/devika/ws_moveit2/install/moveit_task_constructor_demo/lib:/home/devika/ws_moveit2/install/moveit_task_constructor_capabilities/lib:/home/devika/ws_moveit2/install/moveit_task_constructor_core/lib:/home/devika/ws_moveit2/install/moveit_ros_control_interface/lib:/home/devika/ws_moveit2/install/moveit_simple_controller_manager/lib:/home/devika/ws_moveit2/install/moveit_setup_assistant/lib:/home/devika/ws_moveit2/install/moveit_setup_srdf_plugins/lib:/home/devika/ws_moveit2/install/moveit_setup_core_plugins/lib:/home/devika/ws_moveit2/install/moveit_setup_controllers/lib:/home/devika/ws_moveit2/install/moveit_setup_app_plugins/lib:/home/devika/ws_moveit2/install/moveit_setup_framework/lib:/home/devika/ws_moveit2/install/moveit_servo/lib:/home/devika/ws_moveit2/install/moveit_ros_visualization/lib:/home/devika/ws_moveit2/install/moveit_hybrid_planning/lib:/home/devika/ws_moveit2/install/moveit_ros_planning_interface/lib:/home/devika/ws_moveit2/install/moveit_ros_benchmarks/lib:/home/devika/ws_moveit2/install/moveit_ros_warehouse/lib:/home/devika/ws_moveit2/install/moveit_ros_robot_interaction/lib:/home/devika/ws_moveit2/install/moveit_ros_perception/lib:/home/devika/ws_moveit2/install/moveit_ros_move_group/lib:/home/devika/ws_moveit2/install/moveit_planners_ompl/lib:/home/devika/ws_moveit2/install/moveit_ros_planning/lib:/home/devika/ws_moveit2/install/moveit_ros_occupancy_map_monitor/lib:/home/devika/ws_moveit2/install/moveit_resources_prbt_ikfast_manipulator_plugin/lib:/home/devika/ws_moveit2/install/moveit_planners_chomp/lib:/home/devika/ws_moveit2/install/moveit_kinematics/lib:/home/devika/ws_moveit2/install/moveit_chomp_optimizer_adapter/lib:/home/devika/ws_moveit2/install/chomp_motion_planner/lib:/home/devika/ws_moveit2/install/moveit_core/lib:/home/devika/ws_moveit2/install/srdfdom/lib:/home/devika/ws_moveit2/install/rviz_marker_tools/lib:/home/devika/ws_moveit2/install/rosparam_shortcuts/lib:/home/devika/ws_moveit2/install/moveit_task_constructor_msgs/lib:/usr/lib/x86_64-linux-gnu/gazebo-11/plugins:/opt/ros/humble/opt/rviz_ogre_vendor/lib:/opt/ros/humble/lib/x86_64-linux-gnu:/opt/ros/humble/lib /usr/bin/cmake --install /home/devika/robo_ws/build/urdf_humble_test_moveit_config
[4.389s] Level 1:colcon.colcon_core.environment:checking '/home/devika/robo_ws/install/urdf_humble_test_moveit_config' for CMake config files
[4.390s] Level 1:colcon.colcon_core.shell:create_environment_hook('urdf_humble_test_moveit_config', 'cmake_prefix_path')
[4.391s] INFO:colcon.colcon_core.shell:Creating environment hook '/home/devika/robo_ws/install/urdf_humble_test_moveit_config/share/urdf_humble_test_moveit_config/hook/cmake_prefix_path.ps1'
[4.393s] INFO:colcon.colcon_core.shell:Creating environment descriptor '/home/devika/robo_ws/install/urdf_humble_test_moveit_config/share/urdf_humble_test_moveit_config/hook/cmake_prefix_path.dsv'
[4.394s] INFO:colcon.colcon_core.shell:Creating environment hook '/home/devika/robo_ws/install/urdf_humble_test_moveit_config/share/urdf_humble_test_moveit_config/hook/cmake_prefix_path.sh'
[4.396s] Level 1:colcon.colcon_core.environment:checking '/home/devika/robo_ws/install/urdf_humble_test_moveit_config/bin'
[4.397s] Level 1:colcon.colcon_core.environment:checking '/home/devika/robo_ws/install/urdf_humble_test_moveit_config/lib/pkgconfig/urdf_humble_test_moveit_config.pc'
[4.397s] Level 1:colcon.colcon_core.environment:checking '/home/devika/robo_ws/install/urdf_humble_test_moveit_config/lib/python3.10/site-packages'
[4.398s] Level 1:colcon.colcon_core.environment:checking '/home/devika/robo_ws/install/urdf_humble_test_moveit_config/bin'
[4.400s] INFO:colcon.colcon_core.shell:Creating package script '/home/devika/robo_ws/install/urdf_humble_test_moveit_config/share/urdf_humble_test_moveit_config/package.ps1'
[4.402s] INFO:colcon.colcon_core.shell:Creating package descriptor '/home/devika/robo_ws/install/urdf_humble_test_moveit_config/share/urdf_humble_test_moveit_config/package.dsv'
[4.403s] INFO:colcon.colcon_core.shell:Creating package script '/home/devika/robo_ws/install/urdf_humble_test_moveit_config/share/urdf_humble_test_moveit_config/package.sh'
[4.406s] INFO:colcon.colcon_core.shell:Creating package script '/home/devika/robo_ws/install/urdf_humble_test_moveit_config/share/urdf_humble_test_moveit_config/package.bash'
[4.407s] INFO:colcon.colcon_core.shell:Creating package script '/home/devika/robo_ws/install/urdf_humble_test_moveit_config/share/urdf_humble_test_moveit_config/package.zsh'
[4.409s] Level 1:colcon.colcon_core.environment:create_file_with_runtime_dependencies(/home/devika/robo_ws/install/urdf_humble_test_moveit_config/share/colcon-core/packages/urdf_humble_test_moveit_config)
[4.412s] Level 1:colcon.colcon_core.environment:create_environment_scripts_only(urdf_humble_test_moveit_config)
[4.413s] Level 1:colcon.colcon_core.environment:checking '/home/devika/robo_ws/install/urdf_humble_test_moveit_config' for CMake module files
[4.417s] Level 1:colcon.colcon_core.environment:checking '/home/devika/robo_ws/install/urdf_humble_test_moveit_config' for CMake config files
[4.418s] Level 1:colcon.colcon_core.shell:create_environment_hook('urdf_humble_test_moveit_config', 'cmake_prefix_path')
[4.420s] INFO:colcon.colcon_core.shell:Creating environment hook '/home/devika/robo_ws/install/urdf_humble_test_moveit_config/share/urdf_humble_test_moveit_config/hook/cmake_prefix_path.ps1'
[4.422s] INFO:colcon.colcon_core.shell:Creating environment descriptor '/home/devika/robo_ws/install/urdf_humble_test_moveit_config/share/urdf_humble_test_moveit_config/hook/cmake_prefix_path.dsv'
[4.424s] INFO:colcon.colcon_core.shell:Creating environment hook '/home/devika/robo_ws/install/urdf_humble_test_moveit_config/share/urdf_humble_test_moveit_config/hook/cmake_prefix_path.sh'
[4.426s] Level 1:colcon.colcon_core.environment:checking '/home/devika/robo_ws/install/urdf_humble_test_moveit_config/bin'
[4.426s] Level 1:colcon.colcon_core.environment:checking '/home/devika/robo_ws/install/urdf_humble_test_moveit_config/lib/pkgconfig/urdf_humble_test_moveit_config.pc'
[4.427s] Level 1:colcon.colcon_core.environment:checking '/home/devika/robo_ws/install/urdf_humble_test_moveit_config/lib/python3.10/site-packages'
[4.428s] Level 1:colcon.colcon_core.environment:checking '/home/devika/robo_ws/install/urdf_humble_test_moveit_config/bin'
[4.429s] INFO:colcon.colcon_core.shell:Creating package script '/home/devika/robo_ws/install/urdf_humble_test_moveit_config/share/urdf_humble_test_moveit_config/package.ps1'
[4.431s] INFO:colcon.colcon_core.shell:Creating package descriptor '/home/devika/robo_ws/install/urdf_humble_test_moveit_config/share/urdf_humble_test_moveit_config/package.dsv'
[4.432s] INFO:colcon.colcon_core.shell:Creating package script '/home/devika/robo_ws/install/urdf_humble_test_moveit_config/share/urdf_humble_test_moveit_config/package.sh'
[4.436s] INFO:colcon.colcon_core.shell:Creating package script '/home/devika/robo_ws/install/urdf_humble_test_moveit_config/share/urdf_humble_test_moveit_config/package.bash'
[4.440s] INFO:colcon.colcon_core.shell:Creating package script '/home/devika/robo_ws/install/urdf_humble_test_moveit_config/share/urdf_humble_test_moveit_config/package.zsh'
[4.441s] Level 1:colcon.colcon_core.environment:create_file_with_runtime_dependencies(/home/devika/robo_ws/install/urdf_humble_test_moveit_config/share/colcon-core/packages/urdf_humble_test_moveit_config)
[4.774s] DEBUG:colcon.colcon_core.event_handler.log_command:Invoking command in '/home/devika/robo_ws/src/cylinder_position_estimator': PYTHONPATH=/home/devika/robo_ws/build/cylinder_position_estimator/prefix_override:/usr/lib/python3/dist-packages/colcon_core/task/python/colcon_distutils_commands:/home/devika/robo_ws/install/cylinder_position_estimator/lib/python3.10/site-packages:${PYTHONPATH} /usr/bin/python3 -W ignore:setup.py install is deprecated -W ignore:easy_install command is deprecated setup.py egg_info --egg-base ../../build/cylinder_position_estimator build --build-base /home/devika/robo_ws/build/cylinder_position_estimator/build install --record /home/devika/robo_ws/build/cylinder_position_estimator/install.log --single-version-externally-managed install_data
[5.068s] DEBUG:colcon.colcon_core.event_handler.log_command:Invoking command in '/home/devika/robo_ws/src/perception_vision': PYTHONPATH=/home/devika/robo_ws/build/perception_vision/prefix_override:/usr/lib/python3/dist-packages/colcon_core/task/python/colcon_distutils_commands:/home/devika/robo_ws/install/perception_vision/lib/python3.10/site-packages:${PYTHONPATH} /usr/bin/python3 -W ignore:setup.py install is deprecated -W ignore:easy_install command is deprecated setup.py egg_info --egg-base ../../build/perception_vision build --build-base /home/devika/robo_ws/build/perception_vision/build install --record /home/devika/robo_ws/build/perception_vision/install.log --single-version-externally-managed install_data
[5.500s] DEBUG:colcon.colcon_core.event_handler.log_command:Invoked command in '/home/devika/robo_ws/build/moveit_task_constructor_core' returned '0': CMAKE_PREFIX_PATH=/home/devika/robo_ws/install/rviz_marker_tools:/home/devika/robo_ws/install/moveit_task_constructor_msgs:/home/devika/robo_ws/install/urdf_humble_test_moveit_config:/home/devika/robo_ws/install/warehouse_ros_mongo:/home/devika/robo_ws/install/urdf_humble_test:/home/devika/robo_ws/install/moveit_task_constructor_visualization:/home/devika/robo_ws/install/moveit_task_constructor_demo:/home/devika/robo_ws/install/moveit_task_constructor_capabilities:/home/devika/robo_ws/install/hello_moveit_task_constructor:/home/devika/robo_ws/install/moveit_task_constructor_core:/home/devika/robo_ws/install/hello_moveit:/home/devika/robo_ws/install/gazebo_ros2_control:/home/devika/ws_moveit2/install/pilz_industrial_motion_planner_testutils:/home/devika/ws_moveit2/install/moveit_runtime:/home/devika/ws_moveit2/install/moveit2_tutorials:/home/devika/ws_moveit2/install/moveit:/home/devika/ws_moveit2/install/moveit_planners:/home/devika/ws_moveit2/install/pilz_industrial_motion_planner:/home/devika/ws_moveit2/install/moveit_visual_tools:/home/devika/ws_moveit2/install/moveit_task_constructor_visualization:/home/devika/ws_moveit2/install/moveit_task_constructor_demo:/home/devika/ws_moveit2/install/moveit_task_constructor_capabilities:/home/devika/ws_moveit2/install/moveit_task_constructor_core:/home/devika/ws_moveit2/install/moveit_ros_control_interface:/home/devika/ws_moveit2/install/moveit_plugins:/home/devika/ws_moveit2/install/moveit_simple_controller_manager:/home/devika/ws_moveit2/install/moveit_setup_assistant:/home/devika/ws_moveit2/install/moveit_setup_srdf_plugins:/home/devika/ws_moveit2/install/moveit_setup_core_plugins:/home/devika/ws_moveit2/install/moveit_setup_controllers:/home/devika/ws_moveit2/install/moveit_setup_app_plugins:/home/devika/ws_moveit2/install/moveit_setup_framework:/home/devika/ws_moveit2/install/moveit_servo:/home/devika/ws_moveit2/install/moveit_ros:/home/devika/ws_moveit2/install/moveit_ros_visualization:/home/devika/ws_moveit2/install/moveit_hybrid_planning:/home/devika/ws_moveit2/install/moveit_ros_planning_interface:/home/devika/ws_moveit2/install/moveit_ros_benchmarks:/home/devika/ws_moveit2/install/moveit_ros_warehouse:/home/devika/ws_moveit2/install/moveit_ros_robot_interaction:/home/devika/ws_moveit2/install/moveit_ros_perception:/home/devika/ws_moveit2/install/moveit_resources_prbt_pg70_support:/home/devika/ws_moveit2/install/moveit_resources_prbt_moveit_config:/home/devika/ws_moveit2/install/moveit_ros_move_group:/home/devika/ws_moveit2/install/moveit_planners_ompl:/home/devika/ws_moveit2/install/moveit_ros_planning:/home/devika/ws_moveit2/install/moveit_ros_occupancy_map_monitor:/home/devika/ws_moveit2/install/moveit_resources_prbt_ikfast_manipulator_plugin:/home/devika/ws_moveit2/install/moveit_planners_chomp:/home/devika/ws_moveit2/install/moveit_kinematics:/home/devika/ws_moveit2/install/moveit_chomp_optimizer_adapter:/home/devika/ws_moveit2/install/chomp_motion_planner:/home/devika/ws_moveit2/install/moveit_core:/home/devika/ws_moveit2/install/srdfdom:/home/devika/ws_moveit2/install/rviz_marker_tools:/home/devika/ws_moveit2/install/rosparam_shortcuts:/home/devika/ws_moveit2/install/moveit_task_constructor_msgs:/home/devika/ws_moveit2/install/moveit_resources_prbt_support:/home/devika/ws_moveit2/install/moveit_resources:/home/devika/ws_moveit2/install/moveit_resources_pr2_description:/home/devika/ws_moveit2/install/moveit_resources_panda_moveit_config:/home/devika/ws_moveit2/install/moveit_resources_panda_description:/home/devika/ws_moveit2/install/moveit_resources_fanuc_moveit_config:/home/devika/ws_moveit2/install/moveit_resources_fanuc_description:/home/devika/ws_moveit2/install/moveit_common:/home/devika/manga_ws/install/urdf_humble_test_moveit_config:/home/devika/manga_ws/install/urdf_humble_test:/home/devika/manga_ws/install/hello_moveit:/home/devika/some_ws/install/motoman_hc10_support:/home/devika/some_ws/install/motoman_resources:/home/devika/some_ws/install/hello_moveit:/home/devika/some_ws/install/hc20_sim_moveit_config:/home/devika/some_ws/install/hc20_moveit_config:/home/devika/some_ws/install/hc10_movit2v3:/home/devika/some_ws/install/hc10dt_moveit_config:/home/devika/robo_ws/install/perception_vision:/home/devika/robo_ws/install/cylinder_position_estimator:/home/devika/ws_moveit2/install/moveit_configs_utils:/home/devika/ws_moveit2/install/launch_param_builder:/opt/ros/humble LD_LIBRARY_PATH=/home/devika/robo_ws/install/rviz_marker_tools/lib:/home/devika/robo_ws/install/moveit_task_constructor_msgs/lib:/home/devika/robo_ws/install/warehouse_ros_mongo/lib:/home/devika/robo_ws/install/moveit_task_constructor_visualization/lib:/home/devika/robo_ws/install/moveit_task_constructor_demo/lib:/home/devika/robo_ws/install/moveit_task_constructor_capabilities/lib:/home/devika/robo_ws/install/hello_moveit_task_constructor/lib:/home/devika/robo_ws/install/moveit_task_constructor_core/lib:/home/devika/robo_ws/install/gazebo_ros2_control/lib:/home/devika/ws_moveit2/install/pilz_industrial_motion_planner_testutils/lib:/home/devika/ws_moveit2/install/pilz_industrial_motion_planner/lib:/home/devika/ws_moveit2/install/moveit_visual_tools/lib:/home/devika/ws_moveit2/install/moveit_task_constructor_visualization/lib:/home/devika/ws_moveit2/install/moveit_task_constructor_demo/lib:/home/devika/ws_moveit2/install/moveit_task_constructor_capabilities/lib:/home/devika/ws_moveit2/install/moveit_task_constructor_core/lib:/home/devika/ws_moveit2/install/moveit_ros_control_interface/lib:/home/devika/ws_moveit2/install/moveit_simple_controller_manager/lib:/home/devika/ws_moveit2/install/moveit_setup_assistant/lib:/home/devika/ws_moveit2/install/moveit_setup_srdf_plugins/lib:/home/devika/ws_moveit2/install/moveit_setup_core_plugins/lib:/home/devika/ws_moveit2/install/moveit_setup_controllers/lib:/home/devika/ws_moveit2/install/moveit_setup_app_plugins/lib:/home/devika/ws_moveit2/install/moveit_setup_framework/lib:/home/devika/ws_moveit2/install/moveit_servo/lib:/home/devika/ws_moveit2/install/moveit_ros_visualization/lib:/home/devika/ws_moveit2/install/moveit_hybrid_planning/lib:/home/devika/ws_moveit2/install/moveit_ros_planning_interface/lib:/home/devika/ws_moveit2/install/moveit_ros_benchmarks/lib:/home/devika/ws_moveit2/install/moveit_ros_warehouse/lib:/home/devika/ws_moveit2/install/moveit_ros_robot_interaction/lib:/home/devika/ws_moveit2/install/moveit_ros_perception/lib:/home/devika/ws_moveit2/install/moveit_ros_move_group/lib:/home/devika/ws_moveit2/install/moveit_planners_ompl/lib:/home/devika/ws_moveit2/install/moveit_ros_planning/lib:/home/devika/ws_moveit2/install/moveit_ros_occupancy_map_monitor/lib:/home/devika/ws_moveit2/install/moveit_resources_prbt_ikfast_manipulator_plugin/lib:/home/devika/ws_moveit2/install/moveit_planners_chomp/lib:/home/devika/ws_moveit2/install/moveit_kinematics/lib:/home/devika/ws_moveit2/install/moveit_chomp_optimizer_adapter/lib:/home/devika/ws_moveit2/install/chomp_motion_planner/lib:/home/devika/ws_moveit2/install/moveit_core/lib:/home/devika/ws_moveit2/install/srdfdom/lib:/home/devika/ws_moveit2/install/rviz_marker_tools/lib:/home/devika/ws_moveit2/install/rosparam_shortcuts/lib:/home/devika/ws_moveit2/install/moveit_task_constructor_msgs/lib:/usr/lib/x86_64-linux-gnu/gazebo-11/plugins:/opt/ros/humble/opt/rviz_ogre_vendor/lib:/opt/ros/humble/lib/x86_64-linux-gnu:/opt/ros/humble/lib /usr/bin/cmake --build /home/devika/robo_ws/build/moveit_task_constructor_core -- -j8 -l8
[5.505s] DEBUG:colcon.colcon_core.event_handler.log_command:Invoking command in '/home/devika/robo_ws/build/moveit_task_constructor_core': CMAKE_PREFIX_PATH=/home/devika/robo_ws/install/rviz_marker_tools:/home/devika/robo_ws/install/moveit_task_constructor_msgs:/home/devika/robo_ws/install/urdf_humble_test_moveit_config:/home/devika/robo_ws/install/warehouse_ros_mongo:/home/devika/robo_ws/install/urdf_humble_test:/home/devika/robo_ws/install/moveit_task_constructor_visualization:/home/devika/robo_ws/install/moveit_task_constructor_demo:/home/devika/robo_ws/install/moveit_task_constructor_capabilities:/home/devika/robo_ws/install/hello_moveit_task_constructor:/home/devika/robo_ws/install/moveit_task_constructor_core:/home/devika/robo_ws/install/hello_moveit:/home/devika/robo_ws/install/gazebo_ros2_control:/home/devika/ws_moveit2/install/pilz_industrial_motion_planner_testutils:/home/devika/ws_moveit2/install/moveit_runtime:/home/devika/ws_moveit2/install/moveit2_tutorials:/home/devika/ws_moveit2/install/moveit:/home/devika/ws_moveit2/install/moveit_planners:/home/devika/ws_moveit2/install/pilz_industrial_motion_planner:/home/devika/ws_moveit2/install/moveit_visual_tools:/home/devika/ws_moveit2/install/moveit_task_constructor_visualization:/home/devika/ws_moveit2/install/moveit_task_constructor_demo:/home/devika/ws_moveit2/install/moveit_task_constructor_capabilities:/home/devika/ws_moveit2/install/moveit_task_constructor_core:/home/devika/ws_moveit2/install/moveit_ros_control_interface:/home/devika/ws_moveit2/install/moveit_plugins:/home/devika/ws_moveit2/install/moveit_simple_controller_manager:/home/devika/ws_moveit2/install/moveit_setup_assistant:/home/devika/ws_moveit2/install/moveit_setup_srdf_plugins:/home/devika/ws_moveit2/install/moveit_setup_core_plugins:/home/devika/ws_moveit2/install/moveit_setup_controllers:/home/devika/ws_moveit2/install/moveit_setup_app_plugins:/home/devika/ws_moveit2/install/moveit_setup_framework:/home/devika/ws_moveit2/install/moveit_servo:/home/devika/ws_moveit2/install/moveit_ros:/home/devika/ws_moveit2/install/moveit_ros_visualization:/home/devika/ws_moveit2/install/moveit_hybrid_planning:/home/devika/ws_moveit2/install/moveit_ros_planning_interface:/home/devika/ws_moveit2/install/moveit_ros_benchmarks:/home/devika/ws_moveit2/install/moveit_ros_warehouse:/home/devika/ws_moveit2/install/moveit_ros_robot_interaction:/home/devika/ws_moveit2/install/moveit_ros_perception:/home/devika/ws_moveit2/install/moveit_resources_prbt_pg70_support:/home/devika/ws_moveit2/install/moveit_resources_prbt_moveit_config:/home/devika/ws_moveit2/install/moveit_ros_move_group:/home/devika/ws_moveit2/install/moveit_planners_ompl:/home/devika/ws_moveit2/install/moveit_ros_planning:/home/devika/ws_moveit2/install/moveit_ros_occupancy_map_monitor:/home/devika/ws_moveit2/install/moveit_resources_prbt_ikfast_manipulator_plugin:/home/devika/ws_moveit2/install/moveit_planners_chomp:/home/devika/ws_moveit2/install/moveit_kinematics:/home/devika/ws_moveit2/install/moveit_chomp_optimizer_adapter:/home/devika/ws_moveit2/install/chomp_motion_planner:/home/devika/ws_moveit2/install/moveit_core:/home/devika/ws_moveit2/install/srdfdom:/home/devika/ws_moveit2/install/rviz_marker_tools:/home/devika/ws_moveit2/install/rosparam_shortcuts:/home/devika/ws_moveit2/install/moveit_task_constructor_msgs:/home/devika/ws_moveit2/install/moveit_resources_prbt_support:/home/devika/ws_moveit2/install/moveit_resources:/home/devika/ws_moveit2/install/moveit_resources_pr2_description:/home/devika/ws_moveit2/install/moveit_resources_panda_moveit_config:/home/devika/ws_moveit2/install/moveit_resources_panda_description:/home/devika/ws_moveit2/install/moveit_resources_fanuc_moveit_config:/home/devika/ws_moveit2/install/moveit_resources_fanuc_description:/home/devika/ws_moveit2/install/moveit_common:/home/devika/manga_ws/install/urdf_humble_test_moveit_config:/home/devika/manga_ws/install/urdf_humble_test:/home/devika/manga_ws/install/hello_moveit:/home/devika/some_ws/install/motoman_hc10_support:/home/devika/some_ws/install/motoman_resources:/home/devika/some_ws/install/hello_moveit:/home/devika/some_ws/install/hc20_sim_moveit_config:/home/devika/some_ws/install/hc20_moveit_config:/home/devika/some_ws/install/hc10_movit2v3:/home/devika/some_ws/install/hc10dt_moveit_config:/home/devika/robo_ws/install/perception_vision:/home/devika/robo_ws/install/cylinder_position_estimator:/home/devika/ws_moveit2/install/moveit_configs_utils:/home/devika/ws_moveit2/install/launch_param_builder:/opt/ros/humble LD_LIBRARY_PATH=/home/devika/robo_ws/install/rviz_marker_tools/lib:/home/devika/robo_ws/install/moveit_task_constructor_msgs/lib:/home/devika/robo_ws/install/warehouse_ros_mongo/lib:/home/devika/robo_ws/install/moveit_task_constructor_visualization/lib:/home/devika/robo_ws/install/moveit_task_constructor_demo/lib:/home/devika/robo_ws/install/moveit_task_constructor_capabilities/lib:/home/devika/robo_ws/install/hello_moveit_task_constructor/lib:/home/devika/robo_ws/install/moveit_task_constructor_core/lib:/home/devika/robo_ws/install/gazebo_ros2_control/lib:/home/devika/ws_moveit2/install/pilz_industrial_motion_planner_testutils/lib:/home/devika/ws_moveit2/install/pilz_industrial_motion_planner/lib:/home/devika/ws_moveit2/install/moveit_visual_tools/lib:/home/devika/ws_moveit2/install/moveit_task_constructor_visualization/lib:/home/devika/ws_moveit2/install/moveit_task_constructor_demo/lib:/home/devika/ws_moveit2/install/moveit_task_constructor_capabilities/lib:/home/devika/ws_moveit2/install/moveit_task_constructor_core/lib:/home/devika/ws_moveit2/install/moveit_ros_control_interface/lib:/home/devika/ws_moveit2/install/moveit_simple_controller_manager/lib:/home/devika/ws_moveit2/install/moveit_setup_assistant/lib:/home/devika/ws_moveit2/install/moveit_setup_srdf_plugins/lib:/home/devika/ws_moveit2/install/moveit_setup_core_plugins/lib:/home/devika/ws_moveit2/install/moveit_setup_controllers/lib:/home/devika/ws_moveit2/install/moveit_setup_app_plugins/lib:/home/devika/ws_moveit2/install/moveit_setup_framework/lib:/home/devika/ws_moveit2/install/moveit_servo/lib:/home/devika/ws_moveit2/install/moveit_ros_visualization/lib:/home/devika/ws_moveit2/install/moveit_hybrid_planning/lib:/home/devika/ws_moveit2/install/moveit_ros_planning_interface/lib:/home/devika/ws_moveit2/install/moveit_ros_benchmarks/lib:/home/devika/ws_moveit2/install/moveit_ros_warehouse/lib:/home/devika/ws_moveit2/install/moveit_ros_robot_interaction/lib:/home/devika/ws_moveit2/install/moveit_ros_perception/lib:/home/devika/ws_moveit2/install/moveit_ros_move_group/lib:/home/devika/ws_moveit2/install/moveit_planners_ompl/lib:/home/devika/ws_moveit2/install/moveit_ros_planning/lib:/home/devika/ws_moveit2/install/moveit_ros_occupancy_map_monitor/lib:/home/devika/ws_moveit2/install/moveit_resources_prbt_ikfast_manipulator_plugin/lib:/home/devika/ws_moveit2/install/moveit_planners_chomp/lib:/home/devika/ws_moveit2/install/moveit_kinematics/lib:/home/devika/ws_moveit2/install/moveit_chomp_optimizer_adapter/lib:/home/devika/ws_moveit2/install/chomp_motion_planner/lib:/home/devika/ws_moveit2/install/moveit_core/lib:/home/devika/ws_moveit2/install/srdfdom/lib:/home/devika/ws_moveit2/install/rviz_marker_tools/lib:/home/devika/ws_moveit2/install/rosparam_shortcuts/lib:/home/devika/ws_moveit2/install/moveit_task_constructor_msgs/lib:/usr/lib/x86_64-linux-gnu/gazebo-11/plugins:/opt/ros/humble/opt/rviz_ogre_vendor/lib:/opt/ros/humble/lib/x86_64-linux-gnu:/opt/ros/humble/lib /usr/bin/cmake --install /home/devika/robo_ws/build/moveit_task_constructor_core
[5.696s] Level 1:colcon.colcon_core.environment:create_environment_scripts_only(moveit_task_constructor_core)
[5.696s] Level 1:colcon.colcon_core.environment:checking '/home/devika/robo_ws/install/moveit_task_constructor_core' for CMake module files
[5.703s] DEBUG:colcon.colcon_core.event_handler.log_command:Invoked command in '/home/devika/robo_ws/build/moveit_task_constructor_core' returned '0': CMAKE_PREFIX_PATH=/home/devika/robo_ws/install/rviz_marker_tools:/home/devika/robo_ws/install/moveit_task_constructor_msgs:/home/devika/robo_ws/install/urdf_humble_test_moveit_config:/home/devika/robo_ws/install/warehouse_ros_mongo:/home/devika/robo_ws/install/urdf_humble_test:/home/devika/robo_ws/install/moveit_task_constructor_visualization:/home/devika/robo_ws/install/moveit_task_constructor_demo:/home/devika/robo_ws/install/moveit_task_constructor_capabilities:/home/devika/robo_ws/install/hello_moveit_task_constructor:/home/devika/robo_ws/install/moveit_task_constructor_core:/home/devika/robo_ws/install/hello_moveit:/home/devika/robo_ws/install/gazebo_ros2_control:/home/devika/ws_moveit2/install/pilz_industrial_motion_planner_testutils:/home/devika/ws_moveit2/install/moveit_runtime:/home/devika/ws_moveit2/install/moveit2_tutorials:/home/devika/ws_moveit2/install/moveit:/home/devika/ws_moveit2/install/moveit_planners:/home/devika/ws_moveit2/install/pilz_industrial_motion_planner:/home/devika/ws_moveit2/install/moveit_visual_tools:/home/devika/ws_moveit2/install/moveit_task_constructor_visualization:/home/devika/ws_moveit2/install/moveit_task_constructor_demo:/home/devika/ws_moveit2/install/moveit_task_constructor_capabilities:/home/devika/ws_moveit2/install/moveit_task_constructor_core:/home/devika/ws_moveit2/install/moveit_ros_control_interface:/home/devika/ws_moveit2/install/moveit_plugins:/home/devika/ws_moveit2/install/moveit_simple_controller_manager:/home/devika/ws_moveit2/install/moveit_setup_assistant:/home/devika/ws_moveit2/install/moveit_setup_srdf_plugins:/home/devika/ws_moveit2/install/moveit_setup_core_plugins:/home/devika/ws_moveit2/install/moveit_setup_controllers:/home/devika/ws_moveit2/install/moveit_setup_app_plugins:/home/devika/ws_moveit2/install/moveit_setup_framework:/home/devika/ws_moveit2/install/moveit_servo:/home/devika/ws_moveit2/install/moveit_ros:/home/devika/ws_moveit2/install/moveit_ros_visualization:/home/devika/ws_moveit2/install/moveit_hybrid_planning:/home/devika/ws_moveit2/install/moveit_ros_planning_interface:/home/devika/ws_moveit2/install/moveit_ros_benchmarks:/home/devika/ws_moveit2/install/moveit_ros_warehouse:/home/devika/ws_moveit2/install/moveit_ros_robot_interaction:/home/devika/ws_moveit2/install/moveit_ros_perception:/home/devika/ws_moveit2/install/moveit_resources_prbt_pg70_support:/home/devika/ws_moveit2/install/moveit_resources_prbt_moveit_config:/home/devika/ws_moveit2/install/moveit_ros_move_group:/home/devika/ws_moveit2/install/moveit_planners_ompl:/home/devika/ws_moveit2/install/moveit_ros_planning:/home/devika/ws_moveit2/install/moveit_ros_occupancy_map_monitor:/home/devika/ws_moveit2/install/moveit_resources_prbt_ikfast_manipulator_plugin:/home/devika/ws_moveit2/install/moveit_planners_chomp:/home/devika/ws_moveit2/install/moveit_kinematics:/home/devika/ws_moveit2/install/moveit_chomp_optimizer_adapter:/home/devika/ws_moveit2/install/chomp_motion_planner:/home/devika/ws_moveit2/install/moveit_core:/home/devika/ws_moveit2/install/srdfdom:/home/devika/ws_moveit2/install/rviz_marker_tools:/home/devika/ws_moveit2/install/rosparam_shortcuts:/home/devika/ws_moveit2/install/moveit_task_constructor_msgs:/home/devika/ws_moveit2/install/moveit_resources_prbt_support:/home/devika/ws_moveit2/install/moveit_resources:/home/devika/ws_moveit2/install/moveit_resources_pr2_description:/home/devika/ws_moveit2/install/moveit_resources_panda_moveit_config:/home/devika/ws_moveit2/install/moveit_resources_panda_description:/home/devika/ws_moveit2/install/moveit_resources_fanuc_moveit_config:/home/devika/ws_moveit2/install/moveit_resources_fanuc_description:/home/devika/ws_moveit2/install/moveit_common:/home/devika/manga_ws/install/urdf_humble_test_moveit_config:/home/devika/manga_ws/install/urdf_humble_test:/home/devika/manga_ws/install/hello_moveit:/home/devika/some_ws/install/motoman_hc10_support:/home/devika/some_ws/install/motoman_resources:/home/devika/some_ws/install/hello_moveit:/home/devika/some_ws/install/hc20_sim_moveit_config:/home/devika/some_ws/install/hc20_moveit_config:/home/devika/some_ws/install/hc10_movit2v3:/home/devika/some_ws/install/hc10dt_moveit_config:/home/devika/robo_ws/install/perception_vision:/home/devika/robo_ws/install/cylinder_position_estimator:/home/devika/ws_moveit2/install/moveit_configs_utils:/home/devika/ws_moveit2/install/launch_param_builder:/opt/ros/humble LD_LIBRARY_PATH=/home/devika/robo_ws/install/rviz_marker_tools/lib:/home/devika/robo_ws/install/moveit_task_constructor_msgs/lib:/home/devika/robo_ws/install/warehouse_ros_mongo/lib:/home/devika/robo_ws/install/moveit_task_constructor_visualization/lib:/home/devika/robo_ws/install/moveit_task_constructor_demo/lib:/home/devika/robo_ws/install/moveit_task_constructor_capabilities/lib:/home/devika/robo_ws/install/hello_moveit_task_constructor/lib:/home/devika/robo_ws/install/moveit_task_constructor_core/lib:/home/devika/robo_ws/install/gazebo_ros2_control/lib:/home/devika/ws_moveit2/install/pilz_industrial_motion_planner_testutils/lib:/home/devika/ws_moveit2/install/pilz_industrial_motion_planner/lib:/home/devika/ws_moveit2/install/moveit_visual_tools/lib:/home/devika/ws_moveit2/install/moveit_task_constructor_visualization/lib:/home/devika/ws_moveit2/install/moveit_task_constructor_demo/lib:/home/devika/ws_moveit2/install/moveit_task_constructor_capabilities/lib:/home/devika/ws_moveit2/install/moveit_task_constructor_core/lib:/home/devika/ws_moveit2/install/moveit_ros_control_interface/lib:/home/devika/ws_moveit2/install/moveit_simple_controller_manager/lib:/home/devika/ws_moveit2/install/moveit_setup_assistant/lib:/home/devika/ws_moveit2/install/moveit_setup_srdf_plugins/lib:/home/devika/ws_moveit2/install/moveit_setup_core_plugins/lib:/home/devika/ws_moveit2/install/moveit_setup_controllers/lib:/home/devika/ws_moveit2/install/moveit_setup_app_plugins/lib:/home/devika/ws_moveit2/install/moveit_setup_framework/lib:/home/devika/ws_moveit2/install/moveit_servo/lib:/home/devika/ws_moveit2/install/moveit_ros_visualization/lib:/home/devika/ws_moveit2/install/moveit_hybrid_planning/lib:/home/devika/ws_moveit2/install/moveit_ros_planning_interface/lib:/home/devika/ws_moveit2/install/moveit_ros_benchmarks/lib:/home/devika/ws_moveit2/install/moveit_ros_warehouse/lib:/home/devika/ws_moveit2/install/moveit_ros_robot_interaction/lib:/home/devika/ws_moveit2/install/moveit_ros_perception/lib:/home/devika/ws_moveit2/install/moveit_ros_move_group/lib:/home/devika/ws_moveit2/install/moveit_planners_ompl/lib:/home/devika/ws_moveit2/install/moveit_ros_planning/lib:/home/devika/ws_moveit2/install/moveit_ros_occupancy_map_monitor/lib:/home/devika/ws_moveit2/install/moveit_resources_prbt_ikfast_manipulator_plugin/lib:/home/devika/ws_moveit2/install/moveit_planners_chomp/lib:/home/devika/ws_moveit2/install/moveit_kinematics/lib:/home/devika/ws_moveit2/install/moveit_chomp_optimizer_adapter/lib:/home/devika/ws_moveit2/install/chomp_motion_planner/lib:/home/devika/ws_moveit2/install/moveit_core/lib:/home/devika/ws_moveit2/install/srdfdom/lib:/home/devika/ws_moveit2/install/rviz_marker_tools/lib:/home/devika/ws_moveit2/install/rosparam_shortcuts/lib:/home/devika/ws_moveit2/install/moveit_task_constructor_msgs/lib:/usr/lib/x86_64-linux-gnu/gazebo-11/plugins:/opt/ros/humble/opt/rviz_ogre_vendor/lib:/opt/ros/humble/lib/x86_64-linux-gnu:/opt/ros/humble/lib /usr/bin/cmake --install /home/devika/robo_ws/build/moveit_task_constructor_core
[5.704s] Level 1:colcon.colcon_core.shell:create_environment_hook('moveit_task_constructor_core', 'cmake_module_path')
[5.705s] INFO:colcon.colcon_core.shell:Creating environment hook '/home/devika/robo_ws/install/moveit_task_constructor_core/share/moveit_task_constructor_core/hook/cmake_module_path.ps1'
[5.706s] INFO:colcon.colcon_core.shell:Creating environment descriptor '/home/devika/robo_ws/install/moveit_task_constructor_core/share/moveit_task_constructor_core/hook/cmake_module_path.dsv'
[5.707s] INFO:colcon.colcon_core.shell:Creating environment hook '/home/devika/robo_ws/install/moveit_task_constructor_core/share/moveit_task_constructor_core/hook/cmake_module_path.sh'
[5.708s] Level 1:colcon.colcon_core.environment:checking '/home/devika/robo_ws/install/moveit_task_constructor_core' for CMake config files
[5.709s] Level 1:colcon.colcon_core.shell:create_environment_hook('moveit_task_constructor_core', 'cmake_prefix_path')
[5.710s] INFO:colcon.colcon_core.shell:Creating environment hook '/home/devika/robo_ws/install/moveit_task_constructor_core/share/moveit_task_constructor_core/hook/cmake_prefix_path.ps1'
[5.711s] INFO:colcon.colcon_core.shell:Creating environment descriptor '/home/devika/robo_ws/install/moveit_task_constructor_core/share/moveit_task_constructor_core/hook/cmake_prefix_path.dsv'
[5.713s] INFO:colcon.colcon_core.shell:Creating environment hook '/home/devika/robo_ws/install/moveit_task_constructor_core/share/moveit_task_constructor_core/hook/cmake_prefix_path.sh'
[5.715s] Level 1:colcon.colcon_core.environment:checking '/home/devika/robo_ws/install/moveit_task_constructor_core/lib'
[5.716s] Level 1:colcon.colcon_core.shell:create_environment_hook('moveit_task_constructor_core', 'ld_library_path_lib')
[5.717s] INFO:colcon.colcon_core.shell:Creating environment hook '/home/devika/robo_ws/install/moveit_task_constructor_core/share/moveit_task_constructor_core/hook/ld_library_path_lib.ps1'
[5.718s] INFO:colcon.colcon_core.shell:Creating environment descriptor '/home/devika/robo_ws/install/moveit_task_constructor_core/share/moveit_task_constructor_core/hook/ld_library_path_lib.dsv'
[5.720s] INFO:colcon.colcon_core.shell:Creating environment hook '/home/devika/robo_ws/install/moveit_task_constructor_core/share/moveit_task_constructor_core/hook/ld_library_path_lib.sh'
[5.721s] Level 1:colcon.colcon_core.environment:checking '/home/devika/robo_ws/install/moveit_task_constructor_core/bin'
[5.721s] Level 1:colcon.colcon_core.environment:checking '/home/devika/robo_ws/install/moveit_task_constructor_core/lib/pkgconfig/moveit_task_constructor_core.pc'
[5.722s] Level 1:colcon.colcon_core.environment:checking '/home/devika/robo_ws/install/moveit_task_constructor_core/lib/python3.10/site-packages'
[5.722s] Level 1:colcon.colcon_core.environment:checking '/home/devika/robo_ws/install/moveit_task_constructor_core/bin'
[5.723s] INFO:colcon.colcon_core.shell:Creating package script '/home/devika/robo_ws/install/moveit_task_constructor_core/share/moveit_task_constructor_core/package.ps1'
[5.726s] INFO:colcon.colcon_core.shell:Creating package descriptor '/home/devika/robo_ws/install/moveit_task_constructor_core/share/moveit_task_constructor_core/package.dsv'
[5.728s] INFO:colcon.colcon_core.shell:Creating package script '/home/devika/robo_ws/install/moveit_task_constructor_core/share/moveit_task_constructor_core/package.sh'
[5.729s] INFO:colcon.colcon_core.shell:Creating package script '/home/devika/robo_ws/install/moveit_task_constructor_core/share/moveit_task_constructor_core/package.bash'
[5.730s] INFO:colcon.colcon_core.shell:Creating package script '/home/devika/robo_ws/install/moveit_task_constructor_core/share/moveit_task_constructor_core/package.zsh'
[5.731s] Level 1:colcon.colcon_core.environment:create_file_with_runtime_dependencies(/home/devika/robo_ws/install/moveit_task_constructor_core/share/colcon-core/packages/moveit_task_constructor_core)
[5.734s] Level 1:colcon.colcon_core.environment:create_environment_scripts_only(moveit_task_constructor_core)
[5.735s] Level 1:colcon.colcon_core.environment:checking '/home/devika/robo_ws/install/moveit_task_constructor_core' for CMake module files
[5.737s] Level 1:colcon.colcon_core.shell:create_environment_hook('moveit_task_constructor_core', 'cmake_module_path')
[5.737s] INFO:colcon.colcon_core.shell:Creating environment hook '/home/devika/robo_ws/install/moveit_task_constructor_core/share/moveit_task_constructor_core/hook/cmake_module_path.ps1'
[5.738s] INFO:colcon.colcon_core.shell:Creating environment descriptor '/home/devika/robo_ws/install/moveit_task_constructor_core/share/moveit_task_constructor_core/hook/cmake_module_path.dsv'
[5.739s] INFO:colcon.colcon_core.shell:Creating environment hook '/home/devika/robo_ws/install/moveit_task_constructor_core/share/moveit_task_constructor_core/hook/cmake_module_path.sh'
[5.741s] Level 1:colcon.colcon_core.environment:checking '/home/devika/robo_ws/install/moveit_task_constructor_core' for CMake config files
[5.742s] Level 1:colcon.colcon_core.shell:create_environment_hook('moveit_task_constructor_core', 'cmake_prefix_path')
[5.743s] INFO:colcon.colcon_core.shell:Creating environment hook '/home/devika/robo_ws/install/moveit_task_constructor_core/share/moveit_task_constructor_core/hook/cmake_prefix_path.ps1'
[5.744s] INFO:colcon.colcon_core.shell:Creating environment descriptor '/home/devika/robo_ws/install/moveit_task_constructor_core/share/moveit_task_constructor_core/hook/cmake_prefix_path.dsv'
[5.745s] INFO:colcon.colcon_core.shell:Creating environment hook '/home/devika/robo_ws/install/moveit_task_constructor_core/share/moveit_task_constructor_core/hook/cmake_prefix_path.sh'
[5.746s] Level 1:colcon.colcon_core.environment:checking '/home/devika/robo_ws/install/moveit_task_constructor_core/lib'
[5.747s] Level 1:colcon.colcon_core.shell:create_environment_hook('moveit_task_constructor_core', 'ld_library_path_lib')
[5.747s] INFO:colcon.colcon_core.shell:Creating environment hook '/home/devika/robo_ws/install/moveit_task_constructor_core/share/moveit_task_constructor_core/hook/ld_library_path_lib.ps1'
[5.748s] INFO:colcon.colcon_core.shell:Creating environment descriptor '/home/devika/robo_ws/install/moveit_task_constructor_core/share/moveit_task_constructor_core/hook/ld_library_path_lib.dsv'
[5.749s] INFO:colcon.colcon_core.shell:Creating environment hook '/home/devika/robo_ws/install/moveit_task_constructor_core/share/moveit_task_constructor_core/hook/ld_library_path_lib.sh'
[5.750s] Level 1:colcon.colcon_core.environment:checking '/home/devika/robo_ws/install/moveit_task_constructor_core/bin'
[5.751s] Level 1:colcon.colcon_core.environment:checking '/home/devika/robo_ws/install/moveit_task_constructor_core/lib/pkgconfig/moveit_task_constructor_core.pc'
[5.751s] Level 1:colcon.colcon_core.environment:checking '/home/devika/robo_ws/install/moveit_task_constructor_core/lib/python3.10/site-packages'
[5.752s] Level 1:colcon.colcon_core.environment:checking '/home/devika/robo_ws/install/moveit_task_constructor_core/bin'
[5.753s] INFO:colcon.colcon_core.shell:Creating package script '/home/devika/robo_ws/install/moveit_task_constructor_core/share/moveit_task_constructor_core/package.ps1'
[5.757s] INFO:colcon.colcon_core.shell:Creating package descriptor '/home/devika/robo_ws/install/moveit_task_constructor_core/share/moveit_task_constructor_core/package.dsv'
[5.758s] INFO:colcon.colcon_core.shell:Creating package script '/home/devika/robo_ws/install/moveit_task_constructor_core/share/moveit_task_constructor_core/package.sh'
[5.759s] INFO:colcon.colcon_core.shell:Creating package script '/home/devika/robo_ws/install/moveit_task_constructor_core/share/moveit_task_constructor_core/package.bash'
[5.760s] INFO:colcon.colcon_core.shell:Creating package script '/home/devika/robo_ws/install/moveit_task_constructor_core/share/moveit_task_constructor_core/package.zsh'
[5.761s] Level 1:colcon.colcon_core.environment:create_file_with_runtime_dependencies(/home/devika/robo_ws/install/moveit_task_constructor_core/share/colcon-core/packages/moveit_task_constructor_core)
[5.763s] INFO:colcon.colcon_ros.task.ament_cmake.build:Building ROS package in '/home/devika/robo_ws/src/moveit_task_constructor/capabilities' with build type 'ament_cmake'
[5.763s] INFO:colcon.colcon_cmake.task.cmake.build:Building CMake package in '/home/devika/robo_ws/src/moveit_task_constructor/capabilities'
[5.764s] INFO:colcon.colcon_core.shell:Skip shell extension 'powershell' for command environment: Not usable outside of PowerShell
[5.764s] DEBUG:colcon.colcon_core.shell:Skip shell extension 'dsv' for command environment
[5.793s] INFO:colcon.colcon_ros.task.ament_cmake.build:Building ROS package in '/home/devika/robo_ws/src/hello_moveit_task_constructor' with build type 'ament_cmake'
[5.794s] INFO:colcon.colcon_cmake.task.cmake.build:Building CMake package in '/home/devika/robo_ws/src/hello_moveit_task_constructor'
[5.795s] INFO:colcon.colcon_core.shell:Skip shell extension 'powershell' for command environment: Not usable outside of PowerShell
[5.795s] DEBUG:colcon.colcon_core.shell:Skip shell extension 'dsv' for command environment
[5.828s] INFO:colcon.colcon_ros.task.ament_cmake.build:Building ROS package in '/home/devika/robo_ws/src/moveit_task_constructor/visualization' with build type 'ament_cmake'
[5.829s] INFO:colcon.colcon_cmake.task.cmake.build:Building CMake package in '/home/devika/robo_ws/src/moveit_task_constructor/visualization'
[5.829s] INFO:colcon.colcon_core.shell:Skip shell extension 'powershell' for command environment: Not usable outside of PowerShell
[5.830s] DEBUG:colcon.colcon_core.shell:Skip shell extension 'dsv' for command environment
[5.901s] DEBUG:colcon.colcon_core.event_handler.log_command:Invoking command in '/home/devika/robo_ws/build/moveit_task_constructor_capabilities': CMAKE_MODULE_PATH=/home/devika/robo_ws/install/moveit_task_constructor_core/share/moveit_task_constructor_core/cmake:/home/devika/robo_ws/install/warehouse_ros_mongo/share/warehouse_ros_mongo/cmake:/home/devika/ws_moveit2/install/moveit_task_constructor_core/share/moveit_task_constructor_core/cmake CMAKE_PREFIX_PATH=/home/devika/robo_ws/install/moveit_task_constructor_core:/home/devika/robo_ws/install/rviz_marker_tools:/home/devika/robo_ws/install/moveit_task_constructor_msgs:/home/devika/robo_ws/install/urdf_humble_test_moveit_config:/home/devika/robo_ws/install/warehouse_ros_mongo:/home/devika/robo_ws/install/urdf_humble_test:/home/devika/robo_ws/install/moveit_task_constructor_visualization:/home/devika/robo_ws/install/moveit_task_constructor_demo:/home/devika/robo_ws/install/moveit_task_constructor_capabilities:/home/devika/robo_ws/install/hello_moveit_task_constructor:/home/devika/robo_ws/install/hello_moveit:/home/devika/robo_ws/install/gazebo_ros2_control:/home/devika/ws_moveit2/install/pilz_industrial_motion_planner_testutils:/home/devika/ws_moveit2/install/moveit_runtime:/home/devika/ws_moveit2/install/moveit2_tutorials:/home/devika/ws_moveit2/install/moveit:/home/devika/ws_moveit2/install/moveit_planners:/home/devika/ws_moveit2/install/pilz_industrial_motion_planner:/home/devika/ws_moveit2/install/moveit_visual_tools:/home/devika/ws_moveit2/install/moveit_task_constructor_visualization:/home/devika/ws_moveit2/install/moveit_task_constructor_demo:/home/devika/ws_moveit2/install/moveit_task_constructor_capabilities:/home/devika/ws_moveit2/install/moveit_task_constructor_core:/home/devika/ws_moveit2/install/moveit_ros_control_interface:/home/devika/ws_moveit2/install/moveit_plugins:/home/devika/ws_moveit2/install/moveit_simple_controller_manager:/home/devika/ws_moveit2/install/moveit_setup_assistant:/home/devika/ws_moveit2/install/moveit_setup_srdf_plugins:/home/devika/ws_moveit2/install/moveit_setup_core_plugins:/home/devika/ws_moveit2/install/moveit_setup_controllers:/home/devika/ws_moveit2/install/moveit_setup_app_plugins:/home/devika/ws_moveit2/install/moveit_setup_framework:/home/devika/ws_moveit2/install/moveit_servo:/home/devika/ws_moveit2/install/moveit_ros:/home/devika/ws_moveit2/install/moveit_ros_visualization:/home/devika/ws_moveit2/install/moveit_hybrid_planning:/home/devika/ws_moveit2/install/moveit_ros_planning_interface:/home/devika/ws_moveit2/install/moveit_ros_benchmarks:/home/devika/ws_moveit2/install/moveit_ros_warehouse:/home/devika/ws_moveit2/install/moveit_ros_robot_interaction:/home/devika/ws_moveit2/install/moveit_ros_perception:/home/devika/ws_moveit2/install/moveit_resources_prbt_pg70_support:/home/devika/ws_moveit2/install/moveit_resources_prbt_moveit_config:/home/devika/ws_moveit2/install/moveit_ros_move_group:/home/devika/ws_moveit2/install/moveit_planners_ompl:/home/devika/ws_moveit2/install/moveit_ros_planning:/home/devika/ws_moveit2/install/moveit_ros_occupancy_map_monitor:/home/devika/ws_moveit2/install/moveit_resources_prbt_ikfast_manipulator_plugin:/home/devika/ws_moveit2/install/moveit_planners_chomp:/home/devika/ws_moveit2/install/moveit_kinematics:/home/devika/ws_moveit2/install/moveit_chomp_optimizer_adapter:/home/devika/ws_moveit2/install/chomp_motion_planner:/home/devika/ws_moveit2/install/moveit_core:/home/devika/ws_moveit2/install/srdfdom:/home/devika/ws_moveit2/install/rviz_marker_tools:/home/devika/ws_moveit2/install/rosparam_shortcuts:/home/devika/ws_moveit2/install/moveit_task_constructor_msgs:/home/devika/ws_moveit2/install/moveit_resources_prbt_support:/home/devika/ws_moveit2/install/moveit_resources:/home/devika/ws_moveit2/install/moveit_resources_pr2_description:/home/devika/ws_moveit2/install/moveit_resources_panda_moveit_config:/home/devika/ws_moveit2/install/moveit_resources_panda_description:/home/devika/ws_moveit2/install/moveit_resources_fanuc_moveit_config:/home/devika/ws_moveit2/install/moveit_resources_fanuc_description:/home/devika/ws_moveit2/install/moveit_common:/home/devika/manga_ws/install/urdf_humble_test_moveit_config:/home/devika/manga_ws/install/urdf_humble_test:/home/devika/manga_ws/install/hello_moveit:/home/devika/some_ws/install/motoman_hc10_support:/home/devika/some_ws/install/motoman_resources:/home/devika/some_ws/install/hello_moveit:/home/devika/some_ws/install/hc20_sim_moveit_config:/home/devika/some_ws/install/hc20_moveit_config:/home/devika/some_ws/install/hc10_movit2v3:/home/devika/some_ws/install/hc10dt_moveit_config:/home/devika/robo_ws/install/perception_vision:/home/devika/robo_ws/install/cylinder_position_estimator:/home/devika/ws_moveit2/install/moveit_configs_utils:/home/devika/ws_moveit2/install/launch_param_builder:/opt/ros/humble LD_LIBRARY_PATH=/home/devika/robo_ws/install/moveit_task_constructor_core/lib:/home/devika/robo_ws/install/rviz_marker_tools/lib:/home/devika/robo_ws/install/moveit_task_constructor_msgs/lib:/home/devika/robo_ws/install/warehouse_ros_mongo/lib:/home/devika/robo_ws/install/moveit_task_constructor_visualization/lib:/home/devika/robo_ws/install/moveit_task_constructor_demo/lib:/home/devika/robo_ws/install/moveit_task_constructor_capabilities/lib:/home/devika/robo_ws/install/hello_moveit_task_constructor/lib:/home/devika/robo_ws/install/gazebo_ros2_control/lib:/home/devika/ws_moveit2/install/pilz_industrial_motion_planner_testutils/lib:/home/devika/ws_moveit2/install/pilz_industrial_motion_planner/lib:/home/devika/ws_moveit2/install/moveit_visual_tools/lib:/home/devika/ws_moveit2/install/moveit_task_constructor_visualization/lib:/home/devika/ws_moveit2/install/moveit_task_constructor_demo/lib:/home/devika/ws_moveit2/install/moveit_task_constructor_capabilities/lib:/home/devika/ws_moveit2/install/moveit_task_constructor_core/lib:/home/devika/ws_moveit2/install/moveit_ros_control_interface/lib:/home/devika/ws_moveit2/install/moveit_simple_controller_manager/lib:/home/devika/ws_moveit2/install/moveit_setup_assistant/lib:/home/devika/ws_moveit2/install/moveit_setup_srdf_plugins/lib:/home/devika/ws_moveit2/install/moveit_setup_core_plugins/lib:/home/devika/ws_moveit2/install/moveit_setup_controllers/lib:/home/devika/ws_moveit2/install/moveit_setup_app_plugins/lib:/home/devika/ws_moveit2/install/moveit_setup_framework/lib:/home/devika/ws_moveit2/install/moveit_servo/lib:/home/devika/ws_moveit2/install/moveit_ros_visualization/lib:/home/devika/ws_moveit2/install/moveit_hybrid_planning/lib:/home/devika/ws_moveit2/install/moveit_ros_planning_interface/lib:/home/devika/ws_moveit2/install/moveit_ros_benchmarks/lib:/home/devika/ws_moveit2/install/moveit_ros_warehouse/lib:/home/devika/ws_moveit2/install/moveit_ros_robot_interaction/lib:/home/devika/ws_moveit2/install/moveit_ros_perception/lib:/home/devika/ws_moveit2/install/moveit_ros_move_group/lib:/home/devika/ws_moveit2/install/moveit_planners_ompl/lib:/home/devika/ws_moveit2/install/moveit_ros_planning/lib:/home/devika/ws_moveit2/install/moveit_ros_occupancy_map_monitor/lib:/home/devika/ws_moveit2/install/moveit_resources_prbt_ikfast_manipulator_plugin/lib:/home/devika/ws_moveit2/install/moveit_planners_chomp/lib:/home/devika/ws_moveit2/install/moveit_kinematics/lib:/home/devika/ws_moveit2/install/moveit_chomp_optimizer_adapter/lib:/home/devika/ws_moveit2/install/chomp_motion_planner/lib:/home/devika/ws_moveit2/install/moveit_core/lib:/home/devika/ws_moveit2/install/srdfdom/lib:/home/devika/ws_moveit2/install/rviz_marker_tools/lib:/home/devika/ws_moveit2/install/rosparam_shortcuts/lib:/home/devika/ws_moveit2/install/moveit_task_constructor_msgs/lib:/usr/lib/x86_64-linux-gnu/gazebo-11/plugins:/opt/ros/humble/opt/rviz_ogre_vendor/lib:/opt/ros/humble/lib/x86_64-linux-gnu:/opt/ros/humble/lib /usr/bin/cmake --build /home/devika/robo_ws/build/moveit_task_constructor_capabilities -- -j8 -l8
[5.916s] DEBUG:colcon.colcon_core.event_handler.log_command:Invoking command in '/home/devika/robo_ws/build/hello_moveit_task_constructor': CMAKE_MODULE_PATH=/home/devika/robo_ws/install/moveit_task_constructor_core/share/moveit_task_constructor_core/cmake:/home/devika/robo_ws/install/warehouse_ros_mongo/share/warehouse_ros_mongo/cmake:/home/devika/ws_moveit2/install/moveit_task_constructor_core/share/moveit_task_constructor_core/cmake CMAKE_PREFIX_PATH=/home/devika/robo_ws/install/moveit_task_constructor_core:/home/devika/robo_ws/install/rviz_marker_tools:/home/devika/robo_ws/install/moveit_task_constructor_msgs:/home/devika/robo_ws/install/urdf_humble_test_moveit_config:/home/devika/robo_ws/install/warehouse_ros_mongo:/home/devika/robo_ws/install/urdf_humble_test:/home/devika/robo_ws/install/moveit_task_constructor_visualization:/home/devika/robo_ws/install/moveit_task_constructor_demo:/home/devika/robo_ws/install/moveit_task_constructor_capabilities:/home/devika/robo_ws/install/hello_moveit_task_constructor:/home/devika/robo_ws/install/hello_moveit:/home/devika/robo_ws/install/gazebo_ros2_control:/home/devika/ws_moveit2/install/pilz_industrial_motion_planner_testutils:/home/devika/ws_moveit2/install/moveit_runtime:/home/devika/ws_moveit2/install/moveit2_tutorials:/home/devika/ws_moveit2/install/moveit:/home/devika/ws_moveit2/install/moveit_planners:/home/devika/ws_moveit2/install/pilz_industrial_motion_planner:/home/devika/ws_moveit2/install/moveit_visual_tools:/home/devika/ws_moveit2/install/moveit_task_constructor_visualization:/home/devika/ws_moveit2/install/moveit_task_constructor_demo:/home/devika/ws_moveit2/install/moveit_task_constructor_capabilities:/home/devika/ws_moveit2/install/moveit_task_constructor_core:/home/devika/ws_moveit2/install/moveit_ros_control_interface:/home/devika/ws_moveit2/install/moveit_plugins:/home/devika/ws_moveit2/install/moveit_simple_controller_manager:/home/devika/ws_moveit2/install/moveit_setup_assistant:/home/devika/ws_moveit2/install/moveit_setup_srdf_plugins:/home/devika/ws_moveit2/install/moveit_setup_core_plugins:/home/devika/ws_moveit2/install/moveit_setup_controllers:/home/devika/ws_moveit2/install/moveit_setup_app_plugins:/home/devika/ws_moveit2/install/moveit_setup_framework:/home/devika/ws_moveit2/install/moveit_servo:/home/devika/ws_moveit2/install/moveit_ros:/home/devika/ws_moveit2/install/moveit_ros_visualization:/home/devika/ws_moveit2/install/moveit_hybrid_planning:/home/devika/ws_moveit2/install/moveit_ros_planning_interface:/home/devika/ws_moveit2/install/moveit_ros_benchmarks:/home/devika/ws_moveit2/install/moveit_ros_warehouse:/home/devika/ws_moveit2/install/moveit_ros_robot_interaction:/home/devika/ws_moveit2/install/moveit_ros_perception:/home/devika/ws_moveit2/install/moveit_resources_prbt_pg70_support:/home/devika/ws_moveit2/install/moveit_resources_prbt_moveit_config:/home/devika/ws_moveit2/install/moveit_ros_move_group:/home/devika/ws_moveit2/install/moveit_planners_ompl:/home/devika/ws_moveit2/install/moveit_ros_planning:/home/devika/ws_moveit2/install/moveit_ros_occupancy_map_monitor:/home/devika/ws_moveit2/install/moveit_resources_prbt_ikfast_manipulator_plugin:/home/devika/ws_moveit2/install/moveit_planners_chomp:/home/devika/ws_moveit2/install/moveit_kinematics:/home/devika/ws_moveit2/install/moveit_chomp_optimizer_adapter:/home/devika/ws_moveit2/install/chomp_motion_planner:/home/devika/ws_moveit2/install/moveit_core:/home/devika/ws_moveit2/install/srdfdom:/home/devika/ws_moveit2/install/rviz_marker_tools:/home/devika/ws_moveit2/install/rosparam_shortcuts:/home/devika/ws_moveit2/install/moveit_task_constructor_msgs:/home/devika/ws_moveit2/install/moveit_resources_prbt_support:/home/devika/ws_moveit2/install/moveit_resources:/home/devika/ws_moveit2/install/moveit_resources_pr2_description:/home/devika/ws_moveit2/install/moveit_resources_panda_moveit_config:/home/devika/ws_moveit2/install/moveit_resources_panda_description:/home/devika/ws_moveit2/install/moveit_resources_fanuc_moveit_config:/home/devika/ws_moveit2/install/moveit_resources_fanuc_description:/home/devika/ws_moveit2/install/moveit_common:/home/devika/manga_ws/install/urdf_humble_test_moveit_config:/home/devika/manga_ws/install/urdf_humble_test:/home/devika/manga_ws/install/hello_moveit:/home/devika/some_ws/install/motoman_hc10_support:/home/devika/some_ws/install/motoman_resources:/home/devika/some_ws/install/hello_moveit:/home/devika/some_ws/install/hc20_sim_moveit_config:/home/devika/some_ws/install/hc20_moveit_config:/home/devika/some_ws/install/hc10_movit2v3:/home/devika/some_ws/install/hc10dt_moveit_config:/home/devika/robo_ws/install/perception_vision:/home/devika/robo_ws/install/cylinder_position_estimator:/home/devika/ws_moveit2/install/moveit_configs_utils:/home/devika/ws_moveit2/install/launch_param_builder:/opt/ros/humble LD_LIBRARY_PATH=/home/devika/robo_ws/install/moveit_task_constructor_core/lib:/home/devika/robo_ws/install/rviz_marker_tools/lib:/home/devika/robo_ws/install/moveit_task_constructor_msgs/lib:/home/devika/robo_ws/install/warehouse_ros_mongo/lib:/home/devika/robo_ws/install/moveit_task_constructor_visualization/lib:/home/devika/robo_ws/install/moveit_task_constructor_demo/lib:/home/devika/robo_ws/install/moveit_task_constructor_capabilities/lib:/home/devika/robo_ws/install/hello_moveit_task_constructor/lib:/home/devika/robo_ws/install/gazebo_ros2_control/lib:/home/devika/ws_moveit2/install/pilz_industrial_motion_planner_testutils/lib:/home/devika/ws_moveit2/install/pilz_industrial_motion_planner/lib:/home/devika/ws_moveit2/install/moveit_visual_tools/lib:/home/devika/ws_moveit2/install/moveit_task_constructor_visualization/lib:/home/devika/ws_moveit2/install/moveit_task_constructor_demo/lib:/home/devika/ws_moveit2/install/moveit_task_constructor_capabilities/lib:/home/devika/ws_moveit2/install/moveit_task_constructor_core/lib:/home/devika/ws_moveit2/install/moveit_ros_control_interface/lib:/home/devika/ws_moveit2/install/moveit_simple_controller_manager/lib:/home/devika/ws_moveit2/install/moveit_setup_assistant/lib:/home/devika/ws_moveit2/install/moveit_setup_srdf_plugins/lib:/home/devika/ws_moveit2/install/moveit_setup_core_plugins/lib:/home/devika/ws_moveit2/install/moveit_setup_controllers/lib:/home/devika/ws_moveit2/install/moveit_setup_app_plugins/lib:/home/devika/ws_moveit2/install/moveit_setup_framework/lib:/home/devika/ws_moveit2/install/moveit_servo/lib:/home/devika/ws_moveit2/install/moveit_ros_visualization/lib:/home/devika/ws_moveit2/install/moveit_hybrid_planning/lib:/home/devika/ws_moveit2/install/moveit_ros_planning_interface/lib:/home/devika/ws_moveit2/install/moveit_ros_benchmarks/lib:/home/devika/ws_moveit2/install/moveit_ros_warehouse/lib:/home/devika/ws_moveit2/install/moveit_ros_robot_interaction/lib:/home/devika/ws_moveit2/install/moveit_ros_perception/lib:/home/devika/ws_moveit2/install/moveit_ros_move_group/lib:/home/devika/ws_moveit2/install/moveit_planners_ompl/lib:/home/devika/ws_moveit2/install/moveit_ros_planning/lib:/home/devika/ws_moveit2/install/moveit_ros_occupancy_map_monitor/lib:/home/devika/ws_moveit2/install/moveit_resources_prbt_ikfast_manipulator_plugin/lib:/home/devika/ws_moveit2/install/moveit_planners_chomp/lib:/home/devika/ws_moveit2/install/moveit_kinematics/lib:/home/devika/ws_moveit2/install/moveit_chomp_optimizer_adapter/lib:/home/devika/ws_moveit2/install/chomp_motion_planner/lib:/home/devika/ws_moveit2/install/moveit_core/lib:/home/devika/ws_moveit2/install/srdfdom/lib:/home/devika/ws_moveit2/install/rviz_marker_tools/lib:/home/devika/ws_moveit2/install/rosparam_shortcuts/lib:/home/devika/ws_moveit2/install/moveit_task_constructor_msgs/lib:/usr/lib/x86_64-linux-gnu/gazebo-11/plugins:/opt/ros/humble/opt/rviz_ogre_vendor/lib:/opt/ros/humble/lib/x86_64-linux-gnu:/opt/ros/humble/lib /usr/bin/cmake --build /home/devika/robo_ws/build/hello_moveit_task_constructor -- -j8 -l8
[5.921s] Level 1:colcon.colcon_core.environment:checking '/home/devika/robo_ws/install/cylinder_position_estimator' for CMake module files
[5.922s] DEBUG:colcon.colcon_core.event_handler.log_command:Invoked command in '/home/devika/robo_ws/src/cylinder_position_estimator' returned '0': PYTHONPATH=/home/devika/robo_ws/build/cylinder_position_estimator/prefix_override:/usr/lib/python3/dist-packages/colcon_core/task/python/colcon_distutils_commands:/home/devika/robo_ws/install/cylinder_position_estimator/lib/python3.10/site-packages:${PYTHONPATH} /usr/bin/python3 -W ignore:setup.py install is deprecated -W ignore:easy_install command is deprecated setup.py egg_info --egg-base ../../build/cylinder_position_estimator build --build-base /home/devika/robo_ws/build/cylinder_position_estimator/build install --record /home/devika/robo_ws/build/cylinder_position_estimator/install.log --single-version-externally-managed install_data
[5.923s] Level 1:colcon.colcon_core.environment:checking '/home/devika/robo_ws/install/cylinder_position_estimator' for CMake config files
[5.926s] Level 1:colcon.colcon_core.environment:checking '/home/devika/robo_ws/install/cylinder_position_estimator/lib'
[5.926s] Level 1:colcon.colcon_core.environment:checking '/home/devika/robo_ws/install/cylinder_position_estimator/bin'
[5.926s] Level 1:colcon.colcon_core.environment:checking '/home/devika/robo_ws/install/cylinder_position_estimator/lib/pkgconfig/cylinder_position_estimator.pc'
[5.927s] Level 1:colcon.colcon_core.environment:checking '/home/devika/robo_ws/install/cylinder_position_estimator/lib/python3.10/site-packages'
[5.927s] Level 1:colcon.colcon_core.shell:create_environment_hook('cylinder_position_estimator', 'pythonpath')
[5.928s] INFO:colcon.colcon_core.shell:Creating environment hook '/home/devika/robo_ws/install/cylinder_position_estimator/share/cylinder_position_estimator/hook/pythonpath.ps1'
[5.930s] INFO:colcon.colcon_core.shell:Creating environment descriptor '/home/devika/robo_ws/install/cylinder_position_estimator/share/cylinder_position_estimator/hook/pythonpath.dsv'
[5.931s] INFO:colcon.colcon_core.shell:Creating environment hook '/home/devika/robo_ws/install/cylinder_position_estimator/share/cylinder_position_estimator/hook/pythonpath.sh'
[5.933s] Level 1:colcon.colcon_core.environment:checking '/home/devika/robo_ws/install/cylinder_position_estimator/bin'
[5.933s] Level 1:colcon.colcon_core.environment:create_environment_scripts_only(cylinder_position_estimator)
[5.934s] INFO:colcon.colcon_core.shell:Creating package script '/home/devika/robo_ws/install/cylinder_position_estimator/share/cylinder_position_estimator/package.ps1'
[5.935s] INFO:colcon.colcon_core.shell:Creating package descriptor '/home/devika/robo_ws/install/cylinder_position_estimator/share/cylinder_position_estimator/package.dsv'
[5.937s] INFO:colcon.colcon_core.shell:Creating package script '/home/devika/robo_ws/install/cylinder_position_estimator/share/cylinder_position_estimator/package.sh'
[5.939s] INFO:colcon.colcon_core.shell:Creating package script '/home/devika/robo_ws/install/cylinder_position_estimator/share/cylinder_position_estimator/package.bash'
[5.940s] INFO:colcon.colcon_core.shell:Creating package script '/home/devika/robo_ws/install/cylinder_position_estimator/share/cylinder_position_estimator/package.zsh'
[5.941s] Level 1:colcon.colcon_core.environment:create_file_with_runtime_dependencies(/home/devika/robo_ws/install/cylinder_position_estimator/share/colcon-core/packages/cylinder_position_estimator)
[5.954s] DEBUG:colcon.colcon_core.event_handler.log_command:Invoking command in '/home/devika/robo_ws/build/moveit_task_constructor_visualization': CMAKE_MODULE_PATH=/home/devika/robo_ws/install/moveit_task_constructor_core/share/moveit_task_constructor_core/cmake:/home/devika/robo_ws/install/warehouse_ros_mongo/share/warehouse_ros_mongo/cmake:/home/devika/ws_moveit2/install/moveit_task_constructor_core/share/moveit_task_constructor_core/cmake CMAKE_PREFIX_PATH=/home/devika/robo_ws/install/moveit_task_constructor_core:/home/devika/robo_ws/install/rviz_marker_tools:/home/devika/robo_ws/install/moveit_task_constructor_msgs:/home/devika/robo_ws/install/urdf_humble_test_moveit_config:/home/devika/robo_ws/install/warehouse_ros_mongo:/home/devika/robo_ws/install/urdf_humble_test:/home/devika/robo_ws/install/moveit_task_constructor_visualization:/home/devika/robo_ws/install/moveit_task_constructor_demo:/home/devika/robo_ws/install/moveit_task_constructor_capabilities:/home/devika/robo_ws/install/hello_moveit_task_constructor:/home/devika/robo_ws/install/hello_moveit:/home/devika/robo_ws/install/gazebo_ros2_control:/home/devika/ws_moveit2/install/pilz_industrial_motion_planner_testutils:/home/devika/ws_moveit2/install/moveit_runtime:/home/devika/ws_moveit2/install/moveit2_tutorials:/home/devika/ws_moveit2/install/moveit:/home/devika/ws_moveit2/install/moveit_planners:/home/devika/ws_moveit2/install/pilz_industrial_motion_planner:/home/devika/ws_moveit2/install/moveit_visual_tools:/home/devika/ws_moveit2/install/moveit_task_constructor_visualization:/home/devika/ws_moveit2/install/moveit_task_constructor_demo:/home/devika/ws_moveit2/install/moveit_task_constructor_capabilities:/home/devika/ws_moveit2/install/moveit_task_constructor_core:/home/devika/ws_moveit2/install/moveit_ros_control_interface:/home/devika/ws_moveit2/install/moveit_plugins:/home/devika/ws_moveit2/install/moveit_simple_controller_manager:/home/devika/ws_moveit2/install/moveit_setup_assistant:/home/devika/ws_moveit2/install/moveit_setup_srdf_plugins:/home/devika/ws_moveit2/install/moveit_setup_core_plugins:/home/devika/ws_moveit2/install/moveit_setup_controllers:/home/devika/ws_moveit2/install/moveit_setup_app_plugins:/home/devika/ws_moveit2/install/moveit_setup_framework:/home/devika/ws_moveit2/install/moveit_servo:/home/devika/ws_moveit2/install/moveit_ros:/home/devika/ws_moveit2/install/moveit_ros_visualization:/home/devika/ws_moveit2/install/moveit_hybrid_planning:/home/devika/ws_moveit2/install/moveit_ros_planning_interface:/home/devika/ws_moveit2/install/moveit_ros_benchmarks:/home/devika/ws_moveit2/install/moveit_ros_warehouse:/home/devika/ws_moveit2/install/moveit_ros_robot_interaction:/home/devika/ws_moveit2/install/moveit_ros_perception:/home/devika/ws_moveit2/install/moveit_resources_prbt_pg70_support:/home/devika/ws_moveit2/install/moveit_resources_prbt_moveit_config:/home/devika/ws_moveit2/install/moveit_ros_move_group:/home/devika/ws_moveit2/install/moveit_planners_ompl:/home/devika/ws_moveit2/install/moveit_ros_planning:/home/devika/ws_moveit2/install/moveit_ros_occupancy_map_monitor:/home/devika/ws_moveit2/install/moveit_resources_prbt_ikfast_manipulator_plugin:/home/devika/ws_moveit2/install/moveit_planners_chomp:/home/devika/ws_moveit2/install/moveit_kinematics:/home/devika/ws_moveit2/install/moveit_chomp_optimizer_adapter:/home/devika/ws_moveit2/install/chomp_motion_planner:/home/devika/ws_moveit2/install/moveit_core:/home/devika/ws_moveit2/install/srdfdom:/home/devika/ws_moveit2/install/rviz_marker_tools:/home/devika/ws_moveit2/install/rosparam_shortcuts:/home/devika/ws_moveit2/install/moveit_task_constructor_msgs:/home/devika/ws_moveit2/install/moveit_resources_prbt_support:/home/devika/ws_moveit2/install/moveit_resources:/home/devika/ws_moveit2/install/moveit_resources_pr2_description:/home/devika/ws_moveit2/install/moveit_resources_panda_moveit_config:/home/devika/ws_moveit2/install/moveit_resources_panda_description:/home/devika/ws_moveit2/install/moveit_resources_fanuc_moveit_config:/home/devika/ws_moveit2/install/moveit_resources_fanuc_description:/home/devika/ws_moveit2/install/moveit_common:/home/devika/manga_ws/install/urdf_humble_test_moveit_config:/home/devika/manga_ws/install/urdf_humble_test:/home/devika/manga_ws/install/hello_moveit:/home/devika/some_ws/install/motoman_hc10_support:/home/devika/some_ws/install/motoman_resources:/home/devika/some_ws/install/hello_moveit:/home/devika/some_ws/install/hc20_sim_moveit_config:/home/devika/some_ws/install/hc20_moveit_config:/home/devika/some_ws/install/hc10_movit2v3:/home/devika/some_ws/install/hc10dt_moveit_config:/home/devika/robo_ws/install/perception_vision:/home/devika/robo_ws/install/cylinder_position_estimator:/home/devika/ws_moveit2/install/moveit_configs_utils:/home/devika/ws_moveit2/install/launch_param_builder:/opt/ros/humble LD_LIBRARY_PATH=/home/devika/robo_ws/install/moveit_task_constructor_core/lib:/home/devika/robo_ws/install/rviz_marker_tools/lib:/home/devika/robo_ws/install/moveit_task_constructor_msgs/lib:/home/devika/robo_ws/install/warehouse_ros_mongo/lib:/home/devika/robo_ws/install/moveit_task_constructor_visualization/lib:/home/devika/robo_ws/install/moveit_task_constructor_demo/lib:/home/devika/robo_ws/install/moveit_task_constructor_capabilities/lib:/home/devika/robo_ws/install/hello_moveit_task_constructor/lib:/home/devika/robo_ws/install/gazebo_ros2_control/lib:/home/devika/ws_moveit2/install/pilz_industrial_motion_planner_testutils/lib:/home/devika/ws_moveit2/install/pilz_industrial_motion_planner/lib:/home/devika/ws_moveit2/install/moveit_visual_tools/lib:/home/devika/ws_moveit2/install/moveit_task_constructor_visualization/lib:/home/devika/ws_moveit2/install/moveit_task_constructor_demo/lib:/home/devika/ws_moveit2/install/moveit_task_constructor_capabilities/lib:/home/devika/ws_moveit2/install/moveit_task_constructor_core/lib:/home/devika/ws_moveit2/install/moveit_ros_control_interface/lib:/home/devika/ws_moveit2/install/moveit_simple_controller_manager/lib:/home/devika/ws_moveit2/install/moveit_setup_assistant/lib:/home/devika/ws_moveit2/install/moveit_setup_srdf_plugins/lib:/home/devika/ws_moveit2/install/moveit_setup_core_plugins/lib:/home/devika/ws_moveit2/install/moveit_setup_controllers/lib:/home/devika/ws_moveit2/install/moveit_setup_app_plugins/lib:/home/devika/ws_moveit2/install/moveit_setup_framework/lib:/home/devika/ws_moveit2/install/moveit_servo/lib:/home/devika/ws_moveit2/install/moveit_ros_visualization/lib:/home/devika/ws_moveit2/install/moveit_hybrid_planning/lib:/home/devika/ws_moveit2/install/moveit_ros_planning_interface/lib:/home/devika/ws_moveit2/install/moveit_ros_benchmarks/lib:/home/devika/ws_moveit2/install/moveit_ros_warehouse/lib:/home/devika/ws_moveit2/install/moveit_ros_robot_interaction/lib:/home/devika/ws_moveit2/install/moveit_ros_perception/lib:/home/devika/ws_moveit2/install/moveit_ros_move_group/lib:/home/devika/ws_moveit2/install/moveit_planners_ompl/lib:/home/devika/ws_moveit2/install/moveit_ros_planning/lib:/home/devika/ws_moveit2/install/moveit_ros_occupancy_map_monitor/lib:/home/devika/ws_moveit2/install/moveit_resources_prbt_ikfast_manipulator_plugin/lib:/home/devika/ws_moveit2/install/moveit_planners_chomp/lib:/home/devika/ws_moveit2/install/moveit_kinematics/lib:/home/devika/ws_moveit2/install/moveit_chomp_optimizer_adapter/lib:/home/devika/ws_moveit2/install/chomp_motion_planner/lib:/home/devika/ws_moveit2/install/moveit_core/lib:/home/devika/ws_moveit2/install/srdfdom/lib:/home/devika/ws_moveit2/install/rviz_marker_tools/lib:/home/devika/ws_moveit2/install/rosparam_shortcuts/lib:/home/devika/ws_moveit2/install/moveit_task_constructor_msgs/lib:/usr/lib/x86_64-linux-gnu/gazebo-11/plugins:/opt/ros/humble/opt/rviz_ogre_vendor/lib:/opt/ros/humble/lib/x86_64-linux-gnu:/opt/ros/humble/lib /usr/bin/cmake --build /home/devika/robo_ws/build/moveit_task_constructor_visualization -- -j8 -l8
[6.051s] Level 1:colcon.colcon_core.environment:checking '/home/devika/robo_ws/install/perception_vision' for CMake module files
[6.052s] DEBUG:colcon.colcon_core.event_handler.log_command:Invoked command in '/home/devika/robo_ws/src/perception_vision' returned '0': PYTHONPATH=/home/devika/robo_ws/build/perception_vision/prefix_override:/usr/lib/python3/dist-packages/colcon_core/task/python/colcon_distutils_commands:/home/devika/robo_ws/install/perception_vision/lib/python3.10/site-packages:${PYTHONPATH} /usr/bin/python3 -W ignore:setup.py install is deprecated -W ignore:easy_install command is deprecated setup.py egg_info --egg-base ../../build/perception_vision build --build-base /home/devika/robo_ws/build/perception_vision/build install --record /home/devika/robo_ws/build/perception_vision/install.log --single-version-externally-managed install_data
[6.053s] Level 1:colcon.colcon_core.environment:checking '/home/devika/robo_ws/install/perception_vision' for CMake config files
[6.055s] Level 1:colcon.colcon_core.environment:checking '/home/devika/robo_ws/install/perception_vision/lib'
[6.055s] Level 1:colcon.colcon_core.environment:checking '/home/devika/robo_ws/install/perception_vision/bin'
[6.055s] Level 1:colcon.colcon_core.environment:checking '/home/devika/robo_ws/install/perception_vision/lib/pkgconfig/perception_vision.pc'
[6.055s] Level 1:colcon.colcon_core.environment:checking '/home/devika/robo_ws/install/perception_vision/lib/python3.10/site-packages'
[6.055s] Level 1:colcon.colcon_core.shell:create_environment_hook('perception_vision', 'pythonpath')
[6.056s] INFO:colcon.colcon_core.shell:Creating environment hook '/home/devika/robo_ws/install/perception_vision/share/perception_vision/hook/pythonpath.ps1'
[6.058s] INFO:colcon.colcon_core.shell:Creating environment descriptor '/home/devika/robo_ws/install/perception_vision/share/perception_vision/hook/pythonpath.dsv'
[6.059s] INFO:colcon.colcon_core.shell:Creating environment hook '/home/devika/robo_ws/install/perception_vision/share/perception_vision/hook/pythonpath.sh'
[6.060s] Level 1:colcon.colcon_core.environment:checking '/home/devika/robo_ws/install/perception_vision/bin'
[6.061s] Level 1:colcon.colcon_core.environment:create_environment_scripts_only(perception_vision)
[6.061s] INFO:colcon.colcon_core.shell:Creating package script '/home/devika/robo_ws/install/perception_vision/share/perception_vision/package.ps1'
[6.063s] INFO:colcon.colcon_core.shell:Creating package descriptor '/home/devika/robo_ws/install/perception_vision/share/perception_vision/package.dsv'
[6.064s] INFO:colcon.colcon_core.shell:Creating package script '/home/devika/robo_ws/install/perception_vision/share/perception_vision/package.sh'
[6.067s] INFO:colcon.colcon_core.shell:Creating package script '/home/devika/robo_ws/install/perception_vision/share/perception_vision/package.bash'
[6.072s] INFO:colcon.colcon_core.shell:Creating package script '/home/devika/robo_ws/install/perception_vision/share/perception_vision/package.zsh'
[6.076s] Level 1:colcon.colcon_core.environment:create_file_with_runtime_dependencies(/home/devika/robo_ws/install/perception_vision/share/colcon-core/packages/perception_vision)
[6.522s] DEBUG:colcon.colcon_core.event_handler.log_command:Invoked command in '/home/devika/robo_ws/build/moveit_task_constructor_capabilities' returned '0': CMAKE_MODULE_PATH=/home/devika/robo_ws/install/moveit_task_constructor_core/share/moveit_task_constructor_core/cmake:/home/devika/robo_ws/install/warehouse_ros_mongo/share/warehouse_ros_mongo/cmake:/home/devika/ws_moveit2/install/moveit_task_constructor_core/share/moveit_task_constructor_core/cmake CMAKE_PREFIX_PATH=/home/devika/robo_ws/install/moveit_task_constructor_core:/home/devika/robo_ws/install/rviz_marker_tools:/home/devika/robo_ws/install/moveit_task_constructor_msgs:/home/devika/robo_ws/install/urdf_humble_test_moveit_config:/home/devika/robo_ws/install/warehouse_ros_mongo:/home/devika/robo_ws/install/urdf_humble_test:/home/devika/robo_ws/install/moveit_task_constructor_visualization:/home/devika/robo_ws/install/moveit_task_constructor_demo:/home/devika/robo_ws/install/moveit_task_constructor_capabilities:/home/devika/robo_ws/install/hello_moveit_task_constructor:/home/devika/robo_ws/install/hello_moveit:/home/devika/robo_ws/install/gazebo_ros2_control:/home/devika/ws_moveit2/install/pilz_industrial_motion_planner_testutils:/home/devika/ws_moveit2/install/moveit_runtime:/home/devika/ws_moveit2/install/moveit2_tutorials:/home/devika/ws_moveit2/install/moveit:/home/devika/ws_moveit2/install/moveit_planners:/home/devika/ws_moveit2/install/pilz_industrial_motion_planner:/home/devika/ws_moveit2/install/moveit_visual_tools:/home/devika/ws_moveit2/install/moveit_task_constructor_visualization:/home/devika/ws_moveit2/install/moveit_task_constructor_demo:/home/devika/ws_moveit2/install/moveit_task_constructor_capabilities:/home/devika/ws_moveit2/install/moveit_task_constructor_core:/home/devika/ws_moveit2/install/moveit_ros_control_interface:/home/devika/ws_moveit2/install/moveit_plugins:/home/devika/ws_moveit2/install/moveit_simple_controller_manager:/home/devika/ws_moveit2/install/moveit_setup_assistant:/home/devika/ws_moveit2/install/moveit_setup_srdf_plugins:/home/devika/ws_moveit2/install/moveit_setup_core_plugins:/home/devika/ws_moveit2/install/moveit_setup_controllers:/home/devika/ws_moveit2/install/moveit_setup_app_plugins:/home/devika/ws_moveit2/install/moveit_setup_framework:/home/devika/ws_moveit2/install/moveit_servo:/home/devika/ws_moveit2/install/moveit_ros:/home/devika/ws_moveit2/install/moveit_ros_visualization:/home/devika/ws_moveit2/install/moveit_hybrid_planning:/home/devika/ws_moveit2/install/moveit_ros_planning_interface:/home/devika/ws_moveit2/install/moveit_ros_benchmarks:/home/devika/ws_moveit2/install/moveit_ros_warehouse:/home/devika/ws_moveit2/install/moveit_ros_robot_interaction:/home/devika/ws_moveit2/install/moveit_ros_perception:/home/devika/ws_moveit2/install/moveit_resources_prbt_pg70_support:/home/devika/ws_moveit2/install/moveit_resources_prbt_moveit_config:/home/devika/ws_moveit2/install/moveit_ros_move_group:/home/devika/ws_moveit2/install/moveit_planners_ompl:/home/devika/ws_moveit2/install/moveit_ros_planning:/home/devika/ws_moveit2/install/moveit_ros_occupancy_map_monitor:/home/devika/ws_moveit2/install/moveit_resources_prbt_ikfast_manipulator_plugin:/home/devika/ws_moveit2/install/moveit_planners_chomp:/home/devika/ws_moveit2/install/moveit_kinematics:/home/devika/ws_moveit2/install/moveit_chomp_optimizer_adapter:/home/devika/ws_moveit2/install/chomp_motion_planner:/home/devika/ws_moveit2/install/moveit_core:/home/devika/ws_moveit2/install/srdfdom:/home/devika/ws_moveit2/install/rviz_marker_tools:/home/devika/ws_moveit2/install/rosparam_shortcuts:/home/devika/ws_moveit2/install/moveit_task_constructor_msgs:/home/devika/ws_moveit2/install/moveit_resources_prbt_support:/home/devika/ws_moveit2/install/moveit_resources:/home/devika/ws_moveit2/install/moveit_resources_pr2_description:/home/devika/ws_moveit2/install/moveit_resources_panda_moveit_config:/home/devika/ws_moveit2/install/moveit_resources_panda_description:/home/devika/ws_moveit2/install/moveit_resources_fanuc_moveit_config:/home/devika/ws_moveit2/install/moveit_resources_fanuc_description:/home/devika/ws_moveit2/install/moveit_common:/home/devika/manga_ws/install/urdf_humble_test_moveit_config:/home/devika/manga_ws/install/urdf_humble_test:/home/devika/manga_ws/install/hello_moveit:/home/devika/some_ws/install/motoman_hc10_support:/home/devika/some_ws/install/motoman_resources:/home/devika/some_ws/install/hello_moveit:/home/devika/some_ws/install/hc20_sim_moveit_config:/home/devika/some_ws/install/hc20_moveit_config:/home/devika/some_ws/install/hc10_movit2v3:/home/devika/some_ws/install/hc10dt_moveit_config:/home/devika/robo_ws/install/perception_vision:/home/devika/robo_ws/install/cylinder_position_estimator:/home/devika/ws_moveit2/install/moveit_configs_utils:/home/devika/ws_moveit2/install/launch_param_builder:/opt/ros/humble LD_LIBRARY_PATH=/home/devika/robo_ws/install/moveit_task_constructor_core/lib:/home/devika/robo_ws/install/rviz_marker_tools/lib:/home/devika/robo_ws/install/moveit_task_constructor_msgs/lib:/home/devika/robo_ws/install/warehouse_ros_mongo/lib:/home/devika/robo_ws/install/moveit_task_constructor_visualization/lib:/home/devika/robo_ws/install/moveit_task_constructor_demo/lib:/home/devika/robo_ws/install/moveit_task_constructor_capabilities/lib:/home/devika/robo_ws/install/hello_moveit_task_constructor/lib:/home/devika/robo_ws/install/gazebo_ros2_control/lib:/home/devika/ws_moveit2/install/pilz_industrial_motion_planner_testutils/lib:/home/devika/ws_moveit2/install/pilz_industrial_motion_planner/lib:/home/devika/ws_moveit2/install/moveit_visual_tools/lib:/home/devika/ws_moveit2/install/moveit_task_constructor_visualization/lib:/home/devika/ws_moveit2/install/moveit_task_constructor_demo/lib:/home/devika/ws_moveit2/install/moveit_task_constructor_capabilities/lib:/home/devika/ws_moveit2/install/moveit_task_constructor_core/lib:/home/devika/ws_moveit2/install/moveit_ros_control_interface/lib:/home/devika/ws_moveit2/install/moveit_simple_controller_manager/lib:/home/devika/ws_moveit2/install/moveit_setup_assistant/lib:/home/devika/ws_moveit2/install/moveit_setup_srdf_plugins/lib:/home/devika/ws_moveit2/install/moveit_setup_core_plugins/lib:/home/devika/ws_moveit2/install/moveit_setup_controllers/lib:/home/devika/ws_moveit2/install/moveit_setup_app_plugins/lib:/home/devika/ws_moveit2/install/moveit_setup_framework/lib:/home/devika/ws_moveit2/install/moveit_servo/lib:/home/devika/ws_moveit2/install/moveit_ros_visualization/lib:/home/devika/ws_moveit2/install/moveit_hybrid_planning/lib:/home/devika/ws_moveit2/install/moveit_ros_planning_interface/lib:/home/devika/ws_moveit2/install/moveit_ros_benchmarks/lib:/home/devika/ws_moveit2/install/moveit_ros_warehouse/lib:/home/devika/ws_moveit2/install/moveit_ros_robot_interaction/lib:/home/devika/ws_moveit2/install/moveit_ros_perception/lib:/home/devika/ws_moveit2/install/moveit_ros_move_group/lib:/home/devika/ws_moveit2/install/moveit_planners_ompl/lib:/home/devika/ws_moveit2/install/moveit_ros_planning/lib:/home/devika/ws_moveit2/install/moveit_ros_occupancy_map_monitor/lib:/home/devika/ws_moveit2/install/moveit_resources_prbt_ikfast_manipulator_plugin/lib:/home/devika/ws_moveit2/install/moveit_planners_chomp/lib:/home/devika/ws_moveit2/install/moveit_kinematics/lib:/home/devika/ws_moveit2/install/moveit_chomp_optimizer_adapter/lib:/home/devika/ws_moveit2/install/chomp_motion_planner/lib:/home/devika/ws_moveit2/install/moveit_core/lib:/home/devika/ws_moveit2/install/srdfdom/lib:/home/devika/ws_moveit2/install/rviz_marker_tools/lib:/home/devika/ws_moveit2/install/rosparam_shortcuts/lib:/home/devika/ws_moveit2/install/moveit_task_constructor_msgs/lib:/usr/lib/x86_64-linux-gnu/gazebo-11/plugins:/opt/ros/humble/opt/rviz_ogre_vendor/lib:/opt/ros/humble/lib/x86_64-linux-gnu:/opt/ros/humble/lib /usr/bin/cmake --build /home/devika/robo_ws/build/moveit_task_constructor_capabilities -- -j8 -l8
[6.530s] DEBUG:colcon.colcon_core.event_handler.log_command:Invoking command in '/home/devika/robo_ws/build/moveit_task_constructor_capabilities': CMAKE_MODULE_PATH=/home/devika/robo_ws/install/moveit_task_constructor_core/share/moveit_task_constructor_core/cmake:/home/devika/robo_ws/install/warehouse_ros_mongo/share/warehouse_ros_mongo/cmake:/home/devika/ws_moveit2/install/moveit_task_constructor_core/share/moveit_task_constructor_core/cmake CMAKE_PREFIX_PATH=/home/devika/robo_ws/install/moveit_task_constructor_core:/home/devika/robo_ws/install/rviz_marker_tools:/home/devika/robo_ws/install/moveit_task_constructor_msgs:/home/devika/robo_ws/install/urdf_humble_test_moveit_config:/home/devika/robo_ws/install/warehouse_ros_mongo:/home/devika/robo_ws/install/urdf_humble_test:/home/devika/robo_ws/install/moveit_task_constructor_visualization:/home/devika/robo_ws/install/moveit_task_constructor_demo:/home/devika/robo_ws/install/moveit_task_constructor_capabilities:/home/devika/robo_ws/install/hello_moveit_task_constructor:/home/devika/robo_ws/install/hello_moveit:/home/devika/robo_ws/install/gazebo_ros2_control:/home/devika/ws_moveit2/install/pilz_industrial_motion_planner_testutils:/home/devika/ws_moveit2/install/moveit_runtime:/home/devika/ws_moveit2/install/moveit2_tutorials:/home/devika/ws_moveit2/install/moveit:/home/devika/ws_moveit2/install/moveit_planners:/home/devika/ws_moveit2/install/pilz_industrial_motion_planner:/home/devika/ws_moveit2/install/moveit_visual_tools:/home/devika/ws_moveit2/install/moveit_task_constructor_visualization:/home/devika/ws_moveit2/install/moveit_task_constructor_demo:/home/devika/ws_moveit2/install/moveit_task_constructor_capabilities:/home/devika/ws_moveit2/install/moveit_task_constructor_core:/home/devika/ws_moveit2/install/moveit_ros_control_interface:/home/devika/ws_moveit2/install/moveit_plugins:/home/devika/ws_moveit2/install/moveit_simple_controller_manager:/home/devika/ws_moveit2/install/moveit_setup_assistant:/home/devika/ws_moveit2/install/moveit_setup_srdf_plugins:/home/devika/ws_moveit2/install/moveit_setup_core_plugins:/home/devika/ws_moveit2/install/moveit_setup_controllers:/home/devika/ws_moveit2/install/moveit_setup_app_plugins:/home/devika/ws_moveit2/install/moveit_setup_framework:/home/devika/ws_moveit2/install/moveit_servo:/home/devika/ws_moveit2/install/moveit_ros:/home/devika/ws_moveit2/install/moveit_ros_visualization:/home/devika/ws_moveit2/install/moveit_hybrid_planning:/home/devika/ws_moveit2/install/moveit_ros_planning_interface:/home/devika/ws_moveit2/install/moveit_ros_benchmarks:/home/devika/ws_moveit2/install/moveit_ros_warehouse:/home/devika/ws_moveit2/install/moveit_ros_robot_interaction:/home/devika/ws_moveit2/install/moveit_ros_perception:/home/devika/ws_moveit2/install/moveit_resources_prbt_pg70_support:/home/devika/ws_moveit2/install/moveit_resources_prbt_moveit_config:/home/devika/ws_moveit2/install/moveit_ros_move_group:/home/devika/ws_moveit2/install/moveit_planners_ompl:/home/devika/ws_moveit2/install/moveit_ros_planning:/home/devika/ws_moveit2/install/moveit_ros_occupancy_map_monitor:/home/devika/ws_moveit2/install/moveit_resources_prbt_ikfast_manipulator_plugin:/home/devika/ws_moveit2/install/moveit_planners_chomp:/home/devika/ws_moveit2/install/moveit_kinematics:/home/devika/ws_moveit2/install/moveit_chomp_optimizer_adapter:/home/devika/ws_moveit2/install/chomp_motion_planner:/home/devika/ws_moveit2/install/moveit_core:/home/devika/ws_moveit2/install/srdfdom:/home/devika/ws_moveit2/install/rviz_marker_tools:/home/devika/ws_moveit2/install/rosparam_shortcuts:/home/devika/ws_moveit2/install/moveit_task_constructor_msgs:/home/devika/ws_moveit2/install/moveit_resources_prbt_support:/home/devika/ws_moveit2/install/moveit_resources:/home/devika/ws_moveit2/install/moveit_resources_pr2_description:/home/devika/ws_moveit2/install/moveit_resources_panda_moveit_config:/home/devika/ws_moveit2/install/moveit_resources_panda_description:/home/devika/ws_moveit2/install/moveit_resources_fanuc_moveit_config:/home/devika/ws_moveit2/install/moveit_resources_fanuc_description:/home/devika/ws_moveit2/install/moveit_common:/home/devika/manga_ws/install/urdf_humble_test_moveit_config:/home/devika/manga_ws/install/urdf_humble_test:/home/devika/manga_ws/install/hello_moveit:/home/devika/some_ws/install/motoman_hc10_support:/home/devika/some_ws/install/motoman_resources:/home/devika/some_ws/install/hello_moveit:/home/devika/some_ws/install/hc20_sim_moveit_config:/home/devika/some_ws/install/hc20_moveit_config:/home/devika/some_ws/install/hc10_movit2v3:/home/devika/some_ws/install/hc10dt_moveit_config:/home/devika/robo_ws/install/perception_vision:/home/devika/robo_ws/install/cylinder_position_estimator:/home/devika/ws_moveit2/install/moveit_configs_utils:/home/devika/ws_moveit2/install/launch_param_builder:/opt/ros/humble LD_LIBRARY_PATH=/home/devika/robo_ws/install/moveit_task_constructor_core/lib:/home/devika/robo_ws/install/rviz_marker_tools/lib:/home/devika/robo_ws/install/moveit_task_constructor_msgs/lib:/home/devika/robo_ws/install/warehouse_ros_mongo/lib:/home/devika/robo_ws/install/moveit_task_constructor_visualization/lib:/home/devika/robo_ws/install/moveit_task_constructor_demo/lib:/home/devika/robo_ws/install/moveit_task_constructor_capabilities/lib:/home/devika/robo_ws/install/hello_moveit_task_constructor/lib:/home/devika/robo_ws/install/gazebo_ros2_control/lib:/home/devika/ws_moveit2/install/pilz_industrial_motion_planner_testutils/lib:/home/devika/ws_moveit2/install/pilz_industrial_motion_planner/lib:/home/devika/ws_moveit2/install/moveit_visual_tools/lib:/home/devika/ws_moveit2/install/moveit_task_constructor_visualization/lib:/home/devika/ws_moveit2/install/moveit_task_constructor_demo/lib:/home/devika/ws_moveit2/install/moveit_task_constructor_capabilities/lib:/home/devika/ws_moveit2/install/moveit_task_constructor_core/lib:/home/devika/ws_moveit2/install/moveit_ros_control_interface/lib:/home/devika/ws_moveit2/install/moveit_simple_controller_manager/lib:/home/devika/ws_moveit2/install/moveit_setup_assistant/lib:/home/devika/ws_moveit2/install/moveit_setup_srdf_plugins/lib:/home/devika/ws_moveit2/install/moveit_setup_core_plugins/lib:/home/devika/ws_moveit2/install/moveit_setup_controllers/lib:/home/devika/ws_moveit2/install/moveit_setup_app_plugins/lib:/home/devika/ws_moveit2/install/moveit_setup_framework/lib:/home/devika/ws_moveit2/install/moveit_servo/lib:/home/devika/ws_moveit2/install/moveit_ros_visualization/lib:/home/devika/ws_moveit2/install/moveit_hybrid_planning/lib:/home/devika/ws_moveit2/install/moveit_ros_planning_interface/lib:/home/devika/ws_moveit2/install/moveit_ros_benchmarks/lib:/home/devika/ws_moveit2/install/moveit_ros_warehouse/lib:/home/devika/ws_moveit2/install/moveit_ros_robot_interaction/lib:/home/devika/ws_moveit2/install/moveit_ros_perception/lib:/home/devika/ws_moveit2/install/moveit_ros_move_group/lib:/home/devika/ws_moveit2/install/moveit_planners_ompl/lib:/home/devika/ws_moveit2/install/moveit_ros_planning/lib:/home/devika/ws_moveit2/install/moveit_ros_occupancy_map_monitor/lib:/home/devika/ws_moveit2/install/moveit_resources_prbt_ikfast_manipulator_plugin/lib:/home/devika/ws_moveit2/install/moveit_planners_chomp/lib:/home/devika/ws_moveit2/install/moveit_kinematics/lib:/home/devika/ws_moveit2/install/moveit_chomp_optimizer_adapter/lib:/home/devika/ws_moveit2/install/chomp_motion_planner/lib:/home/devika/ws_moveit2/install/moveit_core/lib:/home/devika/ws_moveit2/install/srdfdom/lib:/home/devika/ws_moveit2/install/rviz_marker_tools/lib:/home/devika/ws_moveit2/install/rosparam_shortcuts/lib:/home/devika/ws_moveit2/install/moveit_task_constructor_msgs/lib:/usr/lib/x86_64-linux-gnu/gazebo-11/plugins:/opt/ros/humble/opt/rviz_ogre_vendor/lib:/opt/ros/humble/lib/x86_64-linux-gnu:/opt/ros/humble/lib /usr/bin/cmake --install /home/devika/robo_ws/build/moveit_task_constructor_capabilities
[6.601s] Level 1:colcon.colcon_core.environment:create_environment_scripts_only(moveit_task_constructor_capabilities)
[6.603s] Level 1:colcon.colcon_core.environment:checking '/home/devika/robo_ws/install/moveit_task_constructor_capabilities' for CMake module files
[6.605s] DEBUG:colcon.colcon_core.event_handler.log_command:Invoked command in '/home/devika/robo_ws/build/moveit_task_constructor_capabilities' returned '0': CMAKE_MODULE_PATH=/home/devika/robo_ws/install/moveit_task_constructor_core/share/moveit_task_constructor_core/cmake:/home/devika/robo_ws/install/warehouse_ros_mongo/share/warehouse_ros_mongo/cmake:/home/devika/ws_moveit2/install/moveit_task_constructor_core/share/moveit_task_constructor_core/cmake CMAKE_PREFIX_PATH=/home/devika/robo_ws/install/moveit_task_constructor_core:/home/devika/robo_ws/install/rviz_marker_tools:/home/devika/robo_ws/install/moveit_task_constructor_msgs:/home/devika/robo_ws/install/urdf_humble_test_moveit_config:/home/devika/robo_ws/install/warehouse_ros_mongo:/home/devika/robo_ws/install/urdf_humble_test:/home/devika/robo_ws/install/moveit_task_constructor_visualization:/home/devika/robo_ws/install/moveit_task_constructor_demo:/home/devika/robo_ws/install/moveit_task_constructor_capabilities:/home/devika/robo_ws/install/hello_moveit_task_constructor:/home/devika/robo_ws/install/hello_moveit:/home/devika/robo_ws/install/gazebo_ros2_control:/home/devika/ws_moveit2/install/pilz_industrial_motion_planner_testutils:/home/devika/ws_moveit2/install/moveit_runtime:/home/devika/ws_moveit2/install/moveit2_tutorials:/home/devika/ws_moveit2/install/moveit:/home/devika/ws_moveit2/install/moveit_planners:/home/devika/ws_moveit2/install/pilz_industrial_motion_planner:/home/devika/ws_moveit2/install/moveit_visual_tools:/home/devika/ws_moveit2/install/moveit_task_constructor_visualization:/home/devika/ws_moveit2/install/moveit_task_constructor_demo:/home/devika/ws_moveit2/install/moveit_task_constructor_capabilities:/home/devika/ws_moveit2/install/moveit_task_constructor_core:/home/devika/ws_moveit2/install/moveit_ros_control_interface:/home/devika/ws_moveit2/install/moveit_plugins:/home/devika/ws_moveit2/install/moveit_simple_controller_manager:/home/devika/ws_moveit2/install/moveit_setup_assistant:/home/devika/ws_moveit2/install/moveit_setup_srdf_plugins:/home/devika/ws_moveit2/install/moveit_setup_core_plugins:/home/devika/ws_moveit2/install/moveit_setup_controllers:/home/devika/ws_moveit2/install/moveit_setup_app_plugins:/home/devika/ws_moveit2/install/moveit_setup_framework:/home/devika/ws_moveit2/install/moveit_servo:/home/devika/ws_moveit2/install/moveit_ros:/home/devika/ws_moveit2/install/moveit_ros_visualization:/home/devika/ws_moveit2/install/moveit_hybrid_planning:/home/devika/ws_moveit2/install/moveit_ros_planning_interface:/home/devika/ws_moveit2/install/moveit_ros_benchmarks:/home/devika/ws_moveit2/install/moveit_ros_warehouse:/home/devika/ws_moveit2/install/moveit_ros_robot_interaction:/home/devika/ws_moveit2/install/moveit_ros_perception:/home/devika/ws_moveit2/install/moveit_resources_prbt_pg70_support:/home/devika/ws_moveit2/install/moveit_resources_prbt_moveit_config:/home/devika/ws_moveit2/install/moveit_ros_move_group:/home/devika/ws_moveit2/install/moveit_planners_ompl:/home/devika/ws_moveit2/install/moveit_ros_planning:/home/devika/ws_moveit2/install/moveit_ros_occupancy_map_monitor:/home/devika/ws_moveit2/install/moveit_resources_prbt_ikfast_manipulator_plugin:/home/devika/ws_moveit2/install/moveit_planners_chomp:/home/devika/ws_moveit2/install/moveit_kinematics:/home/devika/ws_moveit2/install/moveit_chomp_optimizer_adapter:/home/devika/ws_moveit2/install/chomp_motion_planner:/home/devika/ws_moveit2/install/moveit_core:/home/devika/ws_moveit2/install/srdfdom:/home/devika/ws_moveit2/install/rviz_marker_tools:/home/devika/ws_moveit2/install/rosparam_shortcuts:/home/devika/ws_moveit2/install/moveit_task_constructor_msgs:/home/devika/ws_moveit2/install/moveit_resources_prbt_support:/home/devika/ws_moveit2/install/moveit_resources:/home/devika/ws_moveit2/install/moveit_resources_pr2_description:/home/devika/ws_moveit2/install/moveit_resources_panda_moveit_config:/home/devika/ws_moveit2/install/moveit_resources_panda_description:/home/devika/ws_moveit2/install/moveit_resources_fanuc_moveit_config:/home/devika/ws_moveit2/install/moveit_resources_fanuc_description:/home/devika/ws_moveit2/install/moveit_common:/home/devika/manga_ws/install/urdf_humble_test_moveit_config:/home/devika/manga_ws/install/urdf_humble_test:/home/devika/manga_ws/install/hello_moveit:/home/devika/some_ws/install/motoman_hc10_support:/home/devika/some_ws/install/motoman_resources:/home/devika/some_ws/install/hello_moveit:/home/devika/some_ws/install/hc20_sim_moveit_config:/home/devika/some_ws/install/hc20_moveit_config:/home/devika/some_ws/install/hc10_movit2v3:/home/devika/some_ws/install/hc10dt_moveit_config:/home/devika/robo_ws/install/perception_vision:/home/devika/robo_ws/install/cylinder_position_estimator:/home/devika/ws_moveit2/install/moveit_configs_utils:/home/devika/ws_moveit2/install/launch_param_builder:/opt/ros/humble LD_LIBRARY_PATH=/home/devika/robo_ws/install/moveit_task_constructor_core/lib:/home/devika/robo_ws/install/rviz_marker_tools/lib:/home/devika/robo_ws/install/moveit_task_constructor_msgs/lib:/home/devika/robo_ws/install/warehouse_ros_mongo/lib:/home/devika/robo_ws/install/moveit_task_constructor_visualization/lib:/home/devika/robo_ws/install/moveit_task_constructor_demo/lib:/home/devika/robo_ws/install/moveit_task_constructor_capabilities/lib:/home/devika/robo_ws/install/hello_moveit_task_constructor/lib:/home/devika/robo_ws/install/gazebo_ros2_control/lib:/home/devika/ws_moveit2/install/pilz_industrial_motion_planner_testutils/lib:/home/devika/ws_moveit2/install/pilz_industrial_motion_planner/lib:/home/devika/ws_moveit2/install/moveit_visual_tools/lib:/home/devika/ws_moveit2/install/moveit_task_constructor_visualization/lib:/home/devika/ws_moveit2/install/moveit_task_constructor_demo/lib:/home/devika/ws_moveit2/install/moveit_task_constructor_capabilities/lib:/home/devika/ws_moveit2/install/moveit_task_constructor_core/lib:/home/devika/ws_moveit2/install/moveit_ros_control_interface/lib:/home/devika/ws_moveit2/install/moveit_simple_controller_manager/lib:/home/devika/ws_moveit2/install/moveit_setup_assistant/lib:/home/devika/ws_moveit2/install/moveit_setup_srdf_plugins/lib:/home/devika/ws_moveit2/install/moveit_setup_core_plugins/lib:/home/devika/ws_moveit2/install/moveit_setup_controllers/lib:/home/devika/ws_moveit2/install/moveit_setup_app_plugins/lib:/home/devika/ws_moveit2/install/moveit_setup_framework/lib:/home/devika/ws_moveit2/install/moveit_servo/lib:/home/devika/ws_moveit2/install/moveit_ros_visualization/lib:/home/devika/ws_moveit2/install/moveit_hybrid_planning/lib:/home/devika/ws_moveit2/install/moveit_ros_planning_interface/lib:/home/devika/ws_moveit2/install/moveit_ros_benchmarks/lib:/home/devika/ws_moveit2/install/moveit_ros_warehouse/lib:/home/devika/ws_moveit2/install/moveit_ros_robot_interaction/lib:/home/devika/ws_moveit2/install/moveit_ros_perception/lib:/home/devika/ws_moveit2/install/moveit_ros_move_group/lib:/home/devika/ws_moveit2/install/moveit_planners_ompl/lib:/home/devika/ws_moveit2/install/moveit_ros_planning/lib:/home/devika/ws_moveit2/install/moveit_ros_occupancy_map_monitor/lib:/home/devika/ws_moveit2/install/moveit_resources_prbt_ikfast_manipulator_plugin/lib:/home/devika/ws_moveit2/install/moveit_planners_chomp/lib:/home/devika/ws_moveit2/install/moveit_kinematics/lib:/home/devika/ws_moveit2/install/moveit_chomp_optimizer_adapter/lib:/home/devika/ws_moveit2/install/chomp_motion_planner/lib:/home/devika/ws_moveit2/install/moveit_core/lib:/home/devika/ws_moveit2/install/srdfdom/lib:/home/devika/ws_moveit2/install/rviz_marker_tools/lib:/home/devika/ws_moveit2/install/rosparam_shortcuts/lib:/home/devika/ws_moveit2/install/moveit_task_constructor_msgs/lib:/usr/lib/x86_64-linux-gnu/gazebo-11/plugins:/opt/ros/humble/opt/rviz_ogre_vendor/lib:/opt/ros/humble/lib/x86_64-linux-gnu:/opt/ros/humble/lib /usr/bin/cmake --install /home/devika/robo_ws/build/moveit_task_constructor_capabilities
[6.606s] Level 1:colcon.colcon_core.environment:checking '/home/devika/robo_ws/install/moveit_task_constructor_capabilities' for CMake config files
[6.606s] Level 1:colcon.colcon_core.shell:create_environment_hook('moveit_task_constructor_capabilities', 'cmake_prefix_path')
[6.607s] INFO:colcon.colcon_core.shell:Creating environment hook '/home/devika/robo_ws/install/moveit_task_constructor_capabilities/share/moveit_task_constructor_capabilities/hook/cmake_prefix_path.ps1'
[6.608s] INFO:colcon.colcon_core.shell:Creating environment descriptor '/home/devika/robo_ws/install/moveit_task_constructor_capabilities/share/moveit_task_constructor_capabilities/hook/cmake_prefix_path.dsv'
[6.611s] INFO:colcon.colcon_core.shell:Creating environment hook '/home/devika/robo_ws/install/moveit_task_constructor_capabilities/share/moveit_task_constructor_capabilities/hook/cmake_prefix_path.sh'
[6.616s] Level 1:colcon.colcon_core.environment:checking '/home/devika/robo_ws/install/moveit_task_constructor_capabilities/lib'
[6.617s] Level 1:colcon.colcon_core.shell:create_environment_hook('moveit_task_constructor_capabilities', 'ld_library_path_lib')
[6.620s] INFO:colcon.colcon_core.shell:Creating environment hook '/home/devika/robo_ws/install/moveit_task_constructor_capabilities/share/moveit_task_constructor_capabilities/hook/ld_library_path_lib.ps1'
[6.624s] INFO:colcon.colcon_core.shell:Creating environment descriptor '/home/devika/robo_ws/install/moveit_task_constructor_capabilities/share/moveit_task_constructor_capabilities/hook/ld_library_path_lib.dsv'
[6.626s] INFO:colcon.colcon_core.shell:Creating environment hook '/home/devika/robo_ws/install/moveit_task_constructor_capabilities/share/moveit_task_constructor_capabilities/hook/ld_library_path_lib.sh'
[6.631s] Level 1:colcon.colcon_core.environment:checking '/home/devika/robo_ws/install/moveit_task_constructor_capabilities/bin'
[6.633s] Level 1:colcon.colcon_core.environment:checking '/home/devika/robo_ws/install/moveit_task_constructor_capabilities/lib/pkgconfig/moveit_task_constructor_capabilities.pc'
[6.633s] Level 1:colcon.colcon_core.environment:checking '/home/devika/robo_ws/install/moveit_task_constructor_capabilities/lib/python3.10/site-packages'
[6.634s] Level 1:colcon.colcon_core.environment:checking '/home/devika/robo_ws/install/moveit_task_constructor_capabilities/bin'
[6.635s] INFO:colcon.colcon_core.shell:Creating package script '/home/devika/robo_ws/install/moveit_task_constructor_capabilities/share/moveit_task_constructor_capabilities/package.ps1'
[6.636s] INFO:colcon.colcon_core.shell:Creating package descriptor '/home/devika/robo_ws/install/moveit_task_constructor_capabilities/share/moveit_task_constructor_capabilities/package.dsv'
[6.638s] INFO:colcon.colcon_core.shell:Creating package script '/home/devika/robo_ws/install/moveit_task_constructor_capabilities/share/moveit_task_constructor_capabilities/package.sh'
[6.639s] INFO:colcon.colcon_core.shell:Creating package script '/home/devika/robo_ws/install/moveit_task_constructor_capabilities/share/moveit_task_constructor_capabilities/package.bash'
[6.642s] INFO:colcon.colcon_core.shell:Creating package script '/home/devika/robo_ws/install/moveit_task_constructor_capabilities/share/moveit_task_constructor_capabilities/package.zsh'
[6.643s] Level 1:colcon.colcon_core.environment:create_file_with_runtime_dependencies(/home/devika/robo_ws/install/moveit_task_constructor_capabilities/share/colcon-core/packages/moveit_task_constructor_capabilities)
[6.647s] Level 1:colcon.colcon_core.environment:create_environment_scripts_only(moveit_task_constructor_capabilities)
[6.648s] Level 1:colcon.colcon_core.environment:checking '/home/devika/robo_ws/install/moveit_task_constructor_capabilities' for CMake module files
[6.649s] Level 1:colcon.colcon_core.environment:checking '/home/devika/robo_ws/install/moveit_task_constructor_capabilities' for CMake config files
[6.650s] Level 1:colcon.colcon_core.shell:create_environment_hook('moveit_task_constructor_capabilities', 'cmake_prefix_path')
[6.652s] INFO:colcon.colcon_core.shell:Creating environment hook '/home/devika/robo_ws/install/moveit_task_constructor_capabilities/share/moveit_task_constructor_capabilities/hook/cmake_prefix_path.ps1'
[6.655s] INFO:colcon.colcon_core.shell:Creating environment descriptor '/home/devika/robo_ws/install/moveit_task_constructor_capabilities/share/moveit_task_constructor_capabilities/hook/cmake_prefix_path.dsv'
[6.656s] INFO:colcon.colcon_core.shell:Creating environment hook '/home/devika/robo_ws/install/moveit_task_constructor_capabilities/share/moveit_task_constructor_capabilities/hook/cmake_prefix_path.sh'
[6.658s] Level 1:colcon.colcon_core.environment:checking '/home/devika/robo_ws/install/moveit_task_constructor_capabilities/lib'
[6.658s] Level 1:colcon.colcon_core.shell:create_environment_hook('moveit_task_constructor_capabilities', 'ld_library_path_lib')
[6.659s] INFO:colcon.colcon_core.shell:Creating environment hook '/home/devika/robo_ws/install/moveit_task_constructor_capabilities/share/moveit_task_constructor_capabilities/hook/ld_library_path_lib.ps1'
[6.662s] INFO:colcon.colcon_core.shell:Creating environment descriptor '/home/devika/robo_ws/install/moveit_task_constructor_capabilities/share/moveit_task_constructor_capabilities/hook/ld_library_path_lib.dsv'
[6.664s] INFO:colcon.colcon_core.shell:Creating environment hook '/home/devika/robo_ws/install/moveit_task_constructor_capabilities/share/moveit_task_constructor_capabilities/hook/ld_library_path_lib.sh'
[6.666s] Level 1:colcon.colcon_core.environment:checking '/home/devika/robo_ws/install/moveit_task_constructor_capabilities/bin'
[6.667s] Level 1:colcon.colcon_core.environment:checking '/home/devika/robo_ws/install/moveit_task_constructor_capabilities/lib/pkgconfig/moveit_task_constructor_capabilities.pc'
[6.667s] Level 1:colcon.colcon_core.environment:checking '/home/devika/robo_ws/install/moveit_task_constructor_capabilities/lib/python3.10/site-packages'
[6.668s] Level 1:colcon.colcon_core.environment:checking '/home/devika/robo_ws/install/moveit_task_constructor_capabilities/bin'
[6.669s] INFO:colcon.colcon_core.shell:Creating package script '/home/devika/robo_ws/install/moveit_task_constructor_capabilities/share/moveit_task_constructor_capabilities/package.ps1'
[6.671s] INFO:colcon.colcon_core.shell:Creating package descriptor '/home/devika/robo_ws/install/moveit_task_constructor_capabilities/share/moveit_task_constructor_capabilities/package.dsv'
[6.673s] INFO:colcon.colcon_core.shell:Creating package script '/home/devika/robo_ws/install/moveit_task_constructor_capabilities/share/moveit_task_constructor_capabilities/package.sh'
[6.676s] INFO:colcon.colcon_core.shell:Creating package script '/home/devika/robo_ws/install/moveit_task_constructor_capabilities/share/moveit_task_constructor_capabilities/package.bash'
[6.678s] INFO:colcon.colcon_core.shell:Creating package script '/home/devika/robo_ws/install/moveit_task_constructor_capabilities/share/moveit_task_constructor_capabilities/package.zsh'
[6.679s] Level 1:colcon.colcon_core.environment:create_file_with_runtime_dependencies(/home/devika/robo_ws/install/moveit_task_constructor_capabilities/share/colcon-core/packages/moveit_task_constructor_capabilities)
[6.680s] INFO:colcon.colcon_ros.task.ament_cmake.build:Building ROS package in '/home/devika/robo_ws/src/moveit_task_constructor/demo' with build type 'ament_cmake'
[6.680s] INFO:colcon.colcon_cmake.task.cmake.build:Building CMake package in '/home/devika/robo_ws/src/moveit_task_constructor/demo'
[6.681s] INFO:colcon.colcon_core.shell:Skip shell extension 'powershell' for command environment: Not usable outside of PowerShell
[6.681s] DEBUG:colcon.colcon_core.shell:Skip shell extension 'dsv' for command environment
[6.783s] DEBUG:colcon.colcon_core.event_handler.log_command:Invoking command in '/home/devika/robo_ws/build/moveit_task_constructor_demo': CMAKE_MODULE_PATH=/home/devika/robo_ws/install/moveit_task_constructor_core/share/moveit_task_constructor_core/cmake:/home/devika/robo_ws/install/warehouse_ros_mongo/share/warehouse_ros_mongo/cmake:/home/devika/ws_moveit2/install/moveit_task_constructor_core/share/moveit_task_constructor_core/cmake CMAKE_PREFIX_PATH=/home/devika/robo_ws/install/moveit_task_constructor_capabilities:/home/devika/robo_ws/install/moveit_task_constructor_core:/home/devika/robo_ws/install/rviz_marker_tools:/home/devika/robo_ws/install/moveit_task_constructor_msgs:/home/devika/robo_ws/install/urdf_humble_test_moveit_config:/home/devika/robo_ws/install/warehouse_ros_mongo:/home/devika/robo_ws/install/urdf_humble_test:/home/devika/robo_ws/install/moveit_task_constructor_visualization:/home/devika/robo_ws/install/moveit_task_constructor_demo:/home/devika/robo_ws/install/hello_moveit_task_constructor:/home/devika/robo_ws/install/hello_moveit:/home/devika/robo_ws/install/gazebo_ros2_control:/home/devika/ws_moveit2/install/pilz_industrial_motion_planner_testutils:/home/devika/ws_moveit2/install/moveit_runtime:/home/devika/ws_moveit2/install/moveit2_tutorials:/home/devika/ws_moveit2/install/moveit:/home/devika/ws_moveit2/install/moveit_planners:/home/devika/ws_moveit2/install/pilz_industrial_motion_planner:/home/devika/ws_moveit2/install/moveit_visual_tools:/home/devika/ws_moveit2/install/moveit_task_constructor_visualization:/home/devika/ws_moveit2/install/moveit_task_constructor_demo:/home/devika/ws_moveit2/install/moveit_task_constructor_capabilities:/home/devika/ws_moveit2/install/moveit_task_constructor_core:/home/devika/ws_moveit2/install/moveit_ros_control_interface:/home/devika/ws_moveit2/install/moveit_plugins:/home/devika/ws_moveit2/install/moveit_simple_controller_manager:/home/devika/ws_moveit2/install/moveit_setup_assistant:/home/devika/ws_moveit2/install/moveit_setup_srdf_plugins:/home/devika/ws_moveit2/install/moveit_setup_core_plugins:/home/devika/ws_moveit2/install/moveit_setup_controllers:/home/devika/ws_moveit2/install/moveit_setup_app_plugins:/home/devika/ws_moveit2/install/moveit_setup_framework:/home/devika/ws_moveit2/install/moveit_servo:/home/devika/ws_moveit2/install/moveit_ros:/home/devika/ws_moveit2/install/moveit_ros_visualization:/home/devika/ws_moveit2/install/moveit_hybrid_planning:/home/devika/ws_moveit2/install/moveit_ros_planning_interface:/home/devika/ws_moveit2/install/moveit_ros_benchmarks:/home/devika/ws_moveit2/install/moveit_ros_warehouse:/home/devika/ws_moveit2/install/moveit_ros_robot_interaction:/home/devika/ws_moveit2/install/moveit_ros_perception:/home/devika/ws_moveit2/install/moveit_resources_prbt_pg70_support:/home/devika/ws_moveit2/install/moveit_resources_prbt_moveit_config:/home/devika/ws_moveit2/install/moveit_ros_move_group:/home/devika/ws_moveit2/install/moveit_planners_ompl:/home/devika/ws_moveit2/install/moveit_ros_planning:/home/devika/ws_moveit2/install/moveit_ros_occupancy_map_monitor:/home/devika/ws_moveit2/install/moveit_resources_prbt_ikfast_manipulator_plugin:/home/devika/ws_moveit2/install/moveit_planners_chomp:/home/devika/ws_moveit2/install/moveit_kinematics:/home/devika/ws_moveit2/install/moveit_chomp_optimizer_adapter:/home/devika/ws_moveit2/install/chomp_motion_planner:/home/devika/ws_moveit2/install/moveit_core:/home/devika/ws_moveit2/install/srdfdom:/home/devika/ws_moveit2/install/rviz_marker_tools:/home/devika/ws_moveit2/install/rosparam_shortcuts:/home/devika/ws_moveit2/install/moveit_task_constructor_msgs:/home/devika/ws_moveit2/install/moveit_resources_prbt_support:/home/devika/ws_moveit2/install/moveit_resources:/home/devika/ws_moveit2/install/moveit_resources_pr2_description:/home/devika/ws_moveit2/install/moveit_resources_panda_moveit_config:/home/devika/ws_moveit2/install/moveit_resources_panda_description:/home/devika/ws_moveit2/install/moveit_resources_fanuc_moveit_config:/home/devika/ws_moveit2/install/moveit_resources_fanuc_description:/home/devika/ws_moveit2/install/moveit_common:/home/devika/manga_ws/install/urdf_humble_test_moveit_config:/home/devika/manga_ws/install/urdf_humble_test:/home/devika/manga_ws/install/hello_moveit:/home/devika/some_ws/install/motoman_hc10_support:/home/devika/some_ws/install/motoman_resources:/home/devika/some_ws/install/hello_moveit:/home/devika/some_ws/install/hc20_sim_moveit_config:/home/devika/some_ws/install/hc20_moveit_config:/home/devika/some_ws/install/hc10_movit2v3:/home/devika/some_ws/install/hc10dt_moveit_config:/home/devika/robo_ws/install/perception_vision:/home/devika/robo_ws/install/cylinder_position_estimator:/home/devika/ws_moveit2/install/moveit_configs_utils:/home/devika/ws_moveit2/install/launch_param_builder:/opt/ros/humble LD_LIBRARY_PATH=/home/devika/robo_ws/install/moveit_task_constructor_capabilities/lib:/home/devika/robo_ws/install/moveit_task_constructor_core/lib:/home/devika/robo_ws/install/rviz_marker_tools/lib:/home/devika/robo_ws/install/moveit_task_constructor_msgs/lib:/home/devika/robo_ws/install/warehouse_ros_mongo/lib:/home/devika/robo_ws/install/moveit_task_constructor_visualization/lib:/home/devika/robo_ws/install/moveit_task_constructor_demo/lib:/home/devika/robo_ws/install/hello_moveit_task_constructor/lib:/home/devika/robo_ws/install/gazebo_ros2_control/lib:/home/devika/ws_moveit2/install/pilz_industrial_motion_planner_testutils/lib:/home/devika/ws_moveit2/install/pilz_industrial_motion_planner/lib:/home/devika/ws_moveit2/install/moveit_visual_tools/lib:/home/devika/ws_moveit2/install/moveit_task_constructor_visualization/lib:/home/devika/ws_moveit2/install/moveit_task_constructor_demo/lib:/home/devika/ws_moveit2/install/moveit_task_constructor_capabilities/lib:/home/devika/ws_moveit2/install/moveit_task_constructor_core/lib:/home/devika/ws_moveit2/install/moveit_ros_control_interface/lib:/home/devika/ws_moveit2/install/moveit_simple_controller_manager/lib:/home/devika/ws_moveit2/install/moveit_setup_assistant/lib:/home/devika/ws_moveit2/install/moveit_setup_srdf_plugins/lib:/home/devika/ws_moveit2/install/moveit_setup_core_plugins/lib:/home/devika/ws_moveit2/install/moveit_setup_controllers/lib:/home/devika/ws_moveit2/install/moveit_setup_app_plugins/lib:/home/devika/ws_moveit2/install/moveit_setup_framework/lib:/home/devika/ws_moveit2/install/moveit_servo/lib:/home/devika/ws_moveit2/install/moveit_ros_visualization/lib:/home/devika/ws_moveit2/install/moveit_hybrid_planning/lib:/home/devika/ws_moveit2/install/moveit_ros_planning_interface/lib:/home/devika/ws_moveit2/install/moveit_ros_benchmarks/lib:/home/devika/ws_moveit2/install/moveit_ros_warehouse/lib:/home/devika/ws_moveit2/install/moveit_ros_robot_interaction/lib:/home/devika/ws_moveit2/install/moveit_ros_perception/lib:/home/devika/ws_moveit2/install/moveit_ros_move_group/lib:/home/devika/ws_moveit2/install/moveit_planners_ompl/lib:/home/devika/ws_moveit2/install/moveit_ros_planning/lib:/home/devika/ws_moveit2/install/moveit_ros_occupancy_map_monitor/lib:/home/devika/ws_moveit2/install/moveit_resources_prbt_ikfast_manipulator_plugin/lib:/home/devika/ws_moveit2/install/moveit_planners_chomp/lib:/home/devika/ws_moveit2/install/moveit_kinematics/lib:/home/devika/ws_moveit2/install/moveit_chomp_optimizer_adapter/lib:/home/devika/ws_moveit2/install/chomp_motion_planner/lib:/home/devika/ws_moveit2/install/moveit_core/lib:/home/devika/ws_moveit2/install/srdfdom/lib:/home/devika/ws_moveit2/install/rviz_marker_tools/lib:/home/devika/ws_moveit2/install/rosparam_shortcuts/lib:/home/devika/ws_moveit2/install/moveit_task_constructor_msgs/lib:/usr/lib/x86_64-linux-gnu/gazebo-11/plugins:/opt/ros/humble/opt/rviz_ogre_vendor/lib:/opt/ros/humble/lib/x86_64-linux-gnu:/opt/ros/humble/lib /usr/bin/cmake --build /home/devika/robo_ws/build/moveit_task_constructor_demo -- -j8 -l8
[7.425s] DEBUG:colcon.colcon_core.event_handler.log_command:Invoked command in '/home/devika/robo_ws/build/moveit_task_constructor_demo' returned '0': CMAKE_MODULE_PATH=/home/devika/robo_ws/install/moveit_task_constructor_core/share/moveit_task_constructor_core/cmake:/home/devika/robo_ws/install/warehouse_ros_mongo/share/warehouse_ros_mongo/cmake:/home/devika/ws_moveit2/install/moveit_task_constructor_core/share/moveit_task_constructor_core/cmake CMAKE_PREFIX_PATH=/home/devika/robo_ws/install/moveit_task_constructor_capabilities:/home/devika/robo_ws/install/moveit_task_constructor_core:/home/devika/robo_ws/install/rviz_marker_tools:/home/devika/robo_ws/install/moveit_task_constructor_msgs:/home/devika/robo_ws/install/urdf_humble_test_moveit_config:/home/devika/robo_ws/install/warehouse_ros_mongo:/home/devika/robo_ws/install/urdf_humble_test:/home/devika/robo_ws/install/moveit_task_constructor_visualization:/home/devika/robo_ws/install/moveit_task_constructor_demo:/home/devika/robo_ws/install/hello_moveit_task_constructor:/home/devika/robo_ws/install/hello_moveit:/home/devika/robo_ws/install/gazebo_ros2_control:/home/devika/ws_moveit2/install/pilz_industrial_motion_planner_testutils:/home/devika/ws_moveit2/install/moveit_runtime:/home/devika/ws_moveit2/install/moveit2_tutorials:/home/devika/ws_moveit2/install/moveit:/home/devika/ws_moveit2/install/moveit_planners:/home/devika/ws_moveit2/install/pilz_industrial_motion_planner:/home/devika/ws_moveit2/install/moveit_visual_tools:/home/devika/ws_moveit2/install/moveit_task_constructor_visualization:/home/devika/ws_moveit2/install/moveit_task_constructor_demo:/home/devika/ws_moveit2/install/moveit_task_constructor_capabilities:/home/devika/ws_moveit2/install/moveit_task_constructor_core:/home/devika/ws_moveit2/install/moveit_ros_control_interface:/home/devika/ws_moveit2/install/moveit_plugins:/home/devika/ws_moveit2/install/moveit_simple_controller_manager:/home/devika/ws_moveit2/install/moveit_setup_assistant:/home/devika/ws_moveit2/install/moveit_setup_srdf_plugins:/home/devika/ws_moveit2/install/moveit_setup_core_plugins:/home/devika/ws_moveit2/install/moveit_setup_controllers:/home/devika/ws_moveit2/install/moveit_setup_app_plugins:/home/devika/ws_moveit2/install/moveit_setup_framework:/home/devika/ws_moveit2/install/moveit_servo:/home/devika/ws_moveit2/install/moveit_ros:/home/devika/ws_moveit2/install/moveit_ros_visualization:/home/devika/ws_moveit2/install/moveit_hybrid_planning:/home/devika/ws_moveit2/install/moveit_ros_planning_interface:/home/devika/ws_moveit2/install/moveit_ros_benchmarks:/home/devika/ws_moveit2/install/moveit_ros_warehouse:/home/devika/ws_moveit2/install/moveit_ros_robot_interaction:/home/devika/ws_moveit2/install/moveit_ros_perception:/home/devika/ws_moveit2/install/moveit_resources_prbt_pg70_support:/home/devika/ws_moveit2/install/moveit_resources_prbt_moveit_config:/home/devika/ws_moveit2/install/moveit_ros_move_group:/home/devika/ws_moveit2/install/moveit_planners_ompl:/home/devika/ws_moveit2/install/moveit_ros_planning:/home/devika/ws_moveit2/install/moveit_ros_occupancy_map_monitor:/home/devika/ws_moveit2/install/moveit_resources_prbt_ikfast_manipulator_plugin:/home/devika/ws_moveit2/install/moveit_planners_chomp:/home/devika/ws_moveit2/install/moveit_kinematics:/home/devika/ws_moveit2/install/moveit_chomp_optimizer_adapter:/home/devika/ws_moveit2/install/chomp_motion_planner:/home/devika/ws_moveit2/install/moveit_core:/home/devika/ws_moveit2/install/srdfdom:/home/devika/ws_moveit2/install/rviz_marker_tools:/home/devika/ws_moveit2/install/rosparam_shortcuts:/home/devika/ws_moveit2/install/moveit_task_constructor_msgs:/home/devika/ws_moveit2/install/moveit_resources_prbt_support:/home/devika/ws_moveit2/install/moveit_resources:/home/devika/ws_moveit2/install/moveit_resources_pr2_description:/home/devika/ws_moveit2/install/moveit_resources_panda_moveit_config:/home/devika/ws_moveit2/install/moveit_resources_panda_description:/home/devika/ws_moveit2/install/moveit_resources_fanuc_moveit_config:/home/devika/ws_moveit2/install/moveit_resources_fanuc_description:/home/devika/ws_moveit2/install/moveit_common:/home/devika/manga_ws/install/urdf_humble_test_moveit_config:/home/devika/manga_ws/install/urdf_humble_test:/home/devika/manga_ws/install/hello_moveit:/home/devika/some_ws/install/motoman_hc10_support:/home/devika/some_ws/install/motoman_resources:/home/devika/some_ws/install/hello_moveit:/home/devika/some_ws/install/hc20_sim_moveit_config:/home/devika/some_ws/install/hc20_moveit_config:/home/devika/some_ws/install/hc10_movit2v3:/home/devika/some_ws/install/hc10dt_moveit_config:/home/devika/robo_ws/install/perception_vision:/home/devika/robo_ws/install/cylinder_position_estimator:/home/devika/ws_moveit2/install/moveit_configs_utils:/home/devika/ws_moveit2/install/launch_param_builder:/opt/ros/humble LD_LIBRARY_PATH=/home/devika/robo_ws/install/moveit_task_constructor_capabilities/lib:/home/devika/robo_ws/install/moveit_task_constructor_core/lib:/home/devika/robo_ws/install/rviz_marker_tools/lib:/home/devika/robo_ws/install/moveit_task_constructor_msgs/lib:/home/devika/robo_ws/install/warehouse_ros_mongo/lib:/home/devika/robo_ws/install/moveit_task_constructor_visualization/lib:/home/devika/robo_ws/install/moveit_task_constructor_demo/lib:/home/devika/robo_ws/install/hello_moveit_task_constructor/lib:/home/devika/robo_ws/install/gazebo_ros2_control/lib:/home/devika/ws_moveit2/install/pilz_industrial_motion_planner_testutils/lib:/home/devika/ws_moveit2/install/pilz_industrial_motion_planner/lib:/home/devika/ws_moveit2/install/moveit_visual_tools/lib:/home/devika/ws_moveit2/install/moveit_task_constructor_visualization/lib:/home/devika/ws_moveit2/install/moveit_task_constructor_demo/lib:/home/devika/ws_moveit2/install/moveit_task_constructor_capabilities/lib:/home/devika/ws_moveit2/install/moveit_task_constructor_core/lib:/home/devika/ws_moveit2/install/moveit_ros_control_interface/lib:/home/devika/ws_moveit2/install/moveit_simple_controller_manager/lib:/home/devika/ws_moveit2/install/moveit_setup_assistant/lib:/home/devika/ws_moveit2/install/moveit_setup_srdf_plugins/lib:/home/devika/ws_moveit2/install/moveit_setup_core_plugins/lib:/home/devika/ws_moveit2/install/moveit_setup_controllers/lib:/home/devika/ws_moveit2/install/moveit_setup_app_plugins/lib:/home/devika/ws_moveit2/install/moveit_setup_framework/lib:/home/devika/ws_moveit2/install/moveit_servo/lib:/home/devika/ws_moveit2/install/moveit_ros_visualization/lib:/home/devika/ws_moveit2/install/moveit_hybrid_planning/lib:/home/devika/ws_moveit2/install/moveit_ros_planning_interface/lib:/home/devika/ws_moveit2/install/moveit_ros_benchmarks/lib:/home/devika/ws_moveit2/install/moveit_ros_warehouse/lib:/home/devika/ws_moveit2/install/moveit_ros_robot_interaction/lib:/home/devika/ws_moveit2/install/moveit_ros_perception/lib:/home/devika/ws_moveit2/install/moveit_ros_move_group/lib:/home/devika/ws_moveit2/install/moveit_planners_ompl/lib:/home/devika/ws_moveit2/install/moveit_ros_planning/lib:/home/devika/ws_moveit2/install/moveit_ros_occupancy_map_monitor/lib:/home/devika/ws_moveit2/install/moveit_resources_prbt_ikfast_manipulator_plugin/lib:/home/devika/ws_moveit2/install/moveit_planners_chomp/lib:/home/devika/ws_moveit2/install/moveit_kinematics/lib:/home/devika/ws_moveit2/install/moveit_chomp_optimizer_adapter/lib:/home/devika/ws_moveit2/install/chomp_motion_planner/lib:/home/devika/ws_moveit2/install/moveit_core/lib:/home/devika/ws_moveit2/install/srdfdom/lib:/home/devika/ws_moveit2/install/rviz_marker_tools/lib:/home/devika/ws_moveit2/install/rosparam_shortcuts/lib:/home/devika/ws_moveit2/install/moveit_task_constructor_msgs/lib:/usr/lib/x86_64-linux-gnu/gazebo-11/plugins:/opt/ros/humble/opt/rviz_ogre_vendor/lib:/opt/ros/humble/lib/x86_64-linux-gnu:/opt/ros/humble/lib /usr/bin/cmake --build /home/devika/robo_ws/build/moveit_task_constructor_demo -- -j8 -l8
[7.428s] DEBUG:colcon.colcon_core.event_handler.log_command:Invoking command in '/home/devika/robo_ws/build/moveit_task_constructor_demo': CMAKE_MODULE_PATH=/home/devika/robo_ws/install/moveit_task_constructor_core/share/moveit_task_constructor_core/cmake:/home/devika/robo_ws/install/warehouse_ros_mongo/share/warehouse_ros_mongo/cmake:/home/devika/ws_moveit2/install/moveit_task_constructor_core/share/moveit_task_constructor_core/cmake CMAKE_PREFIX_PATH=/home/devika/robo_ws/install/moveit_task_constructor_capabilities:/home/devika/robo_ws/install/moveit_task_constructor_core:/home/devika/robo_ws/install/rviz_marker_tools:/home/devika/robo_ws/install/moveit_task_constructor_msgs:/home/devika/robo_ws/install/urdf_humble_test_moveit_config:/home/devika/robo_ws/install/warehouse_ros_mongo:/home/devika/robo_ws/install/urdf_humble_test:/home/devika/robo_ws/install/moveit_task_constructor_visualization:/home/devika/robo_ws/install/moveit_task_constructor_demo:/home/devika/robo_ws/install/hello_moveit_task_constructor:/home/devika/robo_ws/install/hello_moveit:/home/devika/robo_ws/install/gazebo_ros2_control:/home/devika/ws_moveit2/install/pilz_industrial_motion_planner_testutils:/home/devika/ws_moveit2/install/moveit_runtime:/home/devika/ws_moveit2/install/moveit2_tutorials:/home/devika/ws_moveit2/install/moveit:/home/devika/ws_moveit2/install/moveit_planners:/home/devika/ws_moveit2/install/pilz_industrial_motion_planner:/home/devika/ws_moveit2/install/moveit_visual_tools:/home/devika/ws_moveit2/install/moveit_task_constructor_visualization:/home/devika/ws_moveit2/install/moveit_task_constructor_demo:/home/devika/ws_moveit2/install/moveit_task_constructor_capabilities:/home/devika/ws_moveit2/install/moveit_task_constructor_core:/home/devika/ws_moveit2/install/moveit_ros_control_interface:/home/devika/ws_moveit2/install/moveit_plugins:/home/devika/ws_moveit2/install/moveit_simple_controller_manager:/home/devika/ws_moveit2/install/moveit_setup_assistant:/home/devika/ws_moveit2/install/moveit_setup_srdf_plugins:/home/devika/ws_moveit2/install/moveit_setup_core_plugins:/home/devika/ws_moveit2/install/moveit_setup_controllers:/home/devika/ws_moveit2/install/moveit_setup_app_plugins:/home/devika/ws_moveit2/install/moveit_setup_framework:/home/devika/ws_moveit2/install/moveit_servo:/home/devika/ws_moveit2/install/moveit_ros:/home/devika/ws_moveit2/install/moveit_ros_visualization:/home/devika/ws_moveit2/install/moveit_hybrid_planning:/home/devika/ws_moveit2/install/moveit_ros_planning_interface:/home/devika/ws_moveit2/install/moveit_ros_benchmarks:/home/devika/ws_moveit2/install/moveit_ros_warehouse:/home/devika/ws_moveit2/install/moveit_ros_robot_interaction:/home/devika/ws_moveit2/install/moveit_ros_perception:/home/devika/ws_moveit2/install/moveit_resources_prbt_pg70_support:/home/devika/ws_moveit2/install/moveit_resources_prbt_moveit_config:/home/devika/ws_moveit2/install/moveit_ros_move_group:/home/devika/ws_moveit2/install/moveit_planners_ompl:/home/devika/ws_moveit2/install/moveit_ros_planning:/home/devika/ws_moveit2/install/moveit_ros_occupancy_map_monitor:/home/devika/ws_moveit2/install/moveit_resources_prbt_ikfast_manipulator_plugin:/home/devika/ws_moveit2/install/moveit_planners_chomp:/home/devika/ws_moveit2/install/moveit_kinematics:/home/devika/ws_moveit2/install/moveit_chomp_optimizer_adapter:/home/devika/ws_moveit2/install/chomp_motion_planner:/home/devika/ws_moveit2/install/moveit_core:/home/devika/ws_moveit2/install/srdfdom:/home/devika/ws_moveit2/install/rviz_marker_tools:/home/devika/ws_moveit2/install/rosparam_shortcuts:/home/devika/ws_moveit2/install/moveit_task_constructor_msgs:/home/devika/ws_moveit2/install/moveit_resources_prbt_support:/home/devika/ws_moveit2/install/moveit_resources:/home/devika/ws_moveit2/install/moveit_resources_pr2_description:/home/devika/ws_moveit2/install/moveit_resources_panda_moveit_config:/home/devika/ws_moveit2/install/moveit_resources_panda_description:/home/devika/ws_moveit2/install/moveit_resources_fanuc_moveit_config:/home/devika/ws_moveit2/install/moveit_resources_fanuc_description:/home/devika/ws_moveit2/install/moveit_common:/home/devika/manga_ws/install/urdf_humble_test_moveit_config:/home/devika/manga_ws/install/urdf_humble_test:/home/devika/manga_ws/install/hello_moveit:/home/devika/some_ws/install/motoman_hc10_support:/home/devika/some_ws/install/motoman_resources:/home/devika/some_ws/install/hello_moveit:/home/devika/some_ws/install/hc20_sim_moveit_config:/home/devika/some_ws/install/hc20_moveit_config:/home/devika/some_ws/install/hc10_movit2v3:/home/devika/some_ws/install/hc10dt_moveit_config:/home/devika/robo_ws/install/perception_vision:/home/devika/robo_ws/install/cylinder_position_estimator:/home/devika/ws_moveit2/install/moveit_configs_utils:/home/devika/ws_moveit2/install/launch_param_builder:/opt/ros/humble LD_LIBRARY_PATH=/home/devika/robo_ws/install/moveit_task_constructor_capabilities/lib:/home/devika/robo_ws/install/moveit_task_constructor_core/lib:/home/devika/robo_ws/install/rviz_marker_tools/lib:/home/devika/robo_ws/install/moveit_task_constructor_msgs/lib:/home/devika/robo_ws/install/warehouse_ros_mongo/lib:/home/devika/robo_ws/install/moveit_task_constructor_visualization/lib:/home/devika/robo_ws/install/moveit_task_constructor_demo/lib:/home/devika/robo_ws/install/hello_moveit_task_constructor/lib:/home/devika/robo_ws/install/gazebo_ros2_control/lib:/home/devika/ws_moveit2/install/pilz_industrial_motion_planner_testutils/lib:/home/devika/ws_moveit2/install/pilz_industrial_motion_planner/lib:/home/devika/ws_moveit2/install/moveit_visual_tools/lib:/home/devika/ws_moveit2/install/moveit_task_constructor_visualization/lib:/home/devika/ws_moveit2/install/moveit_task_constructor_demo/lib:/home/devika/ws_moveit2/install/moveit_task_constructor_capabilities/lib:/home/devika/ws_moveit2/install/moveit_task_constructor_core/lib:/home/devika/ws_moveit2/install/moveit_ros_control_interface/lib:/home/devika/ws_moveit2/install/moveit_simple_controller_manager/lib:/home/devika/ws_moveit2/install/moveit_setup_assistant/lib:/home/devika/ws_moveit2/install/moveit_setup_srdf_plugins/lib:/home/devika/ws_moveit2/install/moveit_setup_core_plugins/lib:/home/devika/ws_moveit2/install/moveit_setup_controllers/lib:/home/devika/ws_moveit2/install/moveit_setup_app_plugins/lib:/home/devika/ws_moveit2/install/moveit_setup_framework/lib:/home/devika/ws_moveit2/install/moveit_servo/lib:/home/devika/ws_moveit2/install/moveit_ros_visualization/lib:/home/devika/ws_moveit2/install/moveit_hybrid_planning/lib:/home/devika/ws_moveit2/install/moveit_ros_planning_interface/lib:/home/devika/ws_moveit2/install/moveit_ros_benchmarks/lib:/home/devika/ws_moveit2/install/moveit_ros_warehouse/lib:/home/devika/ws_moveit2/install/moveit_ros_robot_interaction/lib:/home/devika/ws_moveit2/install/moveit_ros_perception/lib:/home/devika/ws_moveit2/install/moveit_ros_move_group/lib:/home/devika/ws_moveit2/install/moveit_planners_ompl/lib:/home/devika/ws_moveit2/install/moveit_ros_planning/lib:/home/devika/ws_moveit2/install/moveit_ros_occupancy_map_monitor/lib:/home/devika/ws_moveit2/install/moveit_resources_prbt_ikfast_manipulator_plugin/lib:/home/devika/ws_moveit2/install/moveit_planners_chomp/lib:/home/devika/ws_moveit2/install/moveit_kinematics/lib:/home/devika/ws_moveit2/install/moveit_chomp_optimizer_adapter/lib:/home/devika/ws_moveit2/install/chomp_motion_planner/lib:/home/devika/ws_moveit2/install/moveit_core/lib:/home/devika/ws_moveit2/install/srdfdom/lib:/home/devika/ws_moveit2/install/rviz_marker_tools/lib:/home/devika/ws_moveit2/install/rosparam_shortcuts/lib:/home/devika/ws_moveit2/install/moveit_task_constructor_msgs/lib:/usr/lib/x86_64-linux-gnu/gazebo-11/plugins:/opt/ros/humble/opt/rviz_ogre_vendor/lib:/opt/ros/humble/lib/x86_64-linux-gnu:/opt/ros/humble/lib /usr/bin/cmake --install /home/devika/robo_ws/build/moveit_task_constructor_demo
[7.480s] Level 1:colcon.colcon_core.environment:create_environment_scripts_only(moveit_task_constructor_demo)
[7.481s] Level 1:colcon.colcon_core.environment:checking '/home/devika/robo_ws/install/moveit_task_constructor_demo' for CMake module files
[7.483s] DEBUG:colcon.colcon_core.event_handler.log_command:Invoked command in '/home/devika/robo_ws/build/moveit_task_constructor_demo' returned '0': CMAKE_MODULE_PATH=/home/devika/robo_ws/install/moveit_task_constructor_core/share/moveit_task_constructor_core/cmake:/home/devika/robo_ws/install/warehouse_ros_mongo/share/warehouse_ros_mongo/cmake:/home/devika/ws_moveit2/install/moveit_task_constructor_core/share/moveit_task_constructor_core/cmake CMAKE_PREFIX_PATH=/home/devika/robo_ws/install/moveit_task_constructor_capabilities:/home/devika/robo_ws/install/moveit_task_constructor_core:/home/devika/robo_ws/install/rviz_marker_tools:/home/devika/robo_ws/install/moveit_task_constructor_msgs:/home/devika/robo_ws/install/urdf_humble_test_moveit_config:/home/devika/robo_ws/install/warehouse_ros_mongo:/home/devika/robo_ws/install/urdf_humble_test:/home/devika/robo_ws/install/moveit_task_constructor_visualization:/home/devika/robo_ws/install/moveit_task_constructor_demo:/home/devika/robo_ws/install/hello_moveit_task_constructor:/home/devika/robo_ws/install/hello_moveit:/home/devika/robo_ws/install/gazebo_ros2_control:/home/devika/ws_moveit2/install/pilz_industrial_motion_planner_testutils:/home/devika/ws_moveit2/install/moveit_runtime:/home/devika/ws_moveit2/install/moveit2_tutorials:/home/devika/ws_moveit2/install/moveit:/home/devika/ws_moveit2/install/moveit_planners:/home/devika/ws_moveit2/install/pilz_industrial_motion_planner:/home/devika/ws_moveit2/install/moveit_visual_tools:/home/devika/ws_moveit2/install/moveit_task_constructor_visualization:/home/devika/ws_moveit2/install/moveit_task_constructor_demo:/home/devika/ws_moveit2/install/moveit_task_constructor_capabilities:/home/devika/ws_moveit2/install/moveit_task_constructor_core:/home/devika/ws_moveit2/install/moveit_ros_control_interface:/home/devika/ws_moveit2/install/moveit_plugins:/home/devika/ws_moveit2/install/moveit_simple_controller_manager:/home/devika/ws_moveit2/install/moveit_setup_assistant:/home/devika/ws_moveit2/install/moveit_setup_srdf_plugins:/home/devika/ws_moveit2/install/moveit_setup_core_plugins:/home/devika/ws_moveit2/install/moveit_setup_controllers:/home/devika/ws_moveit2/install/moveit_setup_app_plugins:/home/devika/ws_moveit2/install/moveit_setup_framework:/home/devika/ws_moveit2/install/moveit_servo:/home/devika/ws_moveit2/install/moveit_ros:/home/devika/ws_moveit2/install/moveit_ros_visualization:/home/devika/ws_moveit2/install/moveit_hybrid_planning:/home/devika/ws_moveit2/install/moveit_ros_planning_interface:/home/devika/ws_moveit2/install/moveit_ros_benchmarks:/home/devika/ws_moveit2/install/moveit_ros_warehouse:/home/devika/ws_moveit2/install/moveit_ros_robot_interaction:/home/devika/ws_moveit2/install/moveit_ros_perception:/home/devika/ws_moveit2/install/moveit_resources_prbt_pg70_support:/home/devika/ws_moveit2/install/moveit_resources_prbt_moveit_config:/home/devika/ws_moveit2/install/moveit_ros_move_group:/home/devika/ws_moveit2/install/moveit_planners_ompl:/home/devika/ws_moveit2/install/moveit_ros_planning:/home/devika/ws_moveit2/install/moveit_ros_occupancy_map_monitor:/home/devika/ws_moveit2/install/moveit_resources_prbt_ikfast_manipulator_plugin:/home/devika/ws_moveit2/install/moveit_planners_chomp:/home/devika/ws_moveit2/install/moveit_kinematics:/home/devika/ws_moveit2/install/moveit_chomp_optimizer_adapter:/home/devika/ws_moveit2/install/chomp_motion_planner:/home/devika/ws_moveit2/install/moveit_core:/home/devika/ws_moveit2/install/srdfdom:/home/devika/ws_moveit2/install/rviz_marker_tools:/home/devika/ws_moveit2/install/rosparam_shortcuts:/home/devika/ws_moveit2/install/moveit_task_constructor_msgs:/home/devika/ws_moveit2/install/moveit_resources_prbt_support:/home/devika/ws_moveit2/install/moveit_resources:/home/devika/ws_moveit2/install/moveit_resources_pr2_description:/home/devika/ws_moveit2/install/moveit_resources_panda_moveit_config:/home/devika/ws_moveit2/install/moveit_resources_panda_description:/home/devika/ws_moveit2/install/moveit_resources_fanuc_moveit_config:/home/devika/ws_moveit2/install/moveit_resources_fanuc_description:/home/devika/ws_moveit2/install/moveit_common:/home/devika/manga_ws/install/urdf_humble_test_moveit_config:/home/devika/manga_ws/install/urdf_humble_test:/home/devika/manga_ws/install/hello_moveit:/home/devika/some_ws/install/motoman_hc10_support:/home/devika/some_ws/install/motoman_resources:/home/devika/some_ws/install/hello_moveit:/home/devika/some_ws/install/hc20_sim_moveit_config:/home/devika/some_ws/install/hc20_moveit_config:/home/devika/some_ws/install/hc10_movit2v3:/home/devika/some_ws/install/hc10dt_moveit_config:/home/devika/robo_ws/install/perception_vision:/home/devika/robo_ws/install/cylinder_position_estimator:/home/devika/ws_moveit2/install/moveit_configs_utils:/home/devika/ws_moveit2/install/launch_param_builder:/opt/ros/humble LD_LIBRARY_PATH=/home/devika/robo_ws/install/moveit_task_constructor_capabilities/lib:/home/devika/robo_ws/install/moveit_task_constructor_core/lib:/home/devika/robo_ws/install/rviz_marker_tools/lib:/home/devika/robo_ws/install/moveit_task_constructor_msgs/lib:/home/devika/robo_ws/install/warehouse_ros_mongo/lib:/home/devika/robo_ws/install/moveit_task_constructor_visualization/lib:/home/devika/robo_ws/install/moveit_task_constructor_demo/lib:/home/devika/robo_ws/install/hello_moveit_task_constructor/lib:/home/devika/robo_ws/install/gazebo_ros2_control/lib:/home/devika/ws_moveit2/install/pilz_industrial_motion_planner_testutils/lib:/home/devika/ws_moveit2/install/pilz_industrial_motion_planner/lib:/home/devika/ws_moveit2/install/moveit_visual_tools/lib:/home/devika/ws_moveit2/install/moveit_task_constructor_visualization/lib:/home/devika/ws_moveit2/install/moveit_task_constructor_demo/lib:/home/devika/ws_moveit2/install/moveit_task_constructor_capabilities/lib:/home/devika/ws_moveit2/install/moveit_task_constructor_core/lib:/home/devika/ws_moveit2/install/moveit_ros_control_interface/lib:/home/devika/ws_moveit2/install/moveit_simple_controller_manager/lib:/home/devika/ws_moveit2/install/moveit_setup_assistant/lib:/home/devika/ws_moveit2/install/moveit_setup_srdf_plugins/lib:/home/devika/ws_moveit2/install/moveit_setup_core_plugins/lib:/home/devika/ws_moveit2/install/moveit_setup_controllers/lib:/home/devika/ws_moveit2/install/moveit_setup_app_plugins/lib:/home/devika/ws_moveit2/install/moveit_setup_framework/lib:/home/devika/ws_moveit2/install/moveit_servo/lib:/home/devika/ws_moveit2/install/moveit_ros_visualization/lib:/home/devika/ws_moveit2/install/moveit_hybrid_planning/lib:/home/devika/ws_moveit2/install/moveit_ros_planning_interface/lib:/home/devika/ws_moveit2/install/moveit_ros_benchmarks/lib:/home/devika/ws_moveit2/install/moveit_ros_warehouse/lib:/home/devika/ws_moveit2/install/moveit_ros_robot_interaction/lib:/home/devika/ws_moveit2/install/moveit_ros_perception/lib:/home/devika/ws_moveit2/install/moveit_ros_move_group/lib:/home/devika/ws_moveit2/install/moveit_planners_ompl/lib:/home/devika/ws_moveit2/install/moveit_ros_planning/lib:/home/devika/ws_moveit2/install/moveit_ros_occupancy_map_monitor/lib:/home/devika/ws_moveit2/install/moveit_resources_prbt_ikfast_manipulator_plugin/lib:/home/devika/ws_moveit2/install/moveit_planners_chomp/lib:/home/devika/ws_moveit2/install/moveit_kinematics/lib:/home/devika/ws_moveit2/install/moveit_chomp_optimizer_adapter/lib:/home/devika/ws_moveit2/install/chomp_motion_planner/lib:/home/devika/ws_moveit2/install/moveit_core/lib:/home/devika/ws_moveit2/install/srdfdom/lib:/home/devika/ws_moveit2/install/rviz_marker_tools/lib:/home/devika/ws_moveit2/install/rosparam_shortcuts/lib:/home/devika/ws_moveit2/install/moveit_task_constructor_msgs/lib:/usr/lib/x86_64-linux-gnu/gazebo-11/plugins:/opt/ros/humble/opt/rviz_ogre_vendor/lib:/opt/ros/humble/lib/x86_64-linux-gnu:/opt/ros/humble/lib /usr/bin/cmake --install /home/devika/robo_ws/build/moveit_task_constructor_demo
[7.485s] Level 1:colcon.colcon_core.environment:checking '/home/devika/robo_ws/install/moveit_task_constructor_demo' for CMake config files
[7.486s] Level 1:colcon.colcon_core.shell:create_environment_hook('moveit_task_constructor_demo', 'cmake_prefix_path')
[7.487s] INFO:colcon.colcon_core.shell:Creating environment hook '/home/devika/robo_ws/install/moveit_task_constructor_demo/share/moveit_task_constructor_demo/hook/cmake_prefix_path.ps1'
[7.509s] INFO:colcon.colcon_core.shell:Creating environment descriptor '/home/devika/robo_ws/install/moveit_task_constructor_demo/share/moveit_task_constructor_demo/hook/cmake_prefix_path.dsv'
[7.512s] INFO:colcon.colcon_core.shell:Creating environment hook '/home/devika/robo_ws/install/moveit_task_constructor_demo/share/moveit_task_constructor_demo/hook/cmake_prefix_path.sh'
[7.516s] Level 1:colcon.colcon_core.environment:checking '/home/devika/robo_ws/install/moveit_task_constructor_demo/lib'
[7.516s] Level 1:colcon.colcon_core.shell:create_environment_hook('moveit_task_constructor_demo', 'ld_library_path_lib')
[7.518s] INFO:colcon.colcon_core.shell:Creating environment hook '/home/devika/robo_ws/install/moveit_task_constructor_demo/share/moveit_task_constructor_demo/hook/ld_library_path_lib.ps1'
[7.519s] INFO:colcon.colcon_core.shell:Creating environment descriptor '/home/devika/robo_ws/install/moveit_task_constructor_demo/share/moveit_task_constructor_demo/hook/ld_library_path_lib.dsv'
[7.520s] INFO:colcon.colcon_core.shell:Creating environment hook '/home/devika/robo_ws/install/moveit_task_constructor_demo/share/moveit_task_constructor_demo/hook/ld_library_path_lib.sh'
[7.542s] Level 1:colcon.colcon_core.environment:checking '/home/devika/robo_ws/install/moveit_task_constructor_demo/bin'
[7.543s] Level 1:colcon.colcon_core.environment:checking '/home/devika/robo_ws/install/moveit_task_constructor_demo/lib/pkgconfig/moveit_task_constructor_demo.pc'
[7.543s] Level 1:colcon.colcon_core.environment:checking '/home/devika/robo_ws/install/moveit_task_constructor_demo/lib/python3.10/site-packages'
[7.544s] Level 1:colcon.colcon_core.environment:checking '/home/devika/robo_ws/install/moveit_task_constructor_demo/bin'
[7.545s] INFO:colcon.colcon_core.shell:Creating package script '/home/devika/robo_ws/install/moveit_task_constructor_demo/share/moveit_task_constructor_demo/package.ps1'
[7.546s] INFO:colcon.colcon_core.shell:Creating package descriptor '/home/devika/robo_ws/install/moveit_task_constructor_demo/share/moveit_task_constructor_demo/package.dsv'
[7.549s] INFO:colcon.colcon_core.shell:Creating package script '/home/devika/robo_ws/install/moveit_task_constructor_demo/share/moveit_task_constructor_demo/package.sh'
[7.552s] INFO:colcon.colcon_core.shell:Creating package script '/home/devika/robo_ws/install/moveit_task_constructor_demo/share/moveit_task_constructor_demo/package.bash'
[7.553s] INFO:colcon.colcon_core.shell:Creating package script '/home/devika/robo_ws/install/moveit_task_constructor_demo/share/moveit_task_constructor_demo/package.zsh'
[7.555s] Level 1:colcon.colcon_core.environment:create_file_with_runtime_dependencies(/home/devika/robo_ws/install/moveit_task_constructor_demo/share/colcon-core/packages/moveit_task_constructor_demo)
[7.558s] Level 1:colcon.colcon_core.environment:create_environment_scripts_only(moveit_task_constructor_demo)
[7.559s] Level 1:colcon.colcon_core.environment:checking '/home/devika/robo_ws/install/moveit_task_constructor_demo' for CMake module files
[7.560s] Level 1:colcon.colcon_core.environment:checking '/home/devika/robo_ws/install/moveit_task_constructor_demo' for CMake config files
[7.561s] Level 1:colcon.colcon_core.shell:create_environment_hook('moveit_task_constructor_demo', 'cmake_prefix_path')
[7.561s] INFO:colcon.colcon_core.shell:Creating environment hook '/home/devika/robo_ws/install/moveit_task_constructor_demo/share/moveit_task_constructor_demo/hook/cmake_prefix_path.ps1'
[7.562s] INFO:colcon.colcon_core.shell:Creating environment descriptor '/home/devika/robo_ws/install/moveit_task_constructor_demo/share/moveit_task_constructor_demo/hook/cmake_prefix_path.dsv'
[7.563s] INFO:colcon.colcon_core.shell:Creating environment hook '/home/devika/robo_ws/install/moveit_task_constructor_demo/share/moveit_task_constructor_demo/hook/cmake_prefix_path.sh'
[7.565s] Level 1:colcon.colcon_core.environment:checking '/home/devika/robo_ws/install/moveit_task_constructor_demo/lib'
[7.566s] Level 1:colcon.colcon_core.shell:create_environment_hook('moveit_task_constructor_demo', 'ld_library_path_lib')
[7.566s] INFO:colcon.colcon_core.shell:Creating environment hook '/home/devika/robo_ws/install/moveit_task_constructor_demo/share/moveit_task_constructor_demo/hook/ld_library_path_lib.ps1'
[7.568s] INFO:colcon.colcon_core.shell:Creating environment descriptor '/home/devika/robo_ws/install/moveit_task_constructor_demo/share/moveit_task_constructor_demo/hook/ld_library_path_lib.dsv'
[7.568s] INFO:colcon.colcon_core.shell:Creating environment hook '/home/devika/robo_ws/install/moveit_task_constructor_demo/share/moveit_task_constructor_demo/hook/ld_library_path_lib.sh'
[7.570s] Level 1:colcon.colcon_core.environment:checking '/home/devika/robo_ws/install/moveit_task_constructor_demo/bin'
[7.570s] Level 1:colcon.colcon_core.environment:checking '/home/devika/robo_ws/install/moveit_task_constructor_demo/lib/pkgconfig/moveit_task_constructor_demo.pc'
[7.571s] Level 1:colcon.colcon_core.environment:checking '/home/devika/robo_ws/install/moveit_task_constructor_demo/lib/python3.10/site-packages'
[7.571s] Level 1:colcon.colcon_core.environment:checking '/home/devika/robo_ws/install/moveit_task_constructor_demo/bin'
[7.572s] INFO:colcon.colcon_core.shell:Creating package script '/home/devika/robo_ws/install/moveit_task_constructor_demo/share/moveit_task_constructor_demo/package.ps1'
[7.574s] INFO:colcon.colcon_core.shell:Creating package descriptor '/home/devika/robo_ws/install/moveit_task_constructor_demo/share/moveit_task_constructor_demo/package.dsv'
[7.576s] INFO:colcon.colcon_core.shell:Creating package script '/home/devika/robo_ws/install/moveit_task_constructor_demo/share/moveit_task_constructor_demo/package.sh'
[7.577s] INFO:colcon.colcon_core.shell:Creating package script '/home/devika/robo_ws/install/moveit_task_constructor_demo/share/moveit_task_constructor_demo/package.bash'
[7.578s] INFO:colcon.colcon_core.shell:Creating package script '/home/devika/robo_ws/install/moveit_task_constructor_demo/share/moveit_task_constructor_demo/package.zsh'
[7.581s] Level 1:colcon.colcon_core.environment:create_file_with_runtime_dependencies(/home/devika/robo_ws/install/moveit_task_constructor_demo/share/colcon-core/packages/moveit_task_constructor_demo)
[7.587s] DEBUG:colcon.colcon_core.event_handler.log_command:Invoked command in '/home/devika/robo_ws/build/hello_moveit_task_constructor' returned '2': CMAKE_MODULE_PATH=/home/devika/robo_ws/install/moveit_task_constructor_core/share/moveit_task_constructor_core/cmake:/home/devika/robo_ws/install/warehouse_ros_mongo/share/warehouse_ros_mongo/cmake:/home/devika/ws_moveit2/install/moveit_task_constructor_core/share/moveit_task_constructor_core/cmake CMAKE_PREFIX_PATH=/home/devika/robo_ws/install/moveit_task_constructor_core:/home/devika/robo_ws/install/rviz_marker_tools:/home/devika/robo_ws/install/moveit_task_constructor_msgs:/home/devika/robo_ws/install/urdf_humble_test_moveit_config:/home/devika/robo_ws/install/warehouse_ros_mongo:/home/devika/robo_ws/install/urdf_humble_test:/home/devika/robo_ws/install/moveit_task_constructor_visualization:/home/devika/robo_ws/install/moveit_task_constructor_demo:/home/devika/robo_ws/install/moveit_task_constructor_capabilities:/home/devika/robo_ws/install/hello_moveit_task_constructor:/home/devika/robo_ws/install/hello_moveit:/home/devika/robo_ws/install/gazebo_ros2_control:/home/devika/ws_moveit2/install/pilz_industrial_motion_planner_testutils:/home/devika/ws_moveit2/install/moveit_runtime:/home/devika/ws_moveit2/install/moveit2_tutorials:/home/devika/ws_moveit2/install/moveit:/home/devika/ws_moveit2/install/moveit_planners:/home/devika/ws_moveit2/install/pilz_industrial_motion_planner:/home/devika/ws_moveit2/install/moveit_visual_tools:/home/devika/ws_moveit2/install/moveit_task_constructor_visualization:/home/devika/ws_moveit2/install/moveit_task_constructor_demo:/home/devika/ws_moveit2/install/moveit_task_constructor_capabilities:/home/devika/ws_moveit2/install/moveit_task_constructor_core:/home/devika/ws_moveit2/install/moveit_ros_control_interface:/home/devika/ws_moveit2/install/moveit_plugins:/home/devika/ws_moveit2/install/moveit_simple_controller_manager:/home/devika/ws_moveit2/install/moveit_setup_assistant:/home/devika/ws_moveit2/install/moveit_setup_srdf_plugins:/home/devika/ws_moveit2/install/moveit_setup_core_plugins:/home/devika/ws_moveit2/install/moveit_setup_controllers:/home/devika/ws_moveit2/install/moveit_setup_app_plugins:/home/devika/ws_moveit2/install/moveit_setup_framework:/home/devika/ws_moveit2/install/moveit_servo:/home/devika/ws_moveit2/install/moveit_ros:/home/devika/ws_moveit2/install/moveit_ros_visualization:/home/devika/ws_moveit2/install/moveit_hybrid_planning:/home/devika/ws_moveit2/install/moveit_ros_planning_interface:/home/devika/ws_moveit2/install/moveit_ros_benchmarks:/home/devika/ws_moveit2/install/moveit_ros_warehouse:/home/devika/ws_moveit2/install/moveit_ros_robot_interaction:/home/devika/ws_moveit2/install/moveit_ros_perception:/home/devika/ws_moveit2/install/moveit_resources_prbt_pg70_support:/home/devika/ws_moveit2/install/moveit_resources_prbt_moveit_config:/home/devika/ws_moveit2/install/moveit_ros_move_group:/home/devika/ws_moveit2/install/moveit_planners_ompl:/home/devika/ws_moveit2/install/moveit_ros_planning:/home/devika/ws_moveit2/install/moveit_ros_occupancy_map_monitor:/home/devika/ws_moveit2/install/moveit_resources_prbt_ikfast_manipulator_plugin:/home/devika/ws_moveit2/install/moveit_planners_chomp:/home/devika/ws_moveit2/install/moveit_kinematics:/home/devika/ws_moveit2/install/moveit_chomp_optimizer_adapter:/home/devika/ws_moveit2/install/chomp_motion_planner:/home/devika/ws_moveit2/install/moveit_core:/home/devika/ws_moveit2/install/srdfdom:/home/devika/ws_moveit2/install/rviz_marker_tools:/home/devika/ws_moveit2/install/rosparam_shortcuts:/home/devika/ws_moveit2/install/moveit_task_constructor_msgs:/home/devika/ws_moveit2/install/moveit_resources_prbt_support:/home/devika/ws_moveit2/install/moveit_resources:/home/devika/ws_moveit2/install/moveit_resources_pr2_description:/home/devika/ws_moveit2/install/moveit_resources_panda_moveit_config:/home/devika/ws_moveit2/install/moveit_resources_panda_description:/home/devika/ws_moveit2/install/moveit_resources_fanuc_moveit_config:/home/devika/ws_moveit2/install/moveit_resources_fanuc_description:/home/devika/ws_moveit2/install/moveit_common:/home/devika/manga_ws/install/urdf_humble_test_moveit_config:/home/devika/manga_ws/install/urdf_humble_test:/home/devika/manga_ws/install/hello_moveit:/home/devika/some_ws/install/motoman_hc10_support:/home/devika/some_ws/install/motoman_resources:/home/devika/some_ws/install/hello_moveit:/home/devika/some_ws/install/hc20_sim_moveit_config:/home/devika/some_ws/install/hc20_moveit_config:/home/devika/some_ws/install/hc10_movit2v3:/home/devika/some_ws/install/hc10dt_moveit_config:/home/devika/robo_ws/install/perception_vision:/home/devika/robo_ws/install/cylinder_position_estimator:/home/devika/ws_moveit2/install/moveit_configs_utils:/home/devika/ws_moveit2/install/launch_param_builder:/opt/ros/humble LD_LIBRARY_PATH=/home/devika/robo_ws/install/moveit_task_constructor_core/lib:/home/devika/robo_ws/install/rviz_marker_tools/lib:/home/devika/robo_ws/install/moveit_task_constructor_msgs/lib:/home/devika/robo_ws/install/warehouse_ros_mongo/lib:/home/devika/robo_ws/install/moveit_task_constructor_visualization/lib:/home/devika/robo_ws/install/moveit_task_constructor_demo/lib:/home/devika/robo_ws/install/moveit_task_constructor_capabilities/lib:/home/devika/robo_ws/install/hello_moveit_task_constructor/lib:/home/devika/robo_ws/install/gazebo_ros2_control/lib:/home/devika/ws_moveit2/install/pilz_industrial_motion_planner_testutils/lib:/home/devika/ws_moveit2/install/pilz_industrial_motion_planner/lib:/home/devika/ws_moveit2/install/moveit_visual_tools/lib:/home/devika/ws_moveit2/install/moveit_task_constructor_visualization/lib:/home/devika/ws_moveit2/install/moveit_task_constructor_demo/lib:/home/devika/ws_moveit2/install/moveit_task_constructor_capabilities/lib:/home/devika/ws_moveit2/install/moveit_task_constructor_core/lib:/home/devika/ws_moveit2/install/moveit_ros_control_interface/lib:/home/devika/ws_moveit2/install/moveit_simple_controller_manager/lib:/home/devika/ws_moveit2/install/moveit_setup_assistant/lib:/home/devika/ws_moveit2/install/moveit_setup_srdf_plugins/lib:/home/devika/ws_moveit2/install/moveit_setup_core_plugins/lib:/home/devika/ws_moveit2/install/moveit_setup_controllers/lib:/home/devika/ws_moveit2/install/moveit_setup_app_plugins/lib:/home/devika/ws_moveit2/install/moveit_setup_framework/lib:/home/devika/ws_moveit2/install/moveit_servo/lib:/home/devika/ws_moveit2/install/moveit_ros_visualization/lib:/home/devika/ws_moveit2/install/moveit_hybrid_planning/lib:/home/devika/ws_moveit2/install/moveit_ros_planning_interface/lib:/home/devika/ws_moveit2/install/moveit_ros_benchmarks/lib:/home/devika/ws_moveit2/install/moveit_ros_warehouse/lib:/home/devika/ws_moveit2/install/moveit_ros_robot_interaction/lib:/home/devika/ws_moveit2/install/moveit_ros_perception/lib:/home/devika/ws_moveit2/install/moveit_ros_move_group/lib:/home/devika/ws_moveit2/install/moveit_planners_ompl/lib:/home/devika/ws_moveit2/install/moveit_ros_planning/lib:/home/devika/ws_moveit2/install/moveit_ros_occupancy_map_monitor/lib:/home/devika/ws_moveit2/install/moveit_resources_prbt_ikfast_manipulator_plugin/lib:/home/devika/ws_moveit2/install/moveit_planners_chomp/lib:/home/devika/ws_moveit2/install/moveit_kinematics/lib:/home/devika/ws_moveit2/install/moveit_chomp_optimizer_adapter/lib:/home/devika/ws_moveit2/install/chomp_motion_planner/lib:/home/devika/ws_moveit2/install/moveit_core/lib:/home/devika/ws_moveit2/install/srdfdom/lib:/home/devika/ws_moveit2/install/rviz_marker_tools/lib:/home/devika/ws_moveit2/install/rosparam_shortcuts/lib:/home/devika/ws_moveit2/install/moveit_task_constructor_msgs/lib:/usr/lib/x86_64-linux-gnu/gazebo-11/plugins:/opt/ros/humble/opt/rviz_ogre_vendor/lib:/opt/ros/humble/lib/x86_64-linux-gnu:/opt/ros/humble/lib /usr/bin/cmake --build /home/devika/robo_ws/build/hello_moveit_task_constructor -- -j8 -l8
[7.589s] Level 1:colcon.colcon_core.environment:create_environment_scripts_only(hello_moveit_task_constructor)
[7.589s] Level 1:colcon.colcon_core.environment:checking '/home/devika/robo_ws/install/hello_moveit_task_constructor' for CMake module files
[7.591s] Level 1:colcon.colcon_core.environment:checking '/home/devika/robo_ws/install/hello_moveit_task_constructor' for CMake config files
[7.591s] Level 1:colcon.colcon_core.environment:checking '/home/devika/robo_ws/install/hello_moveit_task_constructor/bin'
[7.591s] Level 1:colcon.colcon_core.environment:checking '/home/devika/robo_ws/install/hello_moveit_task_constructor/lib/pkgconfig/hello_moveit_task_constructor.pc'
[7.592s] Level 1:colcon.colcon_core.environment:checking '/home/devika/robo_ws/install/hello_moveit_task_constructor/lib/python3.10/site-packages'
[7.592s] Level 1:colcon.colcon_core.environment:checking '/home/devika/robo_ws/install/hello_moveit_task_constructor/bin'
[7.593s] INFO:colcon.colcon_core.shell:Creating package script '/home/devika/robo_ws/install/hello_moveit_task_constructor/share/hello_moveit_task_constructor/package.ps1'
[7.594s] INFO:colcon.colcon_core.shell:Creating package descriptor '/home/devika/robo_ws/install/hello_moveit_task_constructor/share/hello_moveit_task_constructor/package.dsv'
[7.595s] INFO:colcon.colcon_core.shell:Creating package script '/home/devika/robo_ws/install/hello_moveit_task_constructor/share/hello_moveit_task_constructor/package.sh'
[7.596s] INFO:colcon.colcon_core.shell:Creating package script '/home/devika/robo_ws/install/hello_moveit_task_constructor/share/hello_moveit_task_constructor/package.bash'
[7.598s] INFO:colcon.colcon_core.shell:Creating package script '/home/devika/robo_ws/install/hello_moveit_task_constructor/share/hello_moveit_task_constructor/package.zsh'
[7.599s] Level 1:colcon.colcon_core.environment:create_file_with_runtime_dependencies(/home/devika/robo_ws/install/hello_moveit_task_constructor/share/colcon-core/packages/hello_moveit_task_constructor)
[7.668s] DEBUG:colcon.colcon_parallel_executor.executor.parallel:closing loop
[7.669s] DEBUG:colcon.colcon_parallel_executor.executor.parallel:loop closed
[7.669s] DEBUG:colcon.colcon_parallel_executor.executor.parallel:run_until_complete finished with '2'
[7.669s] DEBUG:colcon.colcon_core.event_reactor:joining thread
[7.686s] INFO:colcon.colcon_core.plugin_system:Skipping extension 'colcon_notification.desktop_notification.terminal_notifier': Not used on non-Darwin systems
[7.686s] INFO:colcon.colcon_core.plugin_system:Skipping extension 'colcon_notification.desktop_notification.win32': Not used on non-Windows systems
[7.687s] INFO:colcon.colcon_notification.desktop_notification:Sending desktop notification using 'notify2'
[7.721s] DEBUG:colcon.colcon_core.event_reactor:joined thread
[7.722s] INFO:colcon.colcon_core.shell:Creating prefix script '/home/devika/robo_ws/install/local_setup.ps1'
[7.724s] INFO:colcon.colcon_core.shell:Creating prefix util module '/home/devika/robo_ws/install/_local_setup_util_ps1.py'
[7.728s] INFO:colcon.colcon_core.shell:Creating prefix chain script '/home/devika/robo_ws/install/setup.ps1'
[7.737s] INFO:colcon.colcon_core.shell:Creating prefix script '/home/devika/robo_ws/install/local_setup.sh'
[7.739s] INFO:colcon.colcon_core.shell:Creating prefix util module '/home/devika/robo_ws/install/_local_setup_util_sh.py'
[7.740s] INFO:colcon.colcon_core.shell:Creating prefix chain script '/home/devika/robo_ws/install/setup.sh'
[7.748s] INFO:colcon.colcon_core.shell:Creating prefix script '/home/devika/robo_ws/install/local_setup.bash'
[7.750s] INFO:colcon.colcon_core.shell:Creating prefix chain script '/home/devika/robo_ws/install/setup.bash'
[7.759s] INFO:colcon.colcon_core.shell:Creating prefix script '/home/devika/robo_ws/install/local_setup.zsh'
[7.761s] INFO:colcon.colcon_core.shell:Creating prefix chain script '/home/devika/robo_ws/install/setup.zsh'
