[0.143s] DEBUG:colcon:Command line arguments: ['/usr/bin/colcon', 'build', '--executor', 'sequential']
[0.143s] DEBUG:colcon:Parsed command line arguments: Namespace(log_base=None, log_level=None, verb_name='build', build_base='build', install_base='install', merge_install=False, symlink_install=False, test_result_base=None, continue_on_error=False, executor='sequential', parallel_workers=8, event_handlers=None, ignore_user_meta=False, metas=['./colcon.meta'], base_paths=['.'], packages_ignore=None, packages_ignore_regex=None, paths=None, packages_up_to=None, packages_up_to_regex=None, packages_above=None, packages_above_and_dependencies=None, packages_above_depth=None, packages_select_by_dep=None, packages_skip_by_dep=None, packages_skip_up_to=None, packages_select_build_failed=False, packages_skip_build_finished=False, packages_select_test_failures=False, packages_skip_test_passed=False, packages_select=None, packages_skip=None, packages_select_regex=None, packages_skip_regex=None, packages_start=None, packages_end=None, allow_overriding=[], cmake_args=None, cmake_target=None, cmake_target_skip_unavailable=False, cmake_clean_cache=False, cmake_clean_first=False, cmake_force_configure=False, ament_cmake_args=None, catkin_cmake_args=None, catkin_skip_building_tests=False, mixin_files=None, mixin=None, verb_parser=<colcon_mixin.mixin.mixin_argument.MixinArgumentDecorator object at 0x739190c6d1b0>, verb_extension=<colcon_core.verb.build.BuildVerb object at 0x739190c6cd00>, main=<bound method BuildVerb.main of <colcon_core.verb.build.BuildVerb object at 0x739190c6cd00>>, mixin_verb=('build',))
[0.379s] Level 1:colcon.colcon_core.package_discovery:discover_packages(colcon_meta) check parameters
[0.379s] Level 1:colcon.colcon_core.package_discovery:discover_packages(recursive) check parameters
[0.379s] Level 1:colcon.colcon_core.package_discovery:discover_packages(ignore) check parameters
[0.379s] Level 1:colcon.colcon_core.package_discovery:discover_packages(path) check parameters
[0.380s] Level 1:colcon.colcon_core.package_discovery:discover_packages(colcon_meta) discover
[0.380s] Level 1:colcon.colcon_core.package_discovery:discover_packages(recursive) discover
[0.380s] INFO:colcon.colcon_core.package_discovery:Crawling recursively for packages in '/home/devika/robo_ws'
[0.380s] Level 1:colcon.colcon_core.package_identification:_identify(.) by extensions ['ignore', 'ignore_ament_install']
[0.380s] Level 1:colcon.colcon_core.package_identification:_identify(.) by extension 'ignore'
[0.380s] Level 1:colcon.colcon_core.package_identification:_identify(.) by extension 'ignore_ament_install'
[0.380s] Level 1:colcon.colcon_core.package_identification:_identify(.) by extensions ['colcon_pkg']
[0.380s] Level 1:colcon.colcon_core.package_identification:_identify(.) by extension 'colcon_pkg'
[0.380s] Level 1:colcon.colcon_core.package_identification:_identify(.) by extensions ['colcon_meta']
[0.380s] Level 1:colcon.colcon_core.package_identification:_identify(.) by extension 'colcon_meta'
[0.380s] Level 1:colcon.colcon_core.package_identification:_identify(.) by extensions ['ros']
[0.380s] Level 1:colcon.colcon_core.package_identification:_identify(.) by extension 'ros'
[0.406s] Level 1:colcon.colcon_core.package_identification:_identify(.) by extensions ['cmake', 'python']
[0.406s] Level 1:colcon.colcon_core.package_identification:_identify(.) by extension 'cmake'
[0.406s] Level 1:colcon.colcon_core.package_identification:_identify(.) by extension 'python'
[0.406s] Level 1:colcon.colcon_core.package_identification:_identify(.) by extensions ['python_setup_py']
[0.406s] Level 1:colcon.colcon_core.package_identification:_identify(.) by extension 'python_setup_py'
[0.406s] Level 1:colcon.colcon_core.package_identification:_identify(build) by extensions ['ignore', 'ignore_ament_install']
[0.407s] Level 1:colcon.colcon_core.package_identification:_identify(build) by extension 'ignore'
[0.407s] Level 1:colcon.colcon_core.package_identification:_identify(build) ignored
[0.407s] Level 1:colcon.colcon_core.package_identification:_identify(install) by extensions ['ignore', 'ignore_ament_install']
[0.407s] Level 1:colcon.colcon_core.package_identification:_identify(install) by extension 'ignore'
[0.407s] Level 1:colcon.colcon_core.package_identification:_identify(install) ignored
[0.407s] Level 1:colcon.colcon_core.package_identification:_identify(log) by extensions ['ignore', 'ignore_ament_install']
[0.407s] Level 1:colcon.colcon_core.package_identification:_identify(log) by extension 'ignore'
[0.407s] Level 1:colcon.colcon_core.package_identification:_identify(log) ignored
[0.407s] Level 1:colcon.colcon_core.package_identification:_identify(src) by extensions ['ignore', 'ignore_ament_install']
[0.407s] Level 1:colcon.colcon_core.package_identification:_identify(src) by extension 'ignore'
[0.407s] Level 1:colcon.colcon_core.package_identification:_identify(src) by extension 'ignore_ament_install'
[0.407s] Level 1:colcon.colcon_core.package_identification:_identify(src) by extensions ['colcon_pkg']
[0.407s] Level 1:colcon.colcon_core.package_identification:_identify(src) by extension 'colcon_pkg'
[0.408s] Level 1:colcon.colcon_core.package_identification:_identify(src) by extensions ['colcon_meta']
[0.408s] Level 1:colcon.colcon_core.package_identification:_identify(src) by extension 'colcon_meta'
[0.408s] Level 1:colcon.colcon_core.package_identification:_identify(src) by extensions ['ros']
[0.408s] Level 1:colcon.colcon_core.package_identification:_identify(src) by extension 'ros'
[0.408s] Level 1:colcon.colcon_core.package_identification:_identify(src) by extensions ['cmake', 'python']
[0.408s] Level 1:colcon.colcon_core.package_identification:_identify(src) by extension 'cmake'
[0.408s] Level 1:colcon.colcon_core.package_identification:_identify(src) by extension 'python'
[0.408s] Level 1:colcon.colcon_core.package_identification:_identify(src) by extensions ['python_setup_py']
[0.408s] Level 1:colcon.colcon_core.package_identification:_identify(src) by extension 'python_setup_py'
[0.408s] Level 1:colcon.colcon_core.package_identification:_identify(src/cylinder_position_estimator) by extensions ['ignore', 'ignore_ament_install']
[0.408s] Level 1:colcon.colcon_core.package_identification:_identify(src/cylinder_position_estimator) by extension 'ignore'
[0.408s] Level 1:colcon.colcon_core.package_identification:_identify(src/cylinder_position_estimator) by extension 'ignore_ament_install'
[0.408s] Level 1:colcon.colcon_core.package_identification:_identify(src/cylinder_position_estimator) by extensions ['colcon_pkg']
[0.408s] Level 1:colcon.colcon_core.package_identification:_identify(src/cylinder_position_estimator) by extension 'colcon_pkg'
[0.408s] Level 1:colcon.colcon_core.package_identification:_identify(src/cylinder_position_estimator) by extensions ['colcon_meta']
[0.408s] Level 1:colcon.colcon_core.package_identification:_identify(src/cylinder_position_estimator) by extension 'colcon_meta'
[0.408s] Level 1:colcon.colcon_core.package_identification:_identify(src/cylinder_position_estimator) by extensions ['ros']
[0.409s] Level 1:colcon.colcon_core.package_identification:_identify(src/cylinder_position_estimator) by extension 'ros'
[0.412s] DEBUG:colcon.colcon_core.package_identification:Package 'src/cylinder_position_estimator' with type 'ros.ament_python' and name 'cylinder_position_estimator'
[0.412s] Level 1:colcon.colcon_core.package_identification:_identify(src/gazebo_ros2_control) by extensions ['ignore', 'ignore_ament_install']
[0.412s] Level 1:colcon.colcon_core.package_identification:_identify(src/gazebo_ros2_control) by extension 'ignore'
[0.412s] Level 1:colcon.colcon_core.package_identification:_identify(src/gazebo_ros2_control) by extension 'ignore_ament_install'
[0.412s] Level 1:colcon.colcon_core.package_identification:_identify(src/gazebo_ros2_control) by extensions ['colcon_pkg']
[0.412s] Level 1:colcon.colcon_core.package_identification:_identify(src/gazebo_ros2_control) by extension 'colcon_pkg'
[0.412s] Level 1:colcon.colcon_core.package_identification:_identify(src/gazebo_ros2_control) by extensions ['colcon_meta']
[0.413s] Level 1:colcon.colcon_core.package_identification:_identify(src/gazebo_ros2_control) by extension 'colcon_meta'
[0.413s] Level 1:colcon.colcon_core.package_identification:_identify(src/gazebo_ros2_control) by extensions ['ros']
[0.413s] Level 1:colcon.colcon_core.package_identification:_identify(src/gazebo_ros2_control) by extension 'ros'
[0.414s] DEBUG:colcon.colcon_core.package_identification:Package 'src/gazebo_ros2_control' with type 'ros.ament_cmake' and name 'gazebo_ros2_control'
[0.414s] Level 1:colcon.colcon_core.package_identification:_identify(src/hello_moveit) by extensions ['ignore', 'ignore_ament_install']
[0.414s] Level 1:colcon.colcon_core.package_identification:_identify(src/hello_moveit) by extension 'ignore'
[0.414s] Level 1:colcon.colcon_core.package_identification:_identify(src/hello_moveit) by extension 'ignore_ament_install'
[0.415s] Level 1:colcon.colcon_core.package_identification:_identify(src/hello_moveit) by extensions ['colcon_pkg']
[0.415s] Level 1:colcon.colcon_core.package_identification:_identify(src/hello_moveit) by extension 'colcon_pkg'
[0.415s] Level 1:colcon.colcon_core.package_identification:_identify(src/hello_moveit) by extensions ['colcon_meta']
[0.415s] Level 1:colcon.colcon_core.package_identification:_identify(src/hello_moveit) by extension 'colcon_meta'
[0.415s] Level 1:colcon.colcon_core.package_identification:_identify(src/hello_moveit) by extensions ['ros']
[0.415s] Level 1:colcon.colcon_core.package_identification:_identify(src/hello_moveit) by extension 'ros'
[0.416s] DEBUG:colcon.colcon_core.package_identification:Package 'src/hello_moveit' with type 'ros.ament_cmake' and name 'hello_moveit'
[0.416s] Level 1:colcon.colcon_core.package_identification:_identify(src/hello_moveit_task_constructor) by extensions ['ignore', 'ignore_ament_install']
[0.416s] Level 1:colcon.colcon_core.package_identification:_identify(src/hello_moveit_task_constructor) by extension 'ignore'
[0.416s] Level 1:colcon.colcon_core.package_identification:_identify(src/hello_moveit_task_constructor) by extension 'ignore_ament_install'
[0.416s] Level 1:colcon.colcon_core.package_identification:_identify(src/hello_moveit_task_constructor) by extensions ['colcon_pkg']
[0.416s] Level 1:colcon.colcon_core.package_identification:_identify(src/hello_moveit_task_constructor) by extension 'colcon_pkg'
[0.416s] Level 1:colcon.colcon_core.package_identification:_identify(src/hello_moveit_task_constructor) by extensions ['colcon_meta']
[0.416s] Level 1:colcon.colcon_core.package_identification:_identify(src/hello_moveit_task_constructor) by extension 'colcon_meta'
[0.416s] Level 1:colcon.colcon_core.package_identification:_identify(src/hello_moveit_task_constructor) by extensions ['ros']
[0.416s] Level 1:colcon.colcon_core.package_identification:_identify(src/hello_moveit_task_constructor) by extension 'ros'
[0.417s] DEBUG:colcon.colcon_core.package_identification:Package 'src/hello_moveit_task_constructor' with type 'ros.ament_cmake' and name 'hello_moveit_task_constructor'
[0.417s] Level 1:colcon.colcon_core.package_identification:_identify(src/moveit_task_constructor) by extensions ['ignore', 'ignore_ament_install']
[0.417s] Level 1:colcon.colcon_core.package_identification:_identify(src/moveit_task_constructor) by extension 'ignore'
[0.417s] Level 1:colcon.colcon_core.package_identification:_identify(src/moveit_task_constructor) by extension 'ignore_ament_install'
[0.418s] Level 1:colcon.colcon_core.package_identification:_identify(src/moveit_task_constructor) by extensions ['colcon_pkg']
[0.418s] Level 1:colcon.colcon_core.package_identification:_identify(src/moveit_task_constructor) by extension 'colcon_pkg'
[0.418s] Level 1:colcon.colcon_core.package_identification:_identify(src/moveit_task_constructor) by extensions ['colcon_meta']
[0.418s] Level 1:colcon.colcon_core.package_identification:_identify(src/moveit_task_constructor) by extension 'colcon_meta'
[0.418s] Level 1:colcon.colcon_core.package_identification:_identify(src/moveit_task_constructor) by extensions ['ros']
[0.418s] Level 1:colcon.colcon_core.package_identification:_identify(src/moveit_task_constructor) by extension 'ros'
[0.418s] Level 1:colcon.colcon_core.package_identification:_identify(src/moveit_task_constructor) by extensions ['cmake', 'python']
[0.418s] Level 1:colcon.colcon_core.package_identification:_identify(src/moveit_task_constructor) by extension 'cmake'
[0.418s] Level 1:colcon.colcon_core.package_identification:_identify(src/moveit_task_constructor) by extension 'python'
[0.418s] Level 1:colcon.colcon_core.package_identification:_identify(src/moveit_task_constructor) by extensions ['python_setup_py']
[0.418s] Level 1:colcon.colcon_core.package_identification:_identify(src/moveit_task_constructor) by extension 'python_setup_py'
[0.418s] Level 1:colcon.colcon_core.package_identification:_identify(src/moveit_task_constructor/capabilities) by extensions ['ignore', 'ignore_ament_install']
[0.418s] Level 1:colcon.colcon_core.package_identification:_identify(src/moveit_task_constructor/capabilities) by extension 'ignore'
[0.418s] Level 1:colcon.colcon_core.package_identification:_identify(src/moveit_task_constructor/capabilities) by extension 'ignore_ament_install'
[0.418s] Level 1:colcon.colcon_core.package_identification:_identify(src/moveit_task_constructor/capabilities) by extensions ['colcon_pkg']
[0.418s] Level 1:colcon.colcon_core.package_identification:_identify(src/moveit_task_constructor/capabilities) by extension 'colcon_pkg'
[0.418s] Level 1:colcon.colcon_core.package_identification:_identify(src/moveit_task_constructor/capabilities) by extensions ['colcon_meta']
[0.419s] Level 1:colcon.colcon_core.package_identification:_identify(src/moveit_task_constructor/capabilities) by extension 'colcon_meta'
[0.419s] Level 1:colcon.colcon_core.package_identification:_identify(src/moveit_task_constructor/capabilities) by extensions ['ros']
[0.419s] Level 1:colcon.colcon_core.package_identification:_identify(src/moveit_task_constructor/capabilities) by extension 'ros'
[0.420s] DEBUG:colcon.colcon_core.package_identification:Package 'src/moveit_task_constructor/capabilities' with type 'ros.ament_cmake' and name 'moveit_task_constructor_capabilities'
[0.420s] Level 1:colcon.colcon_core.package_identification:_identify(src/moveit_task_constructor/core) by extensions ['ignore', 'ignore_ament_install']
[0.420s] Level 1:colcon.colcon_core.package_identification:_identify(src/moveit_task_constructor/core) by extension 'ignore'
[0.420s] Level 1:colcon.colcon_core.package_identification:_identify(src/moveit_task_constructor/core) by extension 'ignore_ament_install'
[0.420s] Level 1:colcon.colcon_core.package_identification:_identify(src/moveit_task_constructor/core) by extensions ['colcon_pkg']
[0.420s] Level 1:colcon.colcon_core.package_identification:_identify(src/moveit_task_constructor/core) by extension 'colcon_pkg'
[0.420s] Level 1:colcon.colcon_core.package_identification:_identify(src/moveit_task_constructor/core) by extensions ['colcon_meta']
[0.420s] Level 1:colcon.colcon_core.package_identification:_identify(src/moveit_task_constructor/core) by extension 'colcon_meta'
[0.420s] Level 1:colcon.colcon_core.package_identification:_identify(src/moveit_task_constructor/core) by extensions ['ros']
[0.420s] Level 1:colcon.colcon_core.package_identification:_identify(src/moveit_task_constructor/core) by extension 'ros'
[0.422s] DEBUG:colcon.colcon_core.package_identification:Package 'src/moveit_task_constructor/core' with type 'ros.ament_cmake' and name 'moveit_task_constructor_core'
[0.422s] Level 1:colcon.colcon_core.package_identification:_identify(src/moveit_task_constructor/demo) by extensions ['ignore', 'ignore_ament_install']
[0.422s] Level 1:colcon.colcon_core.package_identification:_identify(src/moveit_task_constructor/demo) by extension 'ignore'
[0.422s] Level 1:colcon.colcon_core.package_identification:_identify(src/moveit_task_constructor/demo) by extension 'ignore_ament_install'
[0.422s] Level 1:colcon.colcon_core.package_identification:_identify(src/moveit_task_constructor/demo) by extensions ['colcon_pkg']
[0.422s] Level 1:colcon.colcon_core.package_identification:_identify(src/moveit_task_constructor/demo) by extension 'colcon_pkg'
[0.422s] Level 1:colcon.colcon_core.package_identification:_identify(src/moveit_task_constructor/demo) by extensions ['colcon_meta']
[0.422s] Level 1:colcon.colcon_core.package_identification:_identify(src/moveit_task_constructor/demo) by extension 'colcon_meta'
[0.423s] Level 1:colcon.colcon_core.package_identification:_identify(src/moveit_task_constructor/demo) by extensions ['ros']
[0.423s] Level 1:colcon.colcon_core.package_identification:_identify(src/moveit_task_constructor/demo) by extension 'ros'
[0.424s] DEBUG:colcon.colcon_core.package_identification:Package 'src/moveit_task_constructor/demo' with type 'ros.ament_cmake' and name 'moveit_task_constructor_demo'
[0.424s] Level 1:colcon.colcon_core.package_identification:_identify(src/moveit_task_constructor/msgs) by extensions ['ignore', 'ignore_ament_install']
[0.424s] Level 1:colcon.colcon_core.package_identification:_identify(src/moveit_task_constructor/msgs) by extension 'ignore'
[0.424s] Level 1:colcon.colcon_core.package_identification:_identify(src/moveit_task_constructor/msgs) by extension 'ignore_ament_install'
[0.424s] Level 1:colcon.colcon_core.package_identification:_identify(src/moveit_task_constructor/msgs) by extensions ['colcon_pkg']
[0.424s] Level 1:colcon.colcon_core.package_identification:_identify(src/moveit_task_constructor/msgs) by extension 'colcon_pkg'
[0.424s] Level 1:colcon.colcon_core.package_identification:_identify(src/moveit_task_constructor/msgs) by extensions ['colcon_meta']
[0.424s] Level 1:colcon.colcon_core.package_identification:_identify(src/moveit_task_constructor/msgs) by extension 'colcon_meta'
[0.424s] Level 1:colcon.colcon_core.package_identification:_identify(src/moveit_task_constructor/msgs) by extensions ['ros']
[0.424s] Level 1:colcon.colcon_core.package_identification:_identify(src/moveit_task_constructor/msgs) by extension 'ros'
[0.425s] DEBUG:colcon.colcon_core.package_identification:Package 'src/moveit_task_constructor/msgs' with type 'ros.ament_cmake' and name 'moveit_task_constructor_msgs'
[0.425s] Level 1:colcon.colcon_core.package_identification:_identify(src/moveit_task_constructor/rviz_marker_tools) by extensions ['ignore', 'ignore_ament_install']
[0.425s] Level 1:colcon.colcon_core.package_identification:_identify(src/moveit_task_constructor/rviz_marker_tools) by extension 'ignore'
[0.425s] Level 1:colcon.colcon_core.package_identification:_identify(src/moveit_task_constructor/rviz_marker_tools) by extension 'ignore_ament_install'
[0.425s] Level 1:colcon.colcon_core.package_identification:_identify(src/moveit_task_constructor/rviz_marker_tools) by extensions ['colcon_pkg']
[0.425s] Level 1:colcon.colcon_core.package_identification:_identify(src/moveit_task_constructor/rviz_marker_tools) by extension 'colcon_pkg'
[0.425s] Level 1:colcon.colcon_core.package_identification:_identify(src/moveit_task_constructor/rviz_marker_tools) by extensions ['colcon_meta']
[0.425s] Level 1:colcon.colcon_core.package_identification:_identify(src/moveit_task_constructor/rviz_marker_tools) by extension 'colcon_meta'
[0.425s] Level 1:colcon.colcon_core.package_identification:_identify(src/moveit_task_constructor/rviz_marker_tools) by extensions ['ros']
[0.425s] Level 1:colcon.colcon_core.package_identification:_identify(src/moveit_task_constructor/rviz_marker_tools) by extension 'ros'
[0.426s] DEBUG:colcon.colcon_core.package_identification:Package 'src/moveit_task_constructor/rviz_marker_tools' with type 'ros.ament_cmake' and name 'rviz_marker_tools'
[0.427s] Level 1:colcon.colcon_core.package_identification:_identify(src/moveit_task_constructor/visualization) by extensions ['ignore', 'ignore_ament_install']
[0.427s] Level 1:colcon.colcon_core.package_identification:_identify(src/moveit_task_constructor/visualization) by extension 'ignore'
[0.427s] Level 1:colcon.colcon_core.package_identification:_identify(src/moveit_task_constructor/visualization) by extension 'ignore_ament_install'
[0.427s] Level 1:colcon.colcon_core.package_identification:_identify(src/moveit_task_constructor/visualization) by extensions ['colcon_pkg']
[0.427s] Level 1:colcon.colcon_core.package_identification:_identify(src/moveit_task_constructor/visualization) by extension 'colcon_pkg'
[0.427s] Level 1:colcon.colcon_core.package_identification:_identify(src/moveit_task_constructor/visualization) by extensions ['colcon_meta']
[0.427s] Level 1:colcon.colcon_core.package_identification:_identify(src/moveit_task_constructor/visualization) by extension 'colcon_meta'
[0.427s] Level 1:colcon.colcon_core.package_identification:_identify(src/moveit_task_constructor/visualization) by extensions ['ros']
[0.427s] Level 1:colcon.colcon_core.package_identification:_identify(src/moveit_task_constructor/visualization) by extension 'ros'
[0.428s] DEBUG:colcon.colcon_core.package_identification:Package 'src/moveit_task_constructor/visualization' with type 'ros.ament_cmake' and name 'moveit_task_constructor_visualization'
[0.428s] Level 1:colcon.colcon_core.package_identification:_identify(src/perception_vision) by extensions ['ignore', 'ignore_ament_install']
[0.428s] Level 1:colcon.colcon_core.package_identification:_identify(src/perception_vision) by extension 'ignore'
[0.428s] Level 1:colcon.colcon_core.package_identification:_identify(src/perception_vision) by extension 'ignore_ament_install'
[0.428s] Level 1:colcon.colcon_core.package_identification:_identify(src/perception_vision) by extensions ['colcon_pkg']
[0.429s] Level 1:colcon.colcon_core.package_identification:_identify(src/perception_vision) by extension 'colcon_pkg'
[0.429s] Level 1:colcon.colcon_core.package_identification:_identify(src/perception_vision) by extensions ['colcon_meta']
[0.429s] Level 1:colcon.colcon_core.package_identification:_identify(src/perception_vision) by extension 'colcon_meta'
[0.429s] Level 1:colcon.colcon_core.package_identification:_identify(src/perception_vision) by extensions ['ros']
[0.429s] Level 1:colcon.colcon_core.package_identification:_identify(src/perception_vision) by extension 'ros'
[0.429s] DEBUG:colcon.colcon_core.package_identification:Package 'src/perception_vision' with type 'ros.ament_python' and name 'perception_vision'
[0.429s] Level 1:colcon.colcon_core.package_identification:_identify(src/urdf_humble_test) by extensions ['ignore', 'ignore_ament_install']
[0.430s] Level 1:colcon.colcon_core.package_identification:_identify(src/urdf_humble_test) by extension 'ignore'
[0.430s] Level 1:colcon.colcon_core.package_identification:_identify(src/urdf_humble_test) by extension 'ignore_ament_install'
[0.430s] Level 1:colcon.colcon_core.package_identification:_identify(src/urdf_humble_test) by extensions ['colcon_pkg']
[0.430s] Level 1:colcon.colcon_core.package_identification:_identify(src/urdf_humble_test) by extension 'colcon_pkg'
[0.430s] Level 1:colcon.colcon_core.package_identification:_identify(src/urdf_humble_test) by extensions ['colcon_meta']
[0.430s] Level 1:colcon.colcon_core.package_identification:_identify(src/urdf_humble_test) by extension 'colcon_meta'
[0.430s] Level 1:colcon.colcon_core.package_identification:_identify(src/urdf_humble_test) by extensions ['ros']
[0.430s] Level 1:colcon.colcon_core.package_identification:_identify(src/urdf_humble_test) by extension 'ros'
[0.431s] DEBUG:colcon.colcon_core.package_identification:Package 'src/urdf_humble_test' with type 'ros.ament_cmake' and name 'urdf_humble_test'
[0.431s] Level 1:colcon.colcon_core.package_identification:_identify(src/urdf_humble_test_moveit_config) by extensions ['ignore', 'ignore_ament_install']
[0.431s] Level 1:colcon.colcon_core.package_identification:_identify(src/urdf_humble_test_moveit_config) by extension 'ignore'
[0.431s] Level 1:colcon.colcon_core.package_identification:_identify(src/urdf_humble_test_moveit_config) by extension 'ignore_ament_install'
[0.431s] Level 1:colcon.colcon_core.package_identification:_identify(src/urdf_humble_test_moveit_config) by extensions ['colcon_pkg']
[0.431s] Level 1:colcon.colcon_core.package_identification:_identify(src/urdf_humble_test_moveit_config) by extension 'colcon_pkg'
[0.432s] Level 1:colcon.colcon_core.package_identification:_identify(src/urdf_humble_test_moveit_config) by extensions ['colcon_meta']
[0.432s] Level 1:colcon.colcon_core.package_identification:_identify(src/urdf_humble_test_moveit_config) by extension 'colcon_meta'
[0.432s] Level 1:colcon.colcon_core.package_identification:_identify(src/urdf_humble_test_moveit_config) by extensions ['ros']
[0.432s] Level 1:colcon.colcon_core.package_identification:_identify(src/urdf_humble_test_moveit_config) by extension 'ros'
[0.433s] DEBUG:colcon.colcon_core.package_identification:Package 'src/urdf_humble_test_moveit_config' with type 'ros.ament_cmake' and name 'urdf_humble_test_moveit_config'
[0.433s] Level 1:colcon.colcon_core.package_identification:_identify(src/warehouse_ros_mongo) by extensions ['ignore', 'ignore_ament_install']
[0.433s] Level 1:colcon.colcon_core.package_identification:_identify(src/warehouse_ros_mongo) by extension 'ignore'
[0.433s] Level 1:colcon.colcon_core.package_identification:_identify(src/warehouse_ros_mongo) by extension 'ignore_ament_install'
[0.433s] Level 1:colcon.colcon_core.package_identification:_identify(src/warehouse_ros_mongo) by extensions ['colcon_pkg']
[0.433s] Level 1:colcon.colcon_core.package_identification:_identify(src/warehouse_ros_mongo) by extension 'colcon_pkg'
[0.433s] Level 1:colcon.colcon_core.package_identification:_identify(src/warehouse_ros_mongo) by extensions ['colcon_meta']
[0.433s] Level 1:colcon.colcon_core.package_identification:_identify(src/warehouse_ros_mongo) by extension 'colcon_meta'
[0.433s] Level 1:colcon.colcon_core.package_identification:_identify(src/warehouse_ros_mongo) by extensions ['ros']
[0.433s] Level 1:colcon.colcon_core.package_identification:_identify(src/warehouse_ros_mongo) by extension 'ros'
[0.434s] DEBUG:colcon.colcon_core.package_identification:Package 'src/warehouse_ros_mongo' with type 'ros.ament_cmake' and name 'warehouse_ros_mongo'
[0.434s] Level 1:colcon.colcon_core.package_discovery:discover_packages(recursive) using defaults
[0.434s] Level 1:colcon.colcon_core.package_discovery:discover_packages(ignore) discover
[0.434s] Level 1:colcon.colcon_core.package_discovery:discover_packages(ignore) using defaults
[0.434s] Level 1:colcon.colcon_core.package_discovery:discover_packages(path) discover
[0.434s] Level 1:colcon.colcon_core.package_discovery:discover_packages(path) using defaults
[0.462s] Level 1:colcon.colcon_core.package_discovery:discover_packages(prefix_path) check parameters
[0.462s] Level 1:colcon.colcon_core.package_discovery:discover_packages(prefix_path) discover
[0.465s] DEBUG:colcon.colcon_installed_package_information.package_discovery:Found 14 installed packages in /home/devika/robo_ws/install
[0.466s] DEBUG:colcon.colcon_installed_package_information.package_discovery:Found 3 installed packages in /home/devika/manga_ws/install
[0.466s] DEBUG:colcon.colcon_installed_package_information.package_discovery:Found 7 installed packages in /home/devika/some_ws/install
[0.469s] DEBUG:colcon.colcon_installed_package_information.package_discovery:Found 419 installed packages in /opt/ros/humble
[0.471s] Level 1:colcon.colcon_core.package_discovery:discover_packages(prefix_path) using defaults
[0.531s] WARNING:colcon.colcon_core.package_selection:Some selected packages are already built in one or more underlay workspaces:
	'gazebo_ros2_control' is in: /home/devika/robo_ws/install/gazebo_ros2_control, /opt/ros/humble
	'warehouse_ros_mongo' is in: /home/devika/robo_ws/install/warehouse_ros_mongo
If a package in a merged underlay workspace is overridden and it installs headers, then all packages in the overlay must sort their include directories by workspace order. Failure to do so may result in build failures or undefined behavior at run time.
If the overridden package is used by another package in any underlay, then the overriding package in the overlay must be API and ABI compatible or undefined behavior at run time may occur.

If you understand the risks and want to override a package anyways, add the following to the command line:
	--allow-overriding gazebo_ros2_control warehouse_ros_mongo

This may be promoted to an error in a future release of colcon-override-check.
[0.532s] Level 5:colcon.colcon_core.verb:set package 'cylinder_position_estimator' build argument 'cmake_args' from command line to 'None'
[0.532s] Level 5:colcon.colcon_core.verb:set package 'cylinder_position_estimator' build argument 'cmake_target' from command line to 'None'
[0.532s] Level 5:colcon.colcon_core.verb:set package 'cylinder_position_estimator' build argument 'cmake_target_skip_unavailable' from command line to 'False'
[0.532s] Level 5:colcon.colcon_core.verb:set package 'cylinder_position_estimator' build argument 'cmake_clean_cache' from command line to 'False'
[0.532s] Level 5:colcon.colcon_core.verb:set package 'cylinder_position_estimator' build argument 'cmake_clean_first' from command line to 'False'
[0.532s] Level 5:colcon.colcon_core.verb:set package 'cylinder_position_estimator' build argument 'cmake_force_configure' from command line to 'False'
[0.532s] Level 5:colcon.colcon_core.verb:set package 'cylinder_position_estimator' build argument 'ament_cmake_args' from command line to 'None'
[0.532s] Level 5:colcon.colcon_core.verb:set package 'cylinder_position_estimator' build argument 'catkin_cmake_args' from command line to 'None'
[0.533s] Level 5:colcon.colcon_core.verb:set package 'cylinder_position_estimator' build argument 'catkin_skip_building_tests' from command line to 'False'
[0.533s] DEBUG:colcon.colcon_core.verb:Building package 'cylinder_position_estimator' with the following arguments: {'ament_cmake_args': None, 'build_base': '/home/devika/robo_ws/build/cylinder_position_estimator', 'catkin_cmake_args': None, 'catkin_skip_building_tests': False, 'cmake_args': None, 'cmake_clean_cache': False, 'cmake_clean_first': False, 'cmake_force_configure': False, 'cmake_target': None, 'cmake_target_skip_unavailable': False, 'install_base': '/home/devika/robo_ws/install/cylinder_position_estimator', 'merge_install': False, 'path': '/home/devika/robo_ws/src/cylinder_position_estimator', 'symlink_install': False, 'test_result_base': None}
[0.533s] Level 5:colcon.colcon_core.verb:set package 'gazebo_ros2_control' build argument 'cmake_args' from command line to 'None'
[0.533s] Level 5:colcon.colcon_core.verb:set package 'gazebo_ros2_control' build argument 'cmake_target' from command line to 'None'
[0.533s] Level 5:colcon.colcon_core.verb:set package 'gazebo_ros2_control' build argument 'cmake_target_skip_unavailable' from command line to 'False'
[0.533s] Level 5:colcon.colcon_core.verb:set package 'gazebo_ros2_control' build argument 'cmake_clean_cache' from command line to 'False'
[0.533s] Level 5:colcon.colcon_core.verb:set package 'gazebo_ros2_control' build argument 'cmake_clean_first' from command line to 'False'
[0.533s] Level 5:colcon.colcon_core.verb:set package 'gazebo_ros2_control' build argument 'cmake_force_configure' from command line to 'False'
[0.533s] Level 5:colcon.colcon_core.verb:set package 'gazebo_ros2_control' build argument 'ament_cmake_args' from command line to 'None'
[0.533s] Level 5:colcon.colcon_core.verb:set package 'gazebo_ros2_control' build argument 'catkin_cmake_args' from command line to 'None'
[0.533s] Level 5:colcon.colcon_core.verb:set package 'gazebo_ros2_control' build argument 'catkin_skip_building_tests' from command line to 'False'
[0.533s] DEBUG:colcon.colcon_core.verb:Building package 'gazebo_ros2_control' with the following arguments: {'ament_cmake_args': None, 'build_base': '/home/devika/robo_ws/build/gazebo_ros2_control', 'catkin_cmake_args': None, 'catkin_skip_building_tests': False, 'cmake_args': None, 'cmake_clean_cache': False, 'cmake_clean_first': False, 'cmake_force_configure': False, 'cmake_target': None, 'cmake_target_skip_unavailable': False, 'install_base': '/home/devika/robo_ws/install/gazebo_ros2_control', 'merge_install': False, 'path': '/home/devika/robo_ws/src/gazebo_ros2_control', 'symlink_install': False, 'test_result_base': None}
[0.534s] Level 5:colcon.colcon_core.verb:set package 'hello_moveit' build argument 'cmake_args' from command line to 'None'
[0.534s] Level 5:colcon.colcon_core.verb:set package 'hello_moveit' build argument 'cmake_target' from command line to 'None'
[0.534s] Level 5:colcon.colcon_core.verb:set package 'hello_moveit' build argument 'cmake_target_skip_unavailable' from command line to 'False'
[0.534s] Level 5:colcon.colcon_core.verb:set package 'hello_moveit' build argument 'cmake_clean_cache' from command line to 'False'
[0.534s] Level 5:colcon.colcon_core.verb:set package 'hello_moveit' build argument 'cmake_clean_first' from command line to 'False'
[0.534s] Level 5:colcon.colcon_core.verb:set package 'hello_moveit' build argument 'cmake_force_configure' from command line to 'False'
[0.534s] Level 5:colcon.colcon_core.verb:set package 'hello_moveit' build argument 'ament_cmake_args' from command line to 'None'
[0.534s] Level 5:colcon.colcon_core.verb:set package 'hello_moveit' build argument 'catkin_cmake_args' from command line to 'None'
[0.534s] Level 5:colcon.colcon_core.verb:set package 'hello_moveit' build argument 'catkin_skip_building_tests' from command line to 'False'
[0.534s] DEBUG:colcon.colcon_core.verb:Building package 'hello_moveit' with the following arguments: {'ament_cmake_args': None, 'build_base': '/home/devika/robo_ws/build/hello_moveit', 'catkin_cmake_args': None, 'catkin_skip_building_tests': False, 'cmake_args': None, 'cmake_clean_cache': False, 'cmake_clean_first': False, 'cmake_force_configure': False, 'cmake_target': None, 'cmake_target_skip_unavailable': False, 'install_base': '/home/devika/robo_ws/install/hello_moveit', 'merge_install': False, 'path': '/home/devika/robo_ws/src/hello_moveit', 'symlink_install': False, 'test_result_base': None}
[0.534s] Level 5:colcon.colcon_core.verb:set package 'moveit_task_constructor_msgs' build argument 'cmake_args' from command line to 'None'
[0.534s] Level 5:colcon.colcon_core.verb:set package 'moveit_task_constructor_msgs' build argument 'cmake_target' from command line to 'None'
[0.534s] Level 5:colcon.colcon_core.verb:set package 'moveit_task_constructor_msgs' build argument 'cmake_target_skip_unavailable' from command line to 'False'
[0.534s] Level 5:colcon.colcon_core.verb:set package 'moveit_task_constructor_msgs' build argument 'cmake_clean_cache' from command line to 'False'
[0.534s] Level 5:colcon.colcon_core.verb:set package 'moveit_task_constructor_msgs' build argument 'cmake_clean_first' from command line to 'False'
[0.535s] Level 5:colcon.colcon_core.verb:set package 'moveit_task_constructor_msgs' build argument 'cmake_force_configure' from command line to 'False'
[0.535s] Level 5:colcon.colcon_core.verb:set package 'moveit_task_constructor_msgs' build argument 'ament_cmake_args' from command line to 'None'
[0.535s] Level 5:colcon.colcon_core.verb:set package 'moveit_task_constructor_msgs' build argument 'catkin_cmake_args' from command line to 'None'
[0.535s] Level 5:colcon.colcon_core.verb:set package 'moveit_task_constructor_msgs' build argument 'catkin_skip_building_tests' from command line to 'False'
[0.535s] DEBUG:colcon.colcon_core.verb:Building package 'moveit_task_constructor_msgs' with the following arguments: {'ament_cmake_args': None, 'build_base': '/home/devika/robo_ws/build/moveit_task_constructor_msgs', 'catkin_cmake_args': None, 'catkin_skip_building_tests': False, 'cmake_args': None, 'cmake_clean_cache': False, 'cmake_clean_first': False, 'cmake_force_configure': False, 'cmake_target': None, 'cmake_target_skip_unavailable': False, 'install_base': '/home/devika/robo_ws/install/moveit_task_constructor_msgs', 'merge_install': False, 'path': '/home/devika/robo_ws/src/moveit_task_constructor/msgs', 'symlink_install': False, 'test_result_base': None}
[0.535s] Level 5:colcon.colcon_core.verb:set package 'perception_vision' build argument 'cmake_args' from command line to 'None'
[0.535s] Level 5:colcon.colcon_core.verb:set package 'perception_vision' build argument 'cmake_target' from command line to 'None'
[0.535s] Level 5:colcon.colcon_core.verb:set package 'perception_vision' build argument 'cmake_target_skip_unavailable' from command line to 'False'
[0.535s] Level 5:colcon.colcon_core.verb:set package 'perception_vision' build argument 'cmake_clean_cache' from command line to 'False'
[0.535s] Level 5:colcon.colcon_core.verb:set package 'perception_vision' build argument 'cmake_clean_first' from command line to 'False'
[0.535s] Level 5:colcon.colcon_core.verb:set package 'perception_vision' build argument 'cmake_force_configure' from command line to 'False'
[0.535s] Level 5:colcon.colcon_core.verb:set package 'perception_vision' build argument 'ament_cmake_args' from command line to 'None'
[0.535s] Level 5:colcon.colcon_core.verb:set package 'perception_vision' build argument 'catkin_cmake_args' from command line to 'None'
[0.535s] Level 5:colcon.colcon_core.verb:set package 'perception_vision' build argument 'catkin_skip_building_tests' from command line to 'False'
[0.535s] DEBUG:colcon.colcon_core.verb:Building package 'perception_vision' with the following arguments: {'ament_cmake_args': None, 'build_base': '/home/devika/robo_ws/build/perception_vision', 'catkin_cmake_args': None, 'catkin_skip_building_tests': False, 'cmake_args': None, 'cmake_clean_cache': False, 'cmake_clean_first': False, 'cmake_force_configure': False, 'cmake_target': None, 'cmake_target_skip_unavailable': False, 'install_base': '/home/devika/robo_ws/install/perception_vision', 'merge_install': False, 'path': '/home/devika/robo_ws/src/perception_vision', 'symlink_install': False, 'test_result_base': None}
[0.536s] Level 5:colcon.colcon_core.verb:set package 'rviz_marker_tools' build argument 'cmake_args' from command line to 'None'
[0.536s] Level 5:colcon.colcon_core.verb:set package 'rviz_marker_tools' build argument 'cmake_target' from command line to 'None'
[0.536s] Level 5:colcon.colcon_core.verb:set package 'rviz_marker_tools' build argument 'cmake_target_skip_unavailable' from command line to 'False'
[0.536s] Level 5:colcon.colcon_core.verb:set package 'rviz_marker_tools' build argument 'cmake_clean_cache' from command line to 'False'
[0.536s] Level 5:colcon.colcon_core.verb:set package 'rviz_marker_tools' build argument 'cmake_clean_first' from command line to 'False'
[0.536s] Level 5:colcon.colcon_core.verb:set package 'rviz_marker_tools' build argument 'cmake_force_configure' from command line to 'False'
[0.536s] Level 5:colcon.colcon_core.verb:set package 'rviz_marker_tools' build argument 'ament_cmake_args' from command line to 'None'
[0.536s] Level 5:colcon.colcon_core.verb:set package 'rviz_marker_tools' build argument 'catkin_cmake_args' from command line to 'None'
[0.536s] Level 5:colcon.colcon_core.verb:set package 'rviz_marker_tools' build argument 'catkin_skip_building_tests' from command line to 'False'
[0.536s] DEBUG:colcon.colcon_core.verb:Building package 'rviz_marker_tools' with the following arguments: {'ament_cmake_args': None, 'build_base': '/home/devika/robo_ws/build/rviz_marker_tools', 'catkin_cmake_args': None, 'catkin_skip_building_tests': False, 'cmake_args': None, 'cmake_clean_cache': False, 'cmake_clean_first': False, 'cmake_force_configure': False, 'cmake_target': None, 'cmake_target_skip_unavailable': False, 'install_base': '/home/devika/robo_ws/install/rviz_marker_tools', 'merge_install': False, 'path': '/home/devika/robo_ws/src/moveit_task_constructor/rviz_marker_tools', 'symlink_install': False, 'test_result_base': None}
[0.536s] Level 5:colcon.colcon_core.verb:set package 'warehouse_ros_mongo' build argument 'cmake_args' from command line to 'None'
[0.536s] Level 5:colcon.colcon_core.verb:set package 'warehouse_ros_mongo' build argument 'cmake_target' from command line to 'None'
[0.536s] Level 5:colcon.colcon_core.verb:set package 'warehouse_ros_mongo' build argument 'cmake_target_skip_unavailable' from command line to 'False'
[0.536s] Level 5:colcon.colcon_core.verb:set package 'warehouse_ros_mongo' build argument 'cmake_clean_cache' from command line to 'False'
[0.536s] Level 5:colcon.colcon_core.verb:set package 'warehouse_ros_mongo' build argument 'cmake_clean_first' from command line to 'False'
[0.537s] Level 5:colcon.colcon_core.verb:set package 'warehouse_ros_mongo' build argument 'cmake_force_configure' from command line to 'False'
[0.537s] Level 5:colcon.colcon_core.verb:set package 'warehouse_ros_mongo' build argument 'ament_cmake_args' from command line to 'None'
[0.537s] Level 5:colcon.colcon_core.verb:set package 'warehouse_ros_mongo' build argument 'catkin_cmake_args' from command line to 'None'
[0.537s] Level 5:colcon.colcon_core.verb:set package 'warehouse_ros_mongo' build argument 'catkin_skip_building_tests' from command line to 'False'
[0.537s] DEBUG:colcon.colcon_core.verb:Building package 'warehouse_ros_mongo' with the following arguments: {'ament_cmake_args': None, 'build_base': '/home/devika/robo_ws/build/warehouse_ros_mongo', 'catkin_cmake_args': None, 'catkin_skip_building_tests': False, 'cmake_args': None, 'cmake_clean_cache': False, 'cmake_clean_first': False, 'cmake_force_configure': False, 'cmake_target': None, 'cmake_target_skip_unavailable': False, 'install_base': '/home/devika/robo_ws/install/warehouse_ros_mongo', 'merge_install': False, 'path': '/home/devika/robo_ws/src/warehouse_ros_mongo', 'symlink_install': False, 'test_result_base': None}
[0.537s] Level 5:colcon.colcon_core.verb:set package 'moveit_task_constructor_core' build argument 'cmake_args' from command line to 'None'
[0.537s] Level 5:colcon.colcon_core.verb:set package 'moveit_task_constructor_core' build argument 'cmake_target' from command line to 'None'
[0.537s] Level 5:colcon.colcon_core.verb:set package 'moveit_task_constructor_core' build argument 'cmake_target_skip_unavailable' from command line to 'False'
[0.537s] Level 5:colcon.colcon_core.verb:set package 'moveit_task_constructor_core' build argument 'cmake_clean_cache' from command line to 'False'
[0.537s] Level 5:colcon.colcon_core.verb:set package 'moveit_task_constructor_core' build argument 'cmake_clean_first' from command line to 'False'
[0.537s] Level 5:colcon.colcon_core.verb:set package 'moveit_task_constructor_core' build argument 'cmake_force_configure' from command line to 'False'
[0.537s] Level 5:colcon.colcon_core.verb:set package 'moveit_task_constructor_core' build argument 'ament_cmake_args' from command line to 'None'
[0.537s] Level 5:colcon.colcon_core.verb:set package 'moveit_task_constructor_core' build argument 'catkin_cmake_args' from command line to 'None'
[0.537s] Level 5:colcon.colcon_core.verb:set package 'moveit_task_constructor_core' build argument 'catkin_skip_building_tests' from command line to 'False'
[0.537s] DEBUG:colcon.colcon_core.verb:Building package 'moveit_task_constructor_core' with the following arguments: {'ament_cmake_args': None, 'build_base': '/home/devika/robo_ws/build/moveit_task_constructor_core', 'catkin_cmake_args': None, 'catkin_skip_building_tests': False, 'cmake_args': None, 'cmake_clean_cache': False, 'cmake_clean_first': False, 'cmake_force_configure': False, 'cmake_target': None, 'cmake_target_skip_unavailable': False, 'install_base': '/home/devika/robo_ws/install/moveit_task_constructor_core', 'merge_install': False, 'path': '/home/devika/robo_ws/src/moveit_task_constructor/core', 'symlink_install': False, 'test_result_base': None}
[0.538s] Level 5:colcon.colcon_core.verb:set package 'urdf_humble_test' build argument 'cmake_args' from command line to 'None'
[0.538s] Level 5:colcon.colcon_core.verb:set package 'urdf_humble_test' build argument 'cmake_target' from command line to 'None'
[0.538s] Level 5:colcon.colcon_core.verb:set package 'urdf_humble_test' build argument 'cmake_target_skip_unavailable' from command line to 'False'
[0.538s] Level 5:colcon.colcon_core.verb:set package 'urdf_humble_test' build argument 'cmake_clean_cache' from command line to 'False'
[0.538s] Level 5:colcon.colcon_core.verb:set package 'urdf_humble_test' build argument 'cmake_clean_first' from command line to 'False'
[0.538s] Level 5:colcon.colcon_core.verb:set package 'urdf_humble_test' build argument 'cmake_force_configure' from command line to 'False'
[0.538s] Level 5:colcon.colcon_core.verb:set package 'urdf_humble_test' build argument 'ament_cmake_args' from command line to 'None'
[0.538s] Level 5:colcon.colcon_core.verb:set package 'urdf_humble_test' build argument 'catkin_cmake_args' from command line to 'None'
[0.538s] Level 5:colcon.colcon_core.verb:set package 'urdf_humble_test' build argument 'catkin_skip_building_tests' from command line to 'False'
[0.538s] DEBUG:colcon.colcon_core.verb:Building package 'urdf_humble_test' with the following arguments: {'ament_cmake_args': None, 'build_base': '/home/devika/robo_ws/build/urdf_humble_test', 'catkin_cmake_args': None, 'catkin_skip_building_tests': False, 'cmake_args': None, 'cmake_clean_cache': False, 'cmake_clean_first': False, 'cmake_force_configure': False, 'cmake_target': None, 'cmake_target_skip_unavailable': False, 'install_base': '/home/devika/robo_ws/install/urdf_humble_test', 'merge_install': False, 'path': '/home/devika/robo_ws/src/urdf_humble_test', 'symlink_install': False, 'test_result_base': None}
[0.538s] Level 5:colcon.colcon_core.verb:set package 'hello_moveit_task_constructor' build argument 'cmake_args' from command line to 'None'
[0.538s] Level 5:colcon.colcon_core.verb:set package 'hello_moveit_task_constructor' build argument 'cmake_target' from command line to 'None'
[0.538s] Level 5:colcon.colcon_core.verb:set package 'hello_moveit_task_constructor' build argument 'cmake_target_skip_unavailable' from command line to 'False'
[0.538s] Level 5:colcon.colcon_core.verb:set package 'hello_moveit_task_constructor' build argument 'cmake_clean_cache' from command line to 'False'
[0.538s] Level 5:colcon.colcon_core.verb:set package 'hello_moveit_task_constructor' build argument 'cmake_clean_first' from command line to 'False'
[0.539s] Level 5:colcon.colcon_core.verb:set package 'hello_moveit_task_constructor' build argument 'cmake_force_configure' from command line to 'False'
[0.539s] Level 5:colcon.colcon_core.verb:set package 'hello_moveit_task_constructor' build argument 'ament_cmake_args' from command line to 'None'
[0.539s] Level 5:colcon.colcon_core.verb:set package 'hello_moveit_task_constructor' build argument 'catkin_cmake_args' from command line to 'None'
[0.539s] Level 5:colcon.colcon_core.verb:set package 'hello_moveit_task_constructor' build argument 'catkin_skip_building_tests' from command line to 'False'
[0.539s] DEBUG:colcon.colcon_core.verb:Building package 'hello_moveit_task_constructor' with the following arguments: {'ament_cmake_args': None, 'build_base': '/home/devika/robo_ws/build/hello_moveit_task_constructor', 'catkin_cmake_args': None, 'catkin_skip_building_tests': False, 'cmake_args': None, 'cmake_clean_cache': False, 'cmake_clean_first': False, 'cmake_force_configure': False, 'cmake_target': None, 'cmake_target_skip_unavailable': False, 'install_base': '/home/devika/robo_ws/install/hello_moveit_task_constructor', 'merge_install': False, 'path': '/home/devika/robo_ws/src/hello_moveit_task_constructor', 'symlink_install': False, 'test_result_base': None}
[0.539s] Level 5:colcon.colcon_core.verb:set package 'moveit_task_constructor_capabilities' build argument 'cmake_args' from command line to 'None'
[0.539s] Level 5:colcon.colcon_core.verb:set package 'moveit_task_constructor_capabilities' build argument 'cmake_target' from command line to 'None'
[0.539s] Level 5:colcon.colcon_core.verb:set package 'moveit_task_constructor_capabilities' build argument 'cmake_target_skip_unavailable' from command line to 'False'
[0.539s] Level 5:colcon.colcon_core.verb:set package 'moveit_task_constructor_capabilities' build argument 'cmake_clean_cache' from command line to 'False'
[0.539s] Level 5:colcon.colcon_core.verb:set package 'moveit_task_constructor_capabilities' build argument 'cmake_clean_first' from command line to 'False'
[0.539s] Level 5:colcon.colcon_core.verb:set package 'moveit_task_constructor_capabilities' build argument 'cmake_force_configure' from command line to 'False'
[0.539s] Level 5:colcon.colcon_core.verb:set package 'moveit_task_constructor_capabilities' build argument 'ament_cmake_args' from command line to 'None'
[0.539s] Level 5:colcon.colcon_core.verb:set package 'moveit_task_constructor_capabilities' build argument 'catkin_cmake_args' from command line to 'None'
[0.539s] Level 5:colcon.colcon_core.verb:set package 'moveit_task_constructor_capabilities' build argument 'catkin_skip_building_tests' from command line to 'False'
[0.539s] DEBUG:colcon.colcon_core.verb:Building package 'moveit_task_constructor_capabilities' with the following arguments: {'ament_cmake_args': None, 'build_base': '/home/devika/robo_ws/build/moveit_task_constructor_capabilities', 'catkin_cmake_args': None, 'catkin_skip_building_tests': False, 'cmake_args': None, 'cmake_clean_cache': False, 'cmake_clean_first': False, 'cmake_force_configure': False, 'cmake_target': None, 'cmake_target_skip_unavailable': False, 'install_base': '/home/devika/robo_ws/install/moveit_task_constructor_capabilities', 'merge_install': False, 'path': '/home/devika/robo_ws/src/moveit_task_constructor/capabilities', 'symlink_install': False, 'test_result_base': None}
[0.540s] Level 5:colcon.colcon_core.verb:set package 'moveit_task_constructor_visualization' build argument 'cmake_args' from command line to 'None'
[0.540s] Level 5:colcon.colcon_core.verb:set package 'moveit_task_constructor_visualization' build argument 'cmake_target' from command line to 'None'
[0.540s] Level 5:colcon.colcon_core.verb:set package 'moveit_task_constructor_visualization' build argument 'cmake_target_skip_unavailable' from command line to 'False'
[0.540s] Level 5:colcon.colcon_core.verb:set package 'moveit_task_constructor_visualization' build argument 'cmake_clean_cache' from command line to 'False'
[0.540s] Level 5:colcon.colcon_core.verb:set package 'moveit_task_constructor_visualization' build argument 'cmake_clean_first' from command line to 'False'
[0.540s] Level 5:colcon.colcon_core.verb:set package 'moveit_task_constructor_visualization' build argument 'cmake_force_configure' from command line to 'False'
[0.540s] Level 5:colcon.colcon_core.verb:set package 'moveit_task_constructor_visualization' build argument 'ament_cmake_args' from command line to 'None'
[0.540s] Level 5:colcon.colcon_core.verb:set package 'moveit_task_constructor_visualization' build argument 'catkin_cmake_args' from command line to 'None'
[0.540s] Level 5:colcon.colcon_core.verb:set package 'moveit_task_constructor_visualization' build argument 'catkin_skip_building_tests' from command line to 'False'
[0.540s] DEBUG:colcon.colcon_core.verb:Building package 'moveit_task_constructor_visualization' with the following arguments: {'ament_cmake_args': None, 'build_base': '/home/devika/robo_ws/build/moveit_task_constructor_visualization', 'catkin_cmake_args': None, 'catkin_skip_building_tests': False, 'cmake_args': None, 'cmake_clean_cache': False, 'cmake_clean_first': False, 'cmake_force_configure': False, 'cmake_target': None, 'cmake_target_skip_unavailable': False, 'install_base': '/home/devika/robo_ws/install/moveit_task_constructor_visualization', 'merge_install': False, 'path': '/home/devika/robo_ws/src/moveit_task_constructor/visualization', 'symlink_install': False, 'test_result_base': None}
[0.540s] Level 5:colcon.colcon_core.verb:set package 'urdf_humble_test_moveit_config' build argument 'cmake_args' from command line to 'None'
[0.540s] Level 5:colcon.colcon_core.verb:set package 'urdf_humble_test_moveit_config' build argument 'cmake_target' from command line to 'None'
[0.541s] Level 5:colcon.colcon_core.verb:set package 'urdf_humble_test_moveit_config' build argument 'cmake_target_skip_unavailable' from command line to 'False'
[0.541s] Level 5:colcon.colcon_core.verb:set package 'urdf_humble_test_moveit_config' build argument 'cmake_clean_cache' from command line to 'False'
[0.541s] Level 5:colcon.colcon_core.verb:set package 'urdf_humble_test_moveit_config' build argument 'cmake_clean_first' from command line to 'False'
[0.541s] Level 5:colcon.colcon_core.verb:set package 'urdf_humble_test_moveit_config' build argument 'cmake_force_configure' from command line to 'False'
[0.541s] Level 5:colcon.colcon_core.verb:set package 'urdf_humble_test_moveit_config' build argument 'ament_cmake_args' from command line to 'None'
[0.541s] Level 5:colcon.colcon_core.verb:set package 'urdf_humble_test_moveit_config' build argument 'catkin_cmake_args' from command line to 'None'
[0.541s] Level 5:colcon.colcon_core.verb:set package 'urdf_humble_test_moveit_config' build argument 'catkin_skip_building_tests' from command line to 'False'
[0.541s] DEBUG:colcon.colcon_core.verb:Building package 'urdf_humble_test_moveit_config' with the following arguments: {'ament_cmake_args': None, 'build_base': '/home/devika/robo_ws/build/urdf_humble_test_moveit_config', 'catkin_cmake_args': None, 'catkin_skip_building_tests': False, 'cmake_args': None, 'cmake_clean_cache': False, 'cmake_clean_first': False, 'cmake_force_configure': False, 'cmake_target': None, 'cmake_target_skip_unavailable': False, 'install_base': '/home/devika/robo_ws/install/urdf_humble_test_moveit_config', 'merge_install': False, 'path': '/home/devika/robo_ws/src/urdf_humble_test_moveit_config', 'symlink_install': False, 'test_result_base': None}
[0.541s] Level 5:colcon.colcon_core.verb:set package 'moveit_task_constructor_demo' build argument 'cmake_args' from command line to 'None'
[0.541s] Level 5:colcon.colcon_core.verb:set package 'moveit_task_constructor_demo' build argument 'cmake_target' from command line to 'None'
[0.541s] Level 5:colcon.colcon_core.verb:set package 'moveit_task_constructor_demo' build argument 'cmake_target_skip_unavailable' from command line to 'False'
[0.541s] Level 5:colcon.colcon_core.verb:set package 'moveit_task_constructor_demo' build argument 'cmake_clean_cache' from command line to 'False'
[0.541s] Level 5:colcon.colcon_core.verb:set package 'moveit_task_constructor_demo' build argument 'cmake_clean_first' from command line to 'False'
[0.541s] Level 5:colcon.colcon_core.verb:set package 'moveit_task_constructor_demo' build argument 'cmake_force_configure' from command line to 'False'
[0.541s] Level 5:colcon.colcon_core.verb:set package 'moveit_task_constructor_demo' build argument 'ament_cmake_args' from command line to 'None'
[0.541s] Level 5:colcon.colcon_core.verb:set package 'moveit_task_constructor_demo' build argument 'catkin_cmake_args' from command line to 'None'
[0.541s] Level 5:colcon.colcon_core.verb:set package 'moveit_task_constructor_demo' build argument 'catkin_skip_building_tests' from command line to 'False'
[0.541s] DEBUG:colcon.colcon_core.verb:Building package 'moveit_task_constructor_demo' with the following arguments: {'ament_cmake_args': None, 'build_base': '/home/devika/robo_ws/build/moveit_task_constructor_demo', 'catkin_cmake_args': None, 'catkin_skip_building_tests': False, 'cmake_args': None, 'cmake_clean_cache': False, 'cmake_clean_first': False, 'cmake_force_configure': False, 'cmake_target': None, 'cmake_target_skip_unavailable': False, 'install_base': '/home/devika/robo_ws/install/moveit_task_constructor_demo', 'merge_install': False, 'path': '/home/devika/robo_ws/src/moveit_task_constructor/demo', 'symlink_install': False, 'test_result_base': None}
[0.542s] INFO:colcon.colcon_core.executor:Executing jobs using 'sequential' executor
[0.543s] DEBUG:colcon.colcon_core.executor.sequential:run_until_complete 'cylinder_position_estimator'
[0.543s] INFO:colcon.colcon_ros.task.ament_python.build:Building ROS package in '/home/devika/robo_ws/src/cylinder_position_estimator' with build type 'ament_python'
[0.543s] Level 1:colcon.colcon_core.shell:create_environment_hook('cylinder_position_estimator', 'ament_prefix_path')
[0.547s] INFO:colcon.colcon_core.plugin_system:Skipping extension 'colcon_core.shell.bat': Not used on non-Windows systems
[0.547s] INFO:colcon.colcon_core.shell:Creating environment hook '/home/devika/robo_ws/install/cylinder_position_estimator/share/cylinder_position_estimator/hook/ament_prefix_path.ps1'
[0.548s] INFO:colcon.colcon_core.shell:Creating environment descriptor '/home/devika/robo_ws/install/cylinder_position_estimator/share/cylinder_position_estimator/hook/ament_prefix_path.dsv'
[0.548s] INFO:colcon.colcon_core.shell:Creating environment hook '/home/devika/robo_ws/install/cylinder_position_estimator/share/cylinder_position_estimator/hook/ament_prefix_path.sh'
[0.549s] INFO:colcon.colcon_core.shell:Skip shell extension 'powershell' for command environment: Not usable outside of PowerShell
[0.549s] DEBUG:colcon.colcon_core.shell:Skip shell extension 'dsv' for command environment
[0.904s] INFO:colcon.colcon_core.task.python.build:Building Python package in '/home/devika/robo_ws/src/cylinder_position_estimator'
[0.904s] INFO:colcon.colcon_core.shell:Skip shell extension 'powershell' for command environment: Not usable outside of PowerShell
[0.904s] DEBUG:colcon.colcon_core.shell:Skip shell extension 'dsv' for command environment
[1.449s] DEBUG:colcon.colcon_core.event_handler.log_command:Invoking command in '/home/devika/robo_ws/src/cylinder_position_estimator': PYTHONPATH=/home/devika/robo_ws/build/cylinder_position_estimator/prefix_override:/usr/lib/python3/dist-packages/colcon_core/task/python/colcon_distutils_commands:/home/devika/robo_ws/install/cylinder_position_estimator/lib/python3.10/site-packages:${PYTHONPATH} /usr/bin/python3 -W ignore:setup.py install is deprecated -W ignore:easy_install command is deprecated setup.py egg_info --egg-base ../../build/cylinder_position_estimator build --build-base /home/devika/robo_ws/build/cylinder_position_estimator/build install --record /home/devika/robo_ws/build/cylinder_position_estimator/install.log --single-version-externally-managed install_data
[1.857s] DEBUG:colcon.colcon_core.event_handler.log_command:Invoked command in '/home/devika/robo_ws/src/cylinder_position_estimator' returned '0': PYTHONPATH=/home/devika/robo_ws/build/cylinder_position_estimator/prefix_override:/usr/lib/python3/dist-packages/colcon_core/task/python/colcon_distutils_commands:/home/devika/robo_ws/install/cylinder_position_estimator/lib/python3.10/site-packages:${PYTHONPATH} /usr/bin/python3 -W ignore:setup.py install is deprecated -W ignore:easy_install command is deprecated setup.py egg_info --egg-base ../../build/cylinder_position_estimator build --build-base /home/devika/robo_ws/build/cylinder_position_estimator/build install --record /home/devika/robo_ws/build/cylinder_position_estimator/install.log --single-version-externally-managed install_data
[1.863s] Level 1:colcon.colcon_core.environment:checking '/home/devika/robo_ws/install/cylinder_position_estimator' for CMake module files
[1.864s] Level 1:colcon.colcon_core.environment:checking '/home/devika/robo_ws/install/cylinder_position_estimator' for CMake config files
[1.866s] Level 1:colcon.colcon_core.environment:checking '/home/devika/robo_ws/install/cylinder_position_estimator/lib'
[1.867s] Level 1:colcon.colcon_core.environment:checking '/home/devika/robo_ws/install/cylinder_position_estimator/bin'
[1.867s] Level 1:colcon.colcon_core.environment:checking '/home/devika/robo_ws/install/cylinder_position_estimator/lib/pkgconfig/cylinder_position_estimator.pc'
[1.868s] Level 1:colcon.colcon_core.environment:checking '/home/devika/robo_ws/install/cylinder_position_estimator/lib/python3.10/site-packages'
[1.868s] Level 1:colcon.colcon_core.shell:create_environment_hook('cylinder_position_estimator', 'pythonpath')
[1.868s] INFO:colcon.colcon_core.shell:Creating environment hook '/home/devika/robo_ws/install/cylinder_position_estimator/share/cylinder_position_estimator/hook/pythonpath.ps1'
[1.870s] INFO:colcon.colcon_core.shell:Creating environment descriptor '/home/devika/robo_ws/install/cylinder_position_estimator/share/cylinder_position_estimator/hook/pythonpath.dsv'
[1.871s] INFO:colcon.colcon_core.shell:Creating environment hook '/home/devika/robo_ws/install/cylinder_position_estimator/share/cylinder_position_estimator/hook/pythonpath.sh'
[1.873s] Level 1:colcon.colcon_core.environment:checking '/home/devika/robo_ws/install/cylinder_position_estimator/bin'
[1.873s] Level 1:colcon.colcon_core.environment:create_environment_scripts_only(cylinder_position_estimator)
[1.874s] INFO:colcon.colcon_core.shell:Creating package script '/home/devika/robo_ws/install/cylinder_position_estimator/share/cylinder_position_estimator/package.ps1'
[1.877s] INFO:colcon.colcon_core.shell:Creating package descriptor '/home/devika/robo_ws/install/cylinder_position_estimator/share/cylinder_position_estimator/package.dsv'
[1.878s] INFO:colcon.colcon_core.shell:Creating package script '/home/devika/robo_ws/install/cylinder_position_estimator/share/cylinder_position_estimator/package.sh'
[1.881s] INFO:colcon.colcon_core.shell:Creating package script '/home/devika/robo_ws/install/cylinder_position_estimator/share/cylinder_position_estimator/package.bash'
[1.883s] INFO:colcon.colcon_core.shell:Creating package script '/home/devika/robo_ws/install/cylinder_position_estimator/share/cylinder_position_estimator/package.zsh'
[1.885s] Level 1:colcon.colcon_core.environment:create_file_with_runtime_dependencies(/home/devika/robo_ws/install/cylinder_position_estimator/share/colcon-core/packages/cylinder_position_estimator)
[1.886s] DEBUG:colcon.colcon_core.executor.sequential:run_until_complete 'cylinder_position_estimator' finished with '0'
[1.886s] DEBUG:colcon.colcon_core.executor.sequential:run_until_complete 'gazebo_ros2_control'
[1.886s] INFO:colcon.colcon_ros.task.ament_cmake.build:Building ROS package in '/home/devika/robo_ws/src/gazebo_ros2_control' with build type 'ament_cmake'
[1.887s] INFO:colcon.colcon_cmake.task.cmake.build:Building CMake package in '/home/devika/robo_ws/src/gazebo_ros2_control'
[1.887s] INFO:colcon.colcon_core.shell:Skip shell extension 'powershell' for command environment: Not usable outside of PowerShell
[1.887s] DEBUG:colcon.colcon_core.shell:Skip shell extension 'dsv' for command environment
[1.923s] DEBUG:colcon.colcon_core.event_handler.log_command:Invoking command in '/home/devika/robo_ws/build/gazebo_ros2_control': CMAKE_PREFIX_PATH=${CMAKE_PREFIX_PATH}:/home/devika/robo_ws/install/perception_vision:/home/devika/robo_ws/install/cylinder_position_estimator:/opt/ros/humble /usr/bin/cmake --build /home/devika/robo_ws/build/gazebo_ros2_control
[2.156s] DEBUG:colcon.colcon_core.event_handler.log_command:Invoked command in '/home/devika/robo_ws/build/gazebo_ros2_control' returned '0': CMAKE_PREFIX_PATH=${CMAKE_PREFIX_PATH}:/home/devika/robo_ws/install/perception_vision:/home/devika/robo_ws/install/cylinder_position_estimator:/opt/ros/humble /usr/bin/cmake --build /home/devika/robo_ws/build/gazebo_ros2_control
[2.183s] DEBUG:colcon.colcon_core.event_handler.log_command:Invoking command in '/home/devika/robo_ws/build/gazebo_ros2_control': CMAKE_PREFIX_PATH=${CMAKE_PREFIX_PATH}:/home/devika/robo_ws/install/perception_vision:/home/devika/robo_ws/install/cylinder_position_estimator:/opt/ros/humble /usr/bin/cmake --install /home/devika/robo_ws/build/gazebo_ros2_control
[2.200s] Level 1:colcon.colcon_core.environment:create_environment_scripts_only(gazebo_ros2_control)
[2.201s] Level 1:colcon.colcon_core.environment:checking '/home/devika/robo_ws/install/gazebo_ros2_control' for CMake module files
[2.202s] DEBUG:colcon.colcon_core.event_handler.log_command:Invoked command in '/home/devika/robo_ws/build/gazebo_ros2_control' returned '0': CMAKE_PREFIX_PATH=${CMAKE_PREFIX_PATH}:/home/devika/robo_ws/install/perception_vision:/home/devika/robo_ws/install/cylinder_position_estimator:/opt/ros/humble /usr/bin/cmake --install /home/devika/robo_ws/build/gazebo_ros2_control
[2.203s] Level 1:colcon.colcon_core.environment:checking '/home/devika/robo_ws/install/gazebo_ros2_control' for CMake config files
[2.204s] Level 1:colcon.colcon_core.shell:create_environment_hook('gazebo_ros2_control', 'cmake_prefix_path')
[2.205s] INFO:colcon.colcon_core.shell:Creating environment hook '/home/devika/robo_ws/install/gazebo_ros2_control/share/gazebo_ros2_control/hook/cmake_prefix_path.ps1'
[2.206s] INFO:colcon.colcon_core.shell:Creating environment descriptor '/home/devika/robo_ws/install/gazebo_ros2_control/share/gazebo_ros2_control/hook/cmake_prefix_path.dsv'
[2.207s] INFO:colcon.colcon_core.shell:Creating environment hook '/home/devika/robo_ws/install/gazebo_ros2_control/share/gazebo_ros2_control/hook/cmake_prefix_path.sh'
[2.209s] Level 1:colcon.colcon_core.environment:checking '/home/devika/robo_ws/install/gazebo_ros2_control/lib'
[2.209s] Level 1:colcon.colcon_core.shell:create_environment_hook('gazebo_ros2_control', 'ld_library_path_lib')
[2.210s] INFO:colcon.colcon_core.shell:Creating environment hook '/home/devika/robo_ws/install/gazebo_ros2_control/share/gazebo_ros2_control/hook/ld_library_path_lib.ps1'
[2.211s] INFO:colcon.colcon_core.shell:Creating environment descriptor '/home/devika/robo_ws/install/gazebo_ros2_control/share/gazebo_ros2_control/hook/ld_library_path_lib.dsv'
[2.212s] INFO:colcon.colcon_core.shell:Creating environment hook '/home/devika/robo_ws/install/gazebo_ros2_control/share/gazebo_ros2_control/hook/ld_library_path_lib.sh'
[2.213s] Level 1:colcon.colcon_core.environment:checking '/home/devika/robo_ws/install/gazebo_ros2_control/bin'
[2.213s] Level 1:colcon.colcon_core.environment:checking '/home/devika/robo_ws/install/gazebo_ros2_control/lib/pkgconfig/gazebo_ros2_control.pc'
[2.214s] Level 1:colcon.colcon_core.environment:checking '/home/devika/robo_ws/install/gazebo_ros2_control/lib/python3.10/site-packages'
[2.214s] Level 1:colcon.colcon_core.environment:checking '/home/devika/robo_ws/install/gazebo_ros2_control/bin'
[2.215s] INFO:colcon.colcon_core.shell:Creating package script '/home/devika/robo_ws/install/gazebo_ros2_control/share/gazebo_ros2_control/package.ps1'
[2.217s] INFO:colcon.colcon_core.shell:Creating package descriptor '/home/devika/robo_ws/install/gazebo_ros2_control/share/gazebo_ros2_control/package.dsv'
[2.218s] INFO:colcon.colcon_core.shell:Creating package script '/home/devika/robo_ws/install/gazebo_ros2_control/share/gazebo_ros2_control/package.sh'
[2.219s] INFO:colcon.colcon_core.shell:Creating package script '/home/devika/robo_ws/install/gazebo_ros2_control/share/gazebo_ros2_control/package.bash'
[2.220s] INFO:colcon.colcon_core.shell:Creating package script '/home/devika/robo_ws/install/gazebo_ros2_control/share/gazebo_ros2_control/package.zsh'
[2.221s] Level 1:colcon.colcon_core.environment:create_file_with_runtime_dependencies(/home/devika/robo_ws/install/gazebo_ros2_control/share/colcon-core/packages/gazebo_ros2_control)
[2.223s] Level 1:colcon.colcon_core.environment:create_environment_scripts_only(gazebo_ros2_control)
[2.223s] Level 1:colcon.colcon_core.environment:checking '/home/devika/robo_ws/install/gazebo_ros2_control' for CMake module files
[2.224s] Level 1:colcon.colcon_core.environment:checking '/home/devika/robo_ws/install/gazebo_ros2_control' for CMake config files
[2.225s] Level 1:colcon.colcon_core.shell:create_environment_hook('gazebo_ros2_control', 'cmake_prefix_path')
[2.226s] INFO:colcon.colcon_core.shell:Creating environment hook '/home/devika/robo_ws/install/gazebo_ros2_control/share/gazebo_ros2_control/hook/cmake_prefix_path.ps1'
[2.227s] INFO:colcon.colcon_core.shell:Creating environment descriptor '/home/devika/robo_ws/install/gazebo_ros2_control/share/gazebo_ros2_control/hook/cmake_prefix_path.dsv'
[2.228s] INFO:colcon.colcon_core.shell:Creating environment hook '/home/devika/robo_ws/install/gazebo_ros2_control/share/gazebo_ros2_control/hook/cmake_prefix_path.sh'
[2.230s] Level 1:colcon.colcon_core.environment:checking '/home/devika/robo_ws/install/gazebo_ros2_control/lib'
[2.230s] Level 1:colcon.colcon_core.shell:create_environment_hook('gazebo_ros2_control', 'ld_library_path_lib')
[2.230s] INFO:colcon.colcon_core.shell:Creating environment hook '/home/devika/robo_ws/install/gazebo_ros2_control/share/gazebo_ros2_control/hook/ld_library_path_lib.ps1'
[2.231s] INFO:colcon.colcon_core.shell:Creating environment descriptor '/home/devika/robo_ws/install/gazebo_ros2_control/share/gazebo_ros2_control/hook/ld_library_path_lib.dsv'
[2.232s] INFO:colcon.colcon_core.shell:Creating environment hook '/home/devika/robo_ws/install/gazebo_ros2_control/share/gazebo_ros2_control/hook/ld_library_path_lib.sh'
[2.234s] Level 1:colcon.colcon_core.environment:checking '/home/devika/robo_ws/install/gazebo_ros2_control/bin'
[2.234s] Level 1:colcon.colcon_core.environment:checking '/home/devika/robo_ws/install/gazebo_ros2_control/lib/pkgconfig/gazebo_ros2_control.pc'
[2.235s] Level 1:colcon.colcon_core.environment:checking '/home/devika/robo_ws/install/gazebo_ros2_control/lib/python3.10/site-packages'
[2.235s] Level 1:colcon.colcon_core.environment:checking '/home/devika/robo_ws/install/gazebo_ros2_control/bin'
[2.236s] INFO:colcon.colcon_core.shell:Creating package script '/home/devika/robo_ws/install/gazebo_ros2_control/share/gazebo_ros2_control/package.ps1'
[2.237s] INFO:colcon.colcon_core.shell:Creating package descriptor '/home/devika/robo_ws/install/gazebo_ros2_control/share/gazebo_ros2_control/package.dsv'
[2.239s] INFO:colcon.colcon_core.shell:Creating package script '/home/devika/robo_ws/install/gazebo_ros2_control/share/gazebo_ros2_control/package.sh'
[2.240s] INFO:colcon.colcon_core.shell:Creating package script '/home/devika/robo_ws/install/gazebo_ros2_control/share/gazebo_ros2_control/package.bash'
[2.242s] INFO:colcon.colcon_core.shell:Creating package script '/home/devika/robo_ws/install/gazebo_ros2_control/share/gazebo_ros2_control/package.zsh'
[2.243s] Level 1:colcon.colcon_core.environment:create_file_with_runtime_dependencies(/home/devika/robo_ws/install/gazebo_ros2_control/share/colcon-core/packages/gazebo_ros2_control)
[2.244s] DEBUG:colcon.colcon_core.executor.sequential:run_until_complete 'gazebo_ros2_control' finished with '0'
[2.244s] DEBUG:colcon.colcon_core.executor.sequential:run_until_complete 'hello_moveit'
[2.244s] INFO:colcon.colcon_ros.task.ament_cmake.build:Building ROS package in '/home/devika/robo_ws/src/hello_moveit' with build type 'ament_cmake'
[2.244s] INFO:colcon.colcon_cmake.task.cmake.build:Building CMake package in '/home/devika/robo_ws/src/hello_moveit'
[2.245s] INFO:colcon.colcon_core.shell:Skip shell extension 'powershell' for command environment: Not usable outside of PowerShell
[2.245s] DEBUG:colcon.colcon_core.shell:Skip shell extension 'dsv' for command environment
[2.266s] DEBUG:colcon.colcon_core.event_handler.log_command:Invoking command in '/home/devika/robo_ws/build/hello_moveit': CMAKE_PREFIX_PATH=${CMAKE_PREFIX_PATH}:/home/devika/robo_ws/install/perception_vision:/home/devika/robo_ws/install/cylinder_position_estimator:/opt/ros/humble /usr/bin/cmake --build /home/devika/robo_ws/build/hello_moveit
[2.445s] DEBUG:colcon.colcon_core.event_handler.log_command:Invoked command in '/home/devika/robo_ws/build/hello_moveit' returned '0': CMAKE_PREFIX_PATH=${CMAKE_PREFIX_PATH}:/home/devika/robo_ws/install/perception_vision:/home/devika/robo_ws/install/cylinder_position_estimator:/opt/ros/humble /usr/bin/cmake --build /home/devika/robo_ws/build/hello_moveit
[2.449s] DEBUG:colcon.colcon_core.event_handler.log_command:Invoking command in '/home/devika/robo_ws/build/hello_moveit': CMAKE_PREFIX_PATH=${CMAKE_PREFIX_PATH}:/home/devika/robo_ws/install/perception_vision:/home/devika/robo_ws/install/cylinder_position_estimator:/opt/ros/humble /usr/bin/cmake --install /home/devika/robo_ws/build/hello_moveit
[2.474s] Level 1:colcon.colcon_core.environment:create_environment_scripts_only(hello_moveit)
[2.475s] Level 1:colcon.colcon_core.environment:checking '/home/devika/robo_ws/install/hello_moveit' for CMake module files
[2.476s] DEBUG:colcon.colcon_core.event_handler.log_command:Invoked command in '/home/devika/robo_ws/build/hello_moveit' returned '0': CMAKE_PREFIX_PATH=${CMAKE_PREFIX_PATH}:/home/devika/robo_ws/install/perception_vision:/home/devika/robo_ws/install/cylinder_position_estimator:/opt/ros/humble /usr/bin/cmake --install /home/devika/robo_ws/build/hello_moveit
[2.477s] Level 1:colcon.colcon_core.environment:checking '/home/devika/robo_ws/install/hello_moveit' for CMake config files
[2.478s] Level 1:colcon.colcon_core.shell:create_environment_hook('hello_moveit', 'cmake_prefix_path')
[2.479s] INFO:colcon.colcon_core.shell:Creating environment hook '/home/devika/robo_ws/install/hello_moveit/share/hello_moveit/hook/cmake_prefix_path.ps1'
[2.480s] INFO:colcon.colcon_core.shell:Creating environment descriptor '/home/devika/robo_ws/install/hello_moveit/share/hello_moveit/hook/cmake_prefix_path.dsv'
[2.482s] INFO:colcon.colcon_core.shell:Creating environment hook '/home/devika/robo_ws/install/hello_moveit/share/hello_moveit/hook/cmake_prefix_path.sh'
[2.483s] Level 1:colcon.colcon_core.environment:checking '/home/devika/robo_ws/install/hello_moveit/lib'
[2.483s] Level 1:colcon.colcon_core.environment:checking '/home/devika/robo_ws/install/hello_moveit/bin'
[2.484s] Level 1:colcon.colcon_core.environment:checking '/home/devika/robo_ws/install/hello_moveit/lib/pkgconfig/hello_moveit.pc'
[2.484s] Level 1:colcon.colcon_core.environment:checking '/home/devika/robo_ws/install/hello_moveit/lib/python3.10/site-packages'
[2.485s] Level 1:colcon.colcon_core.environment:checking '/home/devika/robo_ws/install/hello_moveit/bin'
[2.486s] INFO:colcon.colcon_core.shell:Creating package script '/home/devika/robo_ws/install/hello_moveit/share/hello_moveit/package.ps1'
[2.487s] INFO:colcon.colcon_core.shell:Creating package descriptor '/home/devika/robo_ws/install/hello_moveit/share/hello_moveit/package.dsv'
[2.488s] INFO:colcon.colcon_core.shell:Creating package script '/home/devika/robo_ws/install/hello_moveit/share/hello_moveit/package.sh'
[2.489s] INFO:colcon.colcon_core.shell:Creating package script '/home/devika/robo_ws/install/hello_moveit/share/hello_moveit/package.bash'
[2.491s] INFO:colcon.colcon_core.shell:Creating package script '/home/devika/robo_ws/install/hello_moveit/share/hello_moveit/package.zsh'
[2.492s] Level 1:colcon.colcon_core.environment:create_file_with_runtime_dependencies(/home/devika/robo_ws/install/hello_moveit/share/colcon-core/packages/hello_moveit)
[2.494s] Level 1:colcon.colcon_core.environment:create_environment_scripts_only(hello_moveit)
[2.494s] Level 1:colcon.colcon_core.environment:checking '/home/devika/robo_ws/install/hello_moveit' for CMake module files
[2.496s] Level 1:colcon.colcon_core.environment:checking '/home/devika/robo_ws/install/hello_moveit' for CMake config files
[2.496s] Level 1:colcon.colcon_core.shell:create_environment_hook('hello_moveit', 'cmake_prefix_path')
[2.497s] INFO:colcon.colcon_core.shell:Creating environment hook '/home/devika/robo_ws/install/hello_moveit/share/hello_moveit/hook/cmake_prefix_path.ps1'
[2.498s] INFO:colcon.colcon_core.shell:Creating environment descriptor '/home/devika/robo_ws/install/hello_moveit/share/hello_moveit/hook/cmake_prefix_path.dsv'
[2.499s] INFO:colcon.colcon_core.shell:Creating environment hook '/home/devika/robo_ws/install/hello_moveit/share/hello_moveit/hook/cmake_prefix_path.sh'
[2.500s] Level 1:colcon.colcon_core.environment:checking '/home/devika/robo_ws/install/hello_moveit/lib'
[2.501s] Level 1:colcon.colcon_core.environment:checking '/home/devika/robo_ws/install/hello_moveit/bin'
[2.501s] Level 1:colcon.colcon_core.environment:checking '/home/devika/robo_ws/install/hello_moveit/lib/pkgconfig/hello_moveit.pc'
[2.501s] Level 1:colcon.colcon_core.environment:checking '/home/devika/robo_ws/install/hello_moveit/lib/python3.10/site-packages'
[2.502s] Level 1:colcon.colcon_core.environment:checking '/home/devika/robo_ws/install/hello_moveit/bin'
[2.503s] INFO:colcon.colcon_core.shell:Creating package script '/home/devika/robo_ws/install/hello_moveit/share/hello_moveit/package.ps1'
[2.504s] INFO:colcon.colcon_core.shell:Creating package descriptor '/home/devika/robo_ws/install/hello_moveit/share/hello_moveit/package.dsv'
[2.505s] INFO:colcon.colcon_core.shell:Creating package script '/home/devika/robo_ws/install/hello_moveit/share/hello_moveit/package.sh'
[2.506s] INFO:colcon.colcon_core.shell:Creating package script '/home/devika/robo_ws/install/hello_moveit/share/hello_moveit/package.bash'
[2.507s] INFO:colcon.colcon_core.shell:Creating package script '/home/devika/robo_ws/install/hello_moveit/share/hello_moveit/package.zsh'
[2.508s] Level 1:colcon.colcon_core.environment:create_file_with_runtime_dependencies(/home/devika/robo_ws/install/hello_moveit/share/colcon-core/packages/hello_moveit)
[2.509s] DEBUG:colcon.colcon_core.executor.sequential:run_until_complete 'hello_moveit' finished with '0'
[2.510s] DEBUG:colcon.colcon_core.executor.sequential:run_until_complete 'moveit_task_constructor_msgs'
[2.510s] INFO:colcon.colcon_ros.task.ament_cmake.build:Building ROS package in '/home/devika/robo_ws/src/moveit_task_constructor/msgs' with build type 'ament_cmake'
[2.511s] INFO:colcon.colcon_cmake.task.cmake.build:Building CMake package in '/home/devika/robo_ws/src/moveit_task_constructor/msgs'
[2.511s] INFO:colcon.colcon_core.shell:Skip shell extension 'powershell' for command environment: Not usable outside of PowerShell
[2.511s] DEBUG:colcon.colcon_core.shell:Skip shell extension 'dsv' for command environment
[2.537s] DEBUG:colcon.colcon_core.event_handler.log_command:Invoking command in '/home/devika/robo_ws/build/moveit_task_constructor_msgs': CMAKE_PREFIX_PATH=${CMAKE_PREFIX_PATH}:/home/devika/robo_ws/install/perception_vision:/home/devika/robo_ws/install/cylinder_position_estimator:/opt/ros/humble /usr/bin/cmake --build /home/devika/robo_ws/build/moveit_task_constructor_msgs
[3.863s] DEBUG:colcon.colcon_core.event_handler.log_command:Invoked command in '/home/devika/robo_ws/build/moveit_task_constructor_msgs' returned '0': CMAKE_PREFIX_PATH=${CMAKE_PREFIX_PATH}:/home/devika/robo_ws/install/perception_vision:/home/devika/robo_ws/install/cylinder_position_estimator:/opt/ros/humble /usr/bin/cmake --build /home/devika/robo_ws/build/moveit_task_constructor_msgs
[3.867s] DEBUG:colcon.colcon_core.event_handler.log_command:Invoking command in '/home/devika/robo_ws/build/moveit_task_constructor_msgs': CMAKE_PREFIX_PATH=${CMAKE_PREFIX_PATH}:/home/devika/robo_ws/install/perception_vision:/home/devika/robo_ws/install/cylinder_position_estimator:/opt/ros/humble /usr/bin/cmake --install /home/devika/robo_ws/build/moveit_task_constructor_msgs
[3.958s] Level 1:colcon.colcon_core.environment:create_environment_scripts_only(moveit_task_constructor_msgs)
[3.959s] DEBUG:colcon.colcon_core.event_handler.log_command:Invoked command in '/home/devika/robo_ws/build/moveit_task_constructor_msgs' returned '0': CMAKE_PREFIX_PATH=${CMAKE_PREFIX_PATH}:/home/devika/robo_ws/install/perception_vision:/home/devika/robo_ws/install/cylinder_position_estimator:/opt/ros/humble /usr/bin/cmake --install /home/devika/robo_ws/build/moveit_task_constructor_msgs
[3.959s] Level 1:colcon.colcon_core.environment:checking '/home/devika/robo_ws/install/moveit_task_constructor_msgs' for CMake module files
[3.960s] Level 1:colcon.colcon_core.environment:checking '/home/devika/robo_ws/install/moveit_task_constructor_msgs' for CMake config files
[3.961s] Level 1:colcon.colcon_core.shell:create_environment_hook('moveit_task_constructor_msgs', 'cmake_prefix_path')
[3.961s] INFO:colcon.colcon_core.shell:Creating environment hook '/home/devika/robo_ws/install/moveit_task_constructor_msgs/share/moveit_task_constructor_msgs/hook/cmake_prefix_path.ps1'
[3.962s] INFO:colcon.colcon_core.shell:Creating environment descriptor '/home/devika/robo_ws/install/moveit_task_constructor_msgs/share/moveit_task_constructor_msgs/hook/cmake_prefix_path.dsv'
[3.962s] INFO:colcon.colcon_core.shell:Creating environment hook '/home/devika/robo_ws/install/moveit_task_constructor_msgs/share/moveit_task_constructor_msgs/hook/cmake_prefix_path.sh'
[3.963s] Level 1:colcon.colcon_core.environment:checking '/home/devika/robo_ws/install/moveit_task_constructor_msgs/lib'
[3.963s] Level 1:colcon.colcon_core.shell:create_environment_hook('moveit_task_constructor_msgs', 'ld_library_path_lib')
[3.963s] INFO:colcon.colcon_core.shell:Creating environment hook '/home/devika/robo_ws/install/moveit_task_constructor_msgs/share/moveit_task_constructor_msgs/hook/ld_library_path_lib.ps1'
[3.964s] INFO:colcon.colcon_core.shell:Creating environment descriptor '/home/devika/robo_ws/install/moveit_task_constructor_msgs/share/moveit_task_constructor_msgs/hook/ld_library_path_lib.dsv'
[3.964s] INFO:colcon.colcon_core.shell:Creating environment hook '/home/devika/robo_ws/install/moveit_task_constructor_msgs/share/moveit_task_constructor_msgs/hook/ld_library_path_lib.sh'
[3.965s] Level 1:colcon.colcon_core.environment:checking '/home/devika/robo_ws/install/moveit_task_constructor_msgs/bin'
[3.965s] Level 1:colcon.colcon_core.environment:checking '/home/devika/robo_ws/install/moveit_task_constructor_msgs/lib/pkgconfig/moveit_task_constructor_msgs.pc'
[3.965s] Level 1:colcon.colcon_core.environment:checking '/home/devika/robo_ws/install/moveit_task_constructor_msgs/lib/python3.10/site-packages'
[3.965s] Level 1:colcon.colcon_core.environment:checking '/home/devika/robo_ws/install/moveit_task_constructor_msgs/bin'
[3.966s] INFO:colcon.colcon_core.shell:Creating package script '/home/devika/robo_ws/install/moveit_task_constructor_msgs/share/moveit_task_constructor_msgs/package.ps1'
[3.966s] INFO:colcon.colcon_core.shell:Creating package descriptor '/home/devika/robo_ws/install/moveit_task_constructor_msgs/share/moveit_task_constructor_msgs/package.dsv'
[3.967s] INFO:colcon.colcon_core.shell:Creating package script '/home/devika/robo_ws/install/moveit_task_constructor_msgs/share/moveit_task_constructor_msgs/package.sh'
[3.967s] INFO:colcon.colcon_core.shell:Creating package script '/home/devika/robo_ws/install/moveit_task_constructor_msgs/share/moveit_task_constructor_msgs/package.bash'
[3.968s] INFO:colcon.colcon_core.shell:Creating package script '/home/devika/robo_ws/install/moveit_task_constructor_msgs/share/moveit_task_constructor_msgs/package.zsh'
[3.968s] Level 1:colcon.colcon_core.environment:create_file_with_runtime_dependencies(/home/devika/robo_ws/install/moveit_task_constructor_msgs/share/colcon-core/packages/moveit_task_constructor_msgs)
[3.969s] Level 1:colcon.colcon_core.environment:create_environment_scripts_only(moveit_task_constructor_msgs)
[3.970s] Level 1:colcon.colcon_core.environment:checking '/home/devika/robo_ws/install/moveit_task_constructor_msgs' for CMake module files
[3.971s] Level 1:colcon.colcon_core.environment:checking '/home/devika/robo_ws/install/moveit_task_constructor_msgs' for CMake config files
[3.974s] Level 1:colcon.colcon_core.shell:create_environment_hook('moveit_task_constructor_msgs', 'cmake_prefix_path')
[3.975s] INFO:colcon.colcon_core.shell:Creating environment hook '/home/devika/robo_ws/install/moveit_task_constructor_msgs/share/moveit_task_constructor_msgs/hook/cmake_prefix_path.ps1'
[3.996s] INFO:colcon.colcon_core.shell:Creating environment descriptor '/home/devika/robo_ws/install/moveit_task_constructor_msgs/share/moveit_task_constructor_msgs/hook/cmake_prefix_path.dsv'
[3.998s] INFO:colcon.colcon_core.shell:Creating environment hook '/home/devika/robo_ws/install/moveit_task_constructor_msgs/share/moveit_task_constructor_msgs/hook/cmake_prefix_path.sh'
[3.999s] Level 1:colcon.colcon_core.environment:checking '/home/devika/robo_ws/install/moveit_task_constructor_msgs/lib'
[4.000s] Level 1:colcon.colcon_core.shell:create_environment_hook('moveit_task_constructor_msgs', 'ld_library_path_lib')
[4.000s] INFO:colcon.colcon_core.shell:Creating environment hook '/home/devika/robo_ws/install/moveit_task_constructor_msgs/share/moveit_task_constructor_msgs/hook/ld_library_path_lib.ps1'
[4.001s] INFO:colcon.colcon_core.shell:Creating environment descriptor '/home/devika/robo_ws/install/moveit_task_constructor_msgs/share/moveit_task_constructor_msgs/hook/ld_library_path_lib.dsv'
[4.002s] INFO:colcon.colcon_core.shell:Creating environment hook '/home/devika/robo_ws/install/moveit_task_constructor_msgs/share/moveit_task_constructor_msgs/hook/ld_library_path_lib.sh'
[4.003s] Level 1:colcon.colcon_core.environment:checking '/home/devika/robo_ws/install/moveit_task_constructor_msgs/bin'
[4.003s] Level 1:colcon.colcon_core.environment:checking '/home/devika/robo_ws/install/moveit_task_constructor_msgs/lib/pkgconfig/moveit_task_constructor_msgs.pc'
[4.004s] Level 1:colcon.colcon_core.environment:checking '/home/devika/robo_ws/install/moveit_task_constructor_msgs/lib/python3.10/site-packages'
[4.004s] Level 1:colcon.colcon_core.environment:checking '/home/devika/robo_ws/install/moveit_task_constructor_msgs/bin'
[4.005s] INFO:colcon.colcon_core.shell:Creating package script '/home/devika/robo_ws/install/moveit_task_constructor_msgs/share/moveit_task_constructor_msgs/package.ps1'
[4.007s] INFO:colcon.colcon_core.shell:Creating package descriptor '/home/devika/robo_ws/install/moveit_task_constructor_msgs/share/moveit_task_constructor_msgs/package.dsv'
[4.008s] INFO:colcon.colcon_core.shell:Creating package script '/home/devika/robo_ws/install/moveit_task_constructor_msgs/share/moveit_task_constructor_msgs/package.sh'
[4.009s] INFO:colcon.colcon_core.shell:Creating package script '/home/devika/robo_ws/install/moveit_task_constructor_msgs/share/moveit_task_constructor_msgs/package.bash'
[4.011s] INFO:colcon.colcon_core.shell:Creating package script '/home/devika/robo_ws/install/moveit_task_constructor_msgs/share/moveit_task_constructor_msgs/package.zsh'
[4.012s] Level 1:colcon.colcon_core.environment:create_file_with_runtime_dependencies(/home/devika/robo_ws/install/moveit_task_constructor_msgs/share/colcon-core/packages/moveit_task_constructor_msgs)
[4.012s] DEBUG:colcon.colcon_core.executor.sequential:run_until_complete 'moveit_task_constructor_msgs' finished with '0'
[4.012s] DEBUG:colcon.colcon_core.executor.sequential:run_until_complete 'perception_vision'
[4.012s] INFO:colcon.colcon_ros.task.ament_python.build:Building ROS package in '/home/devika/robo_ws/src/perception_vision' with build type 'ament_python'
[4.013s] Level 1:colcon.colcon_core.shell:create_environment_hook('perception_vision', 'ament_prefix_path')
[4.013s] INFO:colcon.colcon_core.shell:Creating environment hook '/home/devika/robo_ws/install/perception_vision/share/perception_vision/hook/ament_prefix_path.ps1'
[4.016s] INFO:colcon.colcon_core.shell:Creating environment descriptor '/home/devika/robo_ws/install/perception_vision/share/perception_vision/hook/ament_prefix_path.dsv'
[4.017s] INFO:colcon.colcon_core.shell:Creating environment hook '/home/devika/robo_ws/install/perception_vision/share/perception_vision/hook/ament_prefix_path.sh'
[4.018s] INFO:colcon.colcon_core.shell:Skip shell extension 'powershell' for command environment: Not usable outside of PowerShell
[4.019s] DEBUG:colcon.colcon_core.shell:Skip shell extension 'dsv' for command environment
[4.392s] INFO:colcon.colcon_core.task.python.build:Building Python package in '/home/devika/robo_ws/src/perception_vision'
[4.393s] INFO:colcon.colcon_core.shell:Skip shell extension 'powershell' for command environment: Not usable outside of PowerShell
[4.393s] DEBUG:colcon.colcon_core.shell:Skip shell extension 'dsv' for command environment
[4.946s] DEBUG:colcon.colcon_core.event_handler.log_command:Invoking command in '/home/devika/robo_ws/src/perception_vision': PYTHONPATH=/home/devika/robo_ws/build/perception_vision/prefix_override:/usr/lib/python3/dist-packages/colcon_core/task/python/colcon_distutils_commands:/home/devika/robo_ws/install/perception_vision/lib/python3.10/site-packages:${PYTHONPATH} /usr/bin/python3 -W ignore:setup.py install is deprecated -W ignore:easy_install command is deprecated setup.py egg_info --egg-base ../../build/perception_vision build --build-base /home/devika/robo_ws/build/perception_vision/build install --record /home/devika/robo_ws/build/perception_vision/install.log --single-version-externally-managed install_data
[5.330s] Level 1:colcon.colcon_core.environment:checking '/home/devika/robo_ws/install/perception_vision' for CMake module files
[5.331s] DEBUG:colcon.colcon_core.event_handler.log_command:Invoked command in '/home/devika/robo_ws/src/perception_vision' returned '0': PYTHONPATH=/home/devika/robo_ws/build/perception_vision/prefix_override:/usr/lib/python3/dist-packages/colcon_core/task/python/colcon_distutils_commands:/home/devika/robo_ws/install/perception_vision/lib/python3.10/site-packages:${PYTHONPATH} /usr/bin/python3 -W ignore:setup.py install is deprecated -W ignore:easy_install command is deprecated setup.py egg_info --egg-base ../../build/perception_vision build --build-base /home/devika/robo_ws/build/perception_vision/build install --record /home/devika/robo_ws/build/perception_vision/install.log --single-version-externally-managed install_data
[5.332s] Level 1:colcon.colcon_core.environment:checking '/home/devika/robo_ws/install/perception_vision' for CMake config files
[5.333s] Level 1:colcon.colcon_core.environment:checking '/home/devika/robo_ws/install/perception_vision/lib'
[5.333s] Level 1:colcon.colcon_core.environment:checking '/home/devika/robo_ws/install/perception_vision/bin'
[5.333s] Level 1:colcon.colcon_core.environment:checking '/home/devika/robo_ws/install/perception_vision/lib/pkgconfig/perception_vision.pc'
[5.334s] Level 1:colcon.colcon_core.environment:checking '/home/devika/robo_ws/install/perception_vision/lib/python3.10/site-packages'
[5.334s] Level 1:colcon.colcon_core.shell:create_environment_hook('perception_vision', 'pythonpath')
[5.335s] INFO:colcon.colcon_core.shell:Creating environment hook '/home/devika/robo_ws/install/perception_vision/share/perception_vision/hook/pythonpath.ps1'
[5.336s] INFO:colcon.colcon_core.shell:Creating environment descriptor '/home/devika/robo_ws/install/perception_vision/share/perception_vision/hook/pythonpath.dsv'
[5.337s] INFO:colcon.colcon_core.shell:Creating environment hook '/home/devika/robo_ws/install/perception_vision/share/perception_vision/hook/pythonpath.sh'
[5.339s] Level 1:colcon.colcon_core.environment:checking '/home/devika/robo_ws/install/perception_vision/bin'
[5.339s] Level 1:colcon.colcon_core.environment:create_environment_scripts_only(perception_vision)
[5.340s] INFO:colcon.colcon_core.shell:Creating package script '/home/devika/robo_ws/install/perception_vision/share/perception_vision/package.ps1'
[5.342s] INFO:colcon.colcon_core.shell:Creating package descriptor '/home/devika/robo_ws/install/perception_vision/share/perception_vision/package.dsv'
[5.344s] INFO:colcon.colcon_core.shell:Creating package script '/home/devika/robo_ws/install/perception_vision/share/perception_vision/package.sh'
[5.345s] INFO:colcon.colcon_core.shell:Creating package script '/home/devika/robo_ws/install/perception_vision/share/perception_vision/package.bash'
[5.346s] INFO:colcon.colcon_core.shell:Creating package script '/home/devika/robo_ws/install/perception_vision/share/perception_vision/package.zsh'
[5.347s] Level 1:colcon.colcon_core.environment:create_file_with_runtime_dependencies(/home/devika/robo_ws/install/perception_vision/share/colcon-core/packages/perception_vision)
[5.348s] DEBUG:colcon.colcon_core.executor.sequential:run_until_complete 'perception_vision' finished with '0'
[5.348s] DEBUG:colcon.colcon_core.executor.sequential:run_until_complete 'rviz_marker_tools'
[5.348s] INFO:colcon.colcon_ros.task.ament_cmake.build:Building ROS package in '/home/devika/robo_ws/src/moveit_task_constructor/rviz_marker_tools' with build type 'ament_cmake'
[5.349s] INFO:colcon.colcon_cmake.task.cmake.build:Building CMake package in '/home/devika/robo_ws/src/moveit_task_constructor/rviz_marker_tools'
[5.349s] INFO:colcon.colcon_core.shell:Skip shell extension 'powershell' for command environment: Not usable outside of PowerShell
[5.350s] DEBUG:colcon.colcon_core.shell:Skip shell extension 'dsv' for command environment
[5.382s] DEBUG:colcon.colcon_core.event_handler.log_command:Invoking command in '/home/devika/robo_ws/build/rviz_marker_tools': CMAKE_PREFIX_PATH=${CMAKE_PREFIX_PATH}:/home/devika/robo_ws/install/perception_vision:/home/devika/robo_ws/install/cylinder_position_estimator:/opt/ros/humble /usr/bin/cmake --build /home/devika/robo_ws/build/rviz_marker_tools
[5.514s] DEBUG:colcon.colcon_core.event_handler.log_command:Invoked command in '/home/devika/robo_ws/build/rviz_marker_tools' returned '0': CMAKE_PREFIX_PATH=${CMAKE_PREFIX_PATH}:/home/devika/robo_ws/install/perception_vision:/home/devika/robo_ws/install/cylinder_position_estimator:/opt/ros/humble /usr/bin/cmake --build /home/devika/robo_ws/build/rviz_marker_tools
[5.516s] DEBUG:colcon.colcon_core.event_handler.log_command:Invoking command in '/home/devika/robo_ws/build/rviz_marker_tools': CMAKE_PREFIX_PATH=${CMAKE_PREFIX_PATH}:/home/devika/robo_ws/install/perception_vision:/home/devika/robo_ws/install/cylinder_position_estimator:/opt/ros/humble /usr/bin/cmake --install /home/devika/robo_ws/build/rviz_marker_tools
[5.532s] Level 1:colcon.colcon_core.environment:create_environment_scripts_only(rviz_marker_tools)
[5.533s] Level 1:colcon.colcon_core.environment:checking '/home/devika/robo_ws/install/rviz_marker_tools' for CMake module files
[5.533s] DEBUG:colcon.colcon_core.event_handler.log_command:Invoked command in '/home/devika/robo_ws/build/rviz_marker_tools' returned '0': CMAKE_PREFIX_PATH=${CMAKE_PREFIX_PATH}:/home/devika/robo_ws/install/perception_vision:/home/devika/robo_ws/install/cylinder_position_estimator:/opt/ros/humble /usr/bin/cmake --install /home/devika/robo_ws/build/rviz_marker_tools
[5.534s] Level 1:colcon.colcon_core.environment:checking '/home/devika/robo_ws/install/rviz_marker_tools' for CMake config files
[5.534s] Level 1:colcon.colcon_core.shell:create_environment_hook('rviz_marker_tools', 'cmake_prefix_path')
[5.534s] INFO:colcon.colcon_core.shell:Creating environment hook '/home/devika/robo_ws/install/rviz_marker_tools/share/rviz_marker_tools/hook/cmake_prefix_path.ps1'
[5.535s] INFO:colcon.colcon_core.shell:Creating environment descriptor '/home/devika/robo_ws/install/rviz_marker_tools/share/rviz_marker_tools/hook/cmake_prefix_path.dsv'
[5.536s] INFO:colcon.colcon_core.shell:Creating environment hook '/home/devika/robo_ws/install/rviz_marker_tools/share/rviz_marker_tools/hook/cmake_prefix_path.sh'
[5.537s] Level 1:colcon.colcon_core.environment:checking '/home/devika/robo_ws/install/rviz_marker_tools/lib'
[5.537s] Level 1:colcon.colcon_core.shell:create_environment_hook('rviz_marker_tools', 'ld_library_path_lib')
[5.537s] INFO:colcon.colcon_core.shell:Creating environment hook '/home/devika/robo_ws/install/rviz_marker_tools/share/rviz_marker_tools/hook/ld_library_path_lib.ps1'
[5.538s] INFO:colcon.colcon_core.shell:Creating environment descriptor '/home/devika/robo_ws/install/rviz_marker_tools/share/rviz_marker_tools/hook/ld_library_path_lib.dsv'
[5.538s] INFO:colcon.colcon_core.shell:Creating environment hook '/home/devika/robo_ws/install/rviz_marker_tools/share/rviz_marker_tools/hook/ld_library_path_lib.sh'
[5.539s] Level 1:colcon.colcon_core.environment:checking '/home/devika/robo_ws/install/rviz_marker_tools/bin'
[5.539s] Level 1:colcon.colcon_core.environment:checking '/home/devika/robo_ws/install/rviz_marker_tools/lib/pkgconfig/rviz_marker_tools.pc'
[5.539s] Level 1:colcon.colcon_core.environment:checking '/home/devika/robo_ws/install/rviz_marker_tools/lib/python3.10/site-packages'
[5.540s] Level 1:colcon.colcon_core.environment:checking '/home/devika/robo_ws/install/rviz_marker_tools/bin'
[5.540s] INFO:colcon.colcon_core.shell:Creating package script '/home/devika/robo_ws/install/rviz_marker_tools/share/rviz_marker_tools/package.ps1'
[5.541s] INFO:colcon.colcon_core.shell:Creating package descriptor '/home/devika/robo_ws/install/rviz_marker_tools/share/rviz_marker_tools/package.dsv'
[5.542s] INFO:colcon.colcon_core.shell:Creating package script '/home/devika/robo_ws/install/rviz_marker_tools/share/rviz_marker_tools/package.sh'
[5.542s] INFO:colcon.colcon_core.shell:Creating package script '/home/devika/robo_ws/install/rviz_marker_tools/share/rviz_marker_tools/package.bash'
[5.543s] INFO:colcon.colcon_core.shell:Creating package script '/home/devika/robo_ws/install/rviz_marker_tools/share/rviz_marker_tools/package.zsh'
[5.543s] Level 1:colcon.colcon_core.environment:create_file_with_runtime_dependencies(/home/devika/robo_ws/install/rviz_marker_tools/share/colcon-core/packages/rviz_marker_tools)
[5.544s] Level 1:colcon.colcon_core.environment:create_environment_scripts_only(rviz_marker_tools)
[5.544s] Level 1:colcon.colcon_core.environment:checking '/home/devika/robo_ws/install/rviz_marker_tools' for CMake module files
[5.545s] Level 1:colcon.colcon_core.environment:checking '/home/devika/robo_ws/install/rviz_marker_tools' for CMake config files
[5.545s] Level 1:colcon.colcon_core.shell:create_environment_hook('rviz_marker_tools', 'cmake_prefix_path')
[5.545s] INFO:colcon.colcon_core.shell:Creating environment hook '/home/devika/robo_ws/install/rviz_marker_tools/share/rviz_marker_tools/hook/cmake_prefix_path.ps1'
[5.546s] INFO:colcon.colcon_core.shell:Creating environment descriptor '/home/devika/robo_ws/install/rviz_marker_tools/share/rviz_marker_tools/hook/cmake_prefix_path.dsv'
[5.546s] INFO:colcon.colcon_core.shell:Creating environment hook '/home/devika/robo_ws/install/rviz_marker_tools/share/rviz_marker_tools/hook/cmake_prefix_path.sh'
[5.547s] Level 1:colcon.colcon_core.environment:checking '/home/devika/robo_ws/install/rviz_marker_tools/lib'
[5.547s] Level 1:colcon.colcon_core.shell:create_environment_hook('rviz_marker_tools', 'ld_library_path_lib')
[5.547s] INFO:colcon.colcon_core.shell:Creating environment hook '/home/devika/robo_ws/install/rviz_marker_tools/share/rviz_marker_tools/hook/ld_library_path_lib.ps1'
[5.548s] INFO:colcon.colcon_core.shell:Creating environment descriptor '/home/devika/robo_ws/install/rviz_marker_tools/share/rviz_marker_tools/hook/ld_library_path_lib.dsv'
[5.548s] INFO:colcon.colcon_core.shell:Creating environment hook '/home/devika/robo_ws/install/rviz_marker_tools/share/rviz_marker_tools/hook/ld_library_path_lib.sh'
[5.548s] Level 1:colcon.colcon_core.environment:checking '/home/devika/robo_ws/install/rviz_marker_tools/bin'
[5.548s] Level 1:colcon.colcon_core.environment:checking '/home/devika/robo_ws/install/rviz_marker_tools/lib/pkgconfig/rviz_marker_tools.pc'
[5.549s] Level 1:colcon.colcon_core.environment:checking '/home/devika/robo_ws/install/rviz_marker_tools/lib/python3.10/site-packages'
[5.549s] Level 1:colcon.colcon_core.environment:checking '/home/devika/robo_ws/install/rviz_marker_tools/bin'
[5.549s] INFO:colcon.colcon_core.shell:Creating package script '/home/devika/robo_ws/install/rviz_marker_tools/share/rviz_marker_tools/package.ps1'
[5.550s] INFO:colcon.colcon_core.shell:Creating package descriptor '/home/devika/robo_ws/install/rviz_marker_tools/share/rviz_marker_tools/package.dsv'
[5.550s] INFO:colcon.colcon_core.shell:Creating package script '/home/devika/robo_ws/install/rviz_marker_tools/share/rviz_marker_tools/package.sh'
[5.551s] INFO:colcon.colcon_core.shell:Creating package script '/home/devika/robo_ws/install/rviz_marker_tools/share/rviz_marker_tools/package.bash'
[5.551s] INFO:colcon.colcon_core.shell:Creating package script '/home/devika/robo_ws/install/rviz_marker_tools/share/rviz_marker_tools/package.zsh'
[5.552s] Level 1:colcon.colcon_core.environment:create_file_with_runtime_dependencies(/home/devika/robo_ws/install/rviz_marker_tools/share/colcon-core/packages/rviz_marker_tools)
[5.552s] DEBUG:colcon.colcon_core.executor.sequential:run_until_complete 'rviz_marker_tools' finished with '0'
[5.552s] DEBUG:colcon.colcon_core.executor.sequential:run_until_complete 'warehouse_ros_mongo'
[5.552s] INFO:colcon.colcon_ros.task.ament_cmake.build:Building ROS package in '/home/devika/robo_ws/src/warehouse_ros_mongo' with build type 'ament_cmake'
[5.552s] INFO:colcon.colcon_cmake.task.cmake.build:Building CMake package in '/home/devika/robo_ws/src/warehouse_ros_mongo'
[5.553s] INFO:colcon.colcon_core.shell:Skip shell extension 'powershell' for command environment: Not usable outside of PowerShell
[5.553s] DEBUG:colcon.colcon_core.shell:Skip shell extension 'dsv' for command environment
[5.570s] DEBUG:colcon.colcon_core.event_handler.log_command:Invoking command in '/home/devika/robo_ws/build/warehouse_ros_mongo': CMAKE_PREFIX_PATH=${CMAKE_PREFIX_PATH}:/home/devika/robo_ws/install/perception_vision:/home/devika/robo_ws/install/cylinder_position_estimator:/opt/ros/humble /usr/bin/cmake --build /home/devika/robo_ws/build/warehouse_ros_mongo
[6.355s] DEBUG:colcon.colcon_core.event_handler.log_command:Invoked command in '/home/devika/robo_ws/build/warehouse_ros_mongo' returned '0': CMAKE_PREFIX_PATH=${CMAKE_PREFIX_PATH}:/home/devika/robo_ws/install/perception_vision:/home/devika/robo_ws/install/cylinder_position_estimator:/opt/ros/humble /usr/bin/cmake --build /home/devika/robo_ws/build/warehouse_ros_mongo
[6.357s] DEBUG:colcon.colcon_core.event_handler.log_command:Invoking command in '/home/devika/robo_ws/build/warehouse_ros_mongo': CMAKE_PREFIX_PATH=${CMAKE_PREFIX_PATH}:/home/devika/robo_ws/install/perception_vision:/home/devika/robo_ws/install/cylinder_position_estimator:/opt/ros/humble /usr/bin/cmake --install /home/devika/robo_ws/build/warehouse_ros_mongo
[6.435s] Level 1:colcon.colcon_core.environment:create_environment_scripts_only(warehouse_ros_mongo)
[6.436s] Level 1:colcon.colcon_core.environment:checking '/home/devika/robo_ws/install/warehouse_ros_mongo' for CMake module files
[6.437s] DEBUG:colcon.colcon_core.event_handler.log_command:Invoked command in '/home/devika/robo_ws/build/warehouse_ros_mongo' returned '0': CMAKE_PREFIX_PATH=${CMAKE_PREFIX_PATH}:/home/devika/robo_ws/install/perception_vision:/home/devika/robo_ws/install/cylinder_position_estimator:/opt/ros/humble /usr/bin/cmake --install /home/devika/robo_ws/build/warehouse_ros_mongo
[6.438s] Level 1:colcon.colcon_core.shell:create_environment_hook('warehouse_ros_mongo', 'cmake_module_path')
[6.439s] INFO:colcon.colcon_core.shell:Creating environment hook '/home/devika/robo_ws/install/warehouse_ros_mongo/share/warehouse_ros_mongo/hook/cmake_module_path.ps1'
[6.440s] INFO:colcon.colcon_core.shell:Creating environment descriptor '/home/devika/robo_ws/install/warehouse_ros_mongo/share/warehouse_ros_mongo/hook/cmake_module_path.dsv'
[6.441s] INFO:colcon.colcon_core.shell:Creating environment hook '/home/devika/robo_ws/install/warehouse_ros_mongo/share/warehouse_ros_mongo/hook/cmake_module_path.sh'
[6.442s] Level 1:colcon.colcon_core.environment:checking '/home/devika/robo_ws/install/warehouse_ros_mongo' for CMake config files
[6.443s] Level 1:colcon.colcon_core.shell:create_environment_hook('warehouse_ros_mongo', 'cmake_prefix_path')
[6.444s] INFO:colcon.colcon_core.shell:Creating environment hook '/home/devika/robo_ws/install/warehouse_ros_mongo/share/warehouse_ros_mongo/hook/cmake_prefix_path.ps1'
[6.445s] INFO:colcon.colcon_core.shell:Creating environment descriptor '/home/devika/robo_ws/install/warehouse_ros_mongo/share/warehouse_ros_mongo/hook/cmake_prefix_path.dsv'
[6.446s] INFO:colcon.colcon_core.shell:Creating environment hook '/home/devika/robo_ws/install/warehouse_ros_mongo/share/warehouse_ros_mongo/hook/cmake_prefix_path.sh'
[6.448s] Level 1:colcon.colcon_core.environment:checking '/home/devika/robo_ws/install/warehouse_ros_mongo/lib'
[6.448s] Level 1:colcon.colcon_core.shell:create_environment_hook('warehouse_ros_mongo', 'ld_library_path_lib')
[6.449s] INFO:colcon.colcon_core.shell:Creating environment hook '/home/devika/robo_ws/install/warehouse_ros_mongo/share/warehouse_ros_mongo/hook/ld_library_path_lib.ps1'
[6.450s] INFO:colcon.colcon_core.shell:Creating environment descriptor '/home/devika/robo_ws/install/warehouse_ros_mongo/share/warehouse_ros_mongo/hook/ld_library_path_lib.dsv'
[6.451s] INFO:colcon.colcon_core.shell:Creating environment hook '/home/devika/robo_ws/install/warehouse_ros_mongo/share/warehouse_ros_mongo/hook/ld_library_path_lib.sh'
[6.452s] Level 1:colcon.colcon_core.environment:checking '/home/devika/robo_ws/install/warehouse_ros_mongo/bin'
[6.452s] Level 1:colcon.colcon_core.environment:checking '/home/devika/robo_ws/install/warehouse_ros_mongo/lib/pkgconfig/warehouse_ros_mongo.pc'
[6.453s] Level 1:colcon.colcon_core.environment:checking '/home/devika/robo_ws/install/warehouse_ros_mongo/lib/python3.10/site-packages'
[6.453s] Level 1:colcon.colcon_core.environment:checking '/home/devika/robo_ws/install/warehouse_ros_mongo/bin'
[6.455s] INFO:colcon.colcon_core.shell:Creating package script '/home/devika/robo_ws/install/warehouse_ros_mongo/share/warehouse_ros_mongo/package.ps1'
[6.456s] INFO:colcon.colcon_core.shell:Creating package descriptor '/home/devika/robo_ws/install/warehouse_ros_mongo/share/warehouse_ros_mongo/package.dsv'
[6.457s] INFO:colcon.colcon_core.shell:Creating package script '/home/devika/robo_ws/install/warehouse_ros_mongo/share/warehouse_ros_mongo/package.sh'
[6.459s] INFO:colcon.colcon_core.shell:Creating package script '/home/devika/robo_ws/install/warehouse_ros_mongo/share/warehouse_ros_mongo/package.bash'
[6.460s] INFO:colcon.colcon_core.shell:Creating package script '/home/devika/robo_ws/install/warehouse_ros_mongo/share/warehouse_ros_mongo/package.zsh'
[6.461s] Level 1:colcon.colcon_core.environment:create_file_with_runtime_dependencies(/home/devika/robo_ws/install/warehouse_ros_mongo/share/colcon-core/packages/warehouse_ros_mongo)
[6.462s] Level 1:colcon.colcon_core.environment:create_environment_scripts_only(warehouse_ros_mongo)
[6.463s] Level 1:colcon.colcon_core.environment:checking '/home/devika/robo_ws/install/warehouse_ros_mongo' for CMake module files
[6.465s] Level 1:colcon.colcon_core.shell:create_environment_hook('warehouse_ros_mongo', 'cmake_module_path')
[6.465s] INFO:colcon.colcon_core.shell:Creating environment hook '/home/devika/robo_ws/install/warehouse_ros_mongo/share/warehouse_ros_mongo/hook/cmake_module_path.ps1'
[6.467s] INFO:colcon.colcon_core.shell:Creating environment descriptor '/home/devika/robo_ws/install/warehouse_ros_mongo/share/warehouse_ros_mongo/hook/cmake_module_path.dsv'
[6.467s] INFO:colcon.colcon_core.shell:Creating environment hook '/home/devika/robo_ws/install/warehouse_ros_mongo/share/warehouse_ros_mongo/hook/cmake_module_path.sh'
[6.469s] Level 1:colcon.colcon_core.environment:checking '/home/devika/robo_ws/install/warehouse_ros_mongo' for CMake config files
[6.470s] Level 1:colcon.colcon_core.shell:create_environment_hook('warehouse_ros_mongo', 'cmake_prefix_path')
[6.470s] INFO:colcon.colcon_core.shell:Creating environment hook '/home/devika/robo_ws/install/warehouse_ros_mongo/share/warehouse_ros_mongo/hook/cmake_prefix_path.ps1'
[6.471s] INFO:colcon.colcon_core.shell:Creating environment descriptor '/home/devika/robo_ws/install/warehouse_ros_mongo/share/warehouse_ros_mongo/hook/cmake_prefix_path.dsv'
[6.472s] INFO:colcon.colcon_core.shell:Creating environment hook '/home/devika/robo_ws/install/warehouse_ros_mongo/share/warehouse_ros_mongo/hook/cmake_prefix_path.sh'
[6.474s] Level 1:colcon.colcon_core.environment:checking '/home/devika/robo_ws/install/warehouse_ros_mongo/lib'
[6.474s] Level 1:colcon.colcon_core.shell:create_environment_hook('warehouse_ros_mongo', 'ld_library_path_lib')
[6.474s] INFO:colcon.colcon_core.shell:Creating environment hook '/home/devika/robo_ws/install/warehouse_ros_mongo/share/warehouse_ros_mongo/hook/ld_library_path_lib.ps1'
[6.475s] INFO:colcon.colcon_core.shell:Creating environment descriptor '/home/devika/robo_ws/install/warehouse_ros_mongo/share/warehouse_ros_mongo/hook/ld_library_path_lib.dsv'
[6.476s] INFO:colcon.colcon_core.shell:Creating environment hook '/home/devika/robo_ws/install/warehouse_ros_mongo/share/warehouse_ros_mongo/hook/ld_library_path_lib.sh'
[6.477s] Level 1:colcon.colcon_core.environment:checking '/home/devika/robo_ws/install/warehouse_ros_mongo/bin'
[6.478s] Level 1:colcon.colcon_core.environment:checking '/home/devika/robo_ws/install/warehouse_ros_mongo/lib/pkgconfig/warehouse_ros_mongo.pc'
[6.478s] Level 1:colcon.colcon_core.environment:checking '/home/devika/robo_ws/install/warehouse_ros_mongo/lib/python3.10/site-packages'
[6.479s] Level 1:colcon.colcon_core.environment:checking '/home/devika/robo_ws/install/warehouse_ros_mongo/bin'
[6.480s] INFO:colcon.colcon_core.shell:Creating package script '/home/devika/robo_ws/install/warehouse_ros_mongo/share/warehouse_ros_mongo/package.ps1'
[6.481s] INFO:colcon.colcon_core.shell:Creating package descriptor '/home/devika/robo_ws/install/warehouse_ros_mongo/share/warehouse_ros_mongo/package.dsv'
[6.483s] INFO:colcon.colcon_core.shell:Creating package script '/home/devika/robo_ws/install/warehouse_ros_mongo/share/warehouse_ros_mongo/package.sh'
[6.484s] INFO:colcon.colcon_core.shell:Creating package script '/home/devika/robo_ws/install/warehouse_ros_mongo/share/warehouse_ros_mongo/package.bash'
[6.485s] INFO:colcon.colcon_core.shell:Creating package script '/home/devika/robo_ws/install/warehouse_ros_mongo/share/warehouse_ros_mongo/package.zsh'
[6.486s] Level 1:colcon.colcon_core.environment:create_file_with_runtime_dependencies(/home/devika/robo_ws/install/warehouse_ros_mongo/share/colcon-core/packages/warehouse_ros_mongo)
[6.487s] DEBUG:colcon.colcon_core.executor.sequential:run_until_complete 'warehouse_ros_mongo' finished with '0'
[6.487s] DEBUG:colcon.colcon_core.executor.sequential:run_until_complete 'moveit_task_constructor_core'
[6.487s] INFO:colcon.colcon_ros.task.ament_cmake.build:Building ROS package in '/home/devika/robo_ws/src/moveit_task_constructor/core' with build type 'ament_cmake'
[6.487s] INFO:colcon.colcon_cmake.task.cmake.build:Building CMake package in '/home/devika/robo_ws/src/moveit_task_constructor/core'
[6.488s] INFO:colcon.colcon_core.shell:Skip shell extension 'powershell' for command environment: Not usable outside of PowerShell
[6.488s] DEBUG:colcon.colcon_core.shell:Skip shell extension 'dsv' for command environment
[6.521s] DEBUG:colcon.colcon_core.event_handler.log_command:Invoking command in '/home/devika/robo_ws/build/moveit_task_constructor_core': CMAKE_PREFIX_PATH=/home/devika/robo_ws/install/rviz_marker_tools:/home/devika/robo_ws/install/moveit_task_constructor_msgs:/home/devika/robo_ws/install/urdf_humble_test_moveit_config:/home/devika/robo_ws/install/warehouse_ros_mongo:/home/devika/robo_ws/install/urdf_humble_test:/home/devika/robo_ws/install/moveit_task_constructor_visualization:/home/devika/robo_ws/install/moveit_task_constructor_demo:/home/devika/robo_ws/install/moveit_task_constructor_capabilities:/home/devika/robo_ws/install/hello_moveit_task_constructor:/home/devika/robo_ws/install/moveit_task_constructor_core:/home/devika/robo_ws/install/hello_moveit:/home/devika/robo_ws/install/gazebo_ros2_control:/home/devika/manga_ws/install/urdf_humble_test_moveit_config:/home/devika/manga_ws/install/urdf_humble_test:/home/devika/manga_ws/install/hello_moveit:/home/devika/some_ws/install/motoman_hc10_support:/home/devika/some_ws/install/motoman_resources:/home/devika/some_ws/install/hello_moveit:/home/devika/some_ws/install/hc20_sim_moveit_config:/home/devika/some_ws/install/hc20_moveit_config:/home/devika/some_ws/install/hc10_movit2v3:/home/devika/some_ws/install/hc10dt_moveit_config:/home/devika/robo_ws/install/perception_vision:/home/devika/robo_ws/install/cylinder_position_estimator:/opt/ros/humble LD_LIBRARY_PATH=/home/devika/robo_ws/install/rviz_marker_tools/lib:/home/devika/robo_ws/install/moveit_task_constructor_msgs/lib:/home/devika/robo_ws/install/warehouse_ros_mongo/lib:/home/devika/robo_ws/install/moveit_task_constructor_visualization/lib:/home/devika/robo_ws/install/moveit_task_constructor_demo/lib:/home/devika/robo_ws/install/moveit_task_constructor_capabilities/lib:/home/devika/robo_ws/install/hello_moveit_task_constructor/lib:/home/devika/robo_ws/install/moveit_task_constructor_core/lib:/home/devika/robo_ws/install/gazebo_ros2_control/lib:/usr/lib/x86_64-linux-gnu/gazebo-11/plugins:/opt/ros/humble/opt/rviz_ogre_vendor/lib:/opt/ros/humble/lib/x86_64-linux-gnu:/opt/ros/humble/lib /usr/bin/cmake --build /home/devika/robo_ws/build/moveit_task_constructor_core
[8.719s] DEBUG:colcon.colcon_core.event_handler.log_command:Invoked command in '/home/devika/robo_ws/build/moveit_task_constructor_core' returned '0': CMAKE_PREFIX_PATH=/home/devika/robo_ws/install/rviz_marker_tools:/home/devika/robo_ws/install/moveit_task_constructor_msgs:/home/devika/robo_ws/install/urdf_humble_test_moveit_config:/home/devika/robo_ws/install/warehouse_ros_mongo:/home/devika/robo_ws/install/urdf_humble_test:/home/devika/robo_ws/install/moveit_task_constructor_visualization:/home/devika/robo_ws/install/moveit_task_constructor_demo:/home/devika/robo_ws/install/moveit_task_constructor_capabilities:/home/devika/robo_ws/install/hello_moveit_task_constructor:/home/devika/robo_ws/install/moveit_task_constructor_core:/home/devika/robo_ws/install/hello_moveit:/home/devika/robo_ws/install/gazebo_ros2_control:/home/devika/manga_ws/install/urdf_humble_test_moveit_config:/home/devika/manga_ws/install/urdf_humble_test:/home/devika/manga_ws/install/hello_moveit:/home/devika/some_ws/install/motoman_hc10_support:/home/devika/some_ws/install/motoman_resources:/home/devika/some_ws/install/hello_moveit:/home/devika/some_ws/install/hc20_sim_moveit_config:/home/devika/some_ws/install/hc20_moveit_config:/home/devika/some_ws/install/hc10_movit2v3:/home/devika/some_ws/install/hc10dt_moveit_config:/home/devika/robo_ws/install/perception_vision:/home/devika/robo_ws/install/cylinder_position_estimator:/opt/ros/humble LD_LIBRARY_PATH=/home/devika/robo_ws/install/rviz_marker_tools/lib:/home/devika/robo_ws/install/moveit_task_constructor_msgs/lib:/home/devika/robo_ws/install/warehouse_ros_mongo/lib:/home/devika/robo_ws/install/moveit_task_constructor_visualization/lib:/home/devika/robo_ws/install/moveit_task_constructor_demo/lib:/home/devika/robo_ws/install/moveit_task_constructor_capabilities/lib:/home/devika/robo_ws/install/hello_moveit_task_constructor/lib:/home/devika/robo_ws/install/moveit_task_constructor_core/lib:/home/devika/robo_ws/install/gazebo_ros2_control/lib:/usr/lib/x86_64-linux-gnu/gazebo-11/plugins:/opt/ros/humble/opt/rviz_ogre_vendor/lib:/opt/ros/humble/lib/x86_64-linux-gnu:/opt/ros/humble/lib /usr/bin/cmake --build /home/devika/robo_ws/build/moveit_task_constructor_core
[8.724s] DEBUG:colcon.colcon_core.event_handler.log_command:Invoking command in '/home/devika/robo_ws/build/moveit_task_constructor_core': CMAKE_PREFIX_PATH=/home/devika/robo_ws/install/rviz_marker_tools:/home/devika/robo_ws/install/moveit_task_constructor_msgs:/home/devika/robo_ws/install/urdf_humble_test_moveit_config:/home/devika/robo_ws/install/warehouse_ros_mongo:/home/devika/robo_ws/install/urdf_humble_test:/home/devika/robo_ws/install/moveit_task_constructor_visualization:/home/devika/robo_ws/install/moveit_task_constructor_demo:/home/devika/robo_ws/install/moveit_task_constructor_capabilities:/home/devika/robo_ws/install/hello_moveit_task_constructor:/home/devika/robo_ws/install/moveit_task_constructor_core:/home/devika/robo_ws/install/hello_moveit:/home/devika/robo_ws/install/gazebo_ros2_control:/home/devika/manga_ws/install/urdf_humble_test_moveit_config:/home/devika/manga_ws/install/urdf_humble_test:/home/devika/manga_ws/install/hello_moveit:/home/devika/some_ws/install/motoman_hc10_support:/home/devika/some_ws/install/motoman_resources:/home/devika/some_ws/install/hello_moveit:/home/devika/some_ws/install/hc20_sim_moveit_config:/home/devika/some_ws/install/hc20_moveit_config:/home/devika/some_ws/install/hc10_movit2v3:/home/devika/some_ws/install/hc10dt_moveit_config:/home/devika/robo_ws/install/perception_vision:/home/devika/robo_ws/install/cylinder_position_estimator:/opt/ros/humble LD_LIBRARY_PATH=/home/devika/robo_ws/install/rviz_marker_tools/lib:/home/devika/robo_ws/install/moveit_task_constructor_msgs/lib:/home/devika/robo_ws/install/warehouse_ros_mongo/lib:/home/devika/robo_ws/install/moveit_task_constructor_visualization/lib:/home/devika/robo_ws/install/moveit_task_constructor_demo/lib:/home/devika/robo_ws/install/moveit_task_constructor_capabilities/lib:/home/devika/robo_ws/install/hello_moveit_task_constructor/lib:/home/devika/robo_ws/install/moveit_task_constructor_core/lib:/home/devika/robo_ws/install/gazebo_ros2_control/lib:/usr/lib/x86_64-linux-gnu/gazebo-11/plugins:/opt/ros/humble/opt/rviz_ogre_vendor/lib:/opt/ros/humble/lib/x86_64-linux-gnu:/opt/ros/humble/lib /usr/bin/cmake --install /home/devika/robo_ws/build/moveit_task_constructor_core
[8.820s] Level 1:colcon.colcon_core.environment:create_environment_scripts_only(moveit_task_constructor_core)
[8.821s] Level 1:colcon.colcon_core.environment:checking '/home/devika/robo_ws/install/moveit_task_constructor_core' for CMake module files
[8.826s] Level 1:colcon.colcon_core.shell:create_environment_hook('moveit_task_constructor_core', 'cmake_module_path')
[8.827s] INFO:colcon.colcon_core.shell:Creating environment hook '/home/devika/robo_ws/install/moveit_task_constructor_core/share/moveit_task_constructor_core/hook/cmake_module_path.ps1'
[8.831s] INFO:colcon.colcon_core.shell:Creating environment descriptor '/home/devika/robo_ws/install/moveit_task_constructor_core/share/moveit_task_constructor_core/hook/cmake_module_path.dsv'
[8.837s] INFO:colcon.colcon_core.shell:Creating environment hook '/home/devika/robo_ws/install/moveit_task_constructor_core/share/moveit_task_constructor_core/hook/cmake_module_path.sh'
[8.840s] DEBUG:colcon.colcon_core.event_handler.log_command:Invoked command in '/home/devika/robo_ws/build/moveit_task_constructor_core' returned '0': CMAKE_PREFIX_PATH=/home/devika/robo_ws/install/rviz_marker_tools:/home/devika/robo_ws/install/moveit_task_constructor_msgs:/home/devika/robo_ws/install/urdf_humble_test_moveit_config:/home/devika/robo_ws/install/warehouse_ros_mongo:/home/devika/robo_ws/install/urdf_humble_test:/home/devika/robo_ws/install/moveit_task_constructor_visualization:/home/devika/robo_ws/install/moveit_task_constructor_demo:/home/devika/robo_ws/install/moveit_task_constructor_capabilities:/home/devika/robo_ws/install/hello_moveit_task_constructor:/home/devika/robo_ws/install/moveit_task_constructor_core:/home/devika/robo_ws/install/hello_moveit:/home/devika/robo_ws/install/gazebo_ros2_control:/home/devika/manga_ws/install/urdf_humble_test_moveit_config:/home/devika/manga_ws/install/urdf_humble_test:/home/devika/manga_ws/install/hello_moveit:/home/devika/some_ws/install/motoman_hc10_support:/home/devika/some_ws/install/motoman_resources:/home/devika/some_ws/install/hello_moveit:/home/devika/some_ws/install/hc20_sim_moveit_config:/home/devika/some_ws/install/hc20_moveit_config:/home/devika/some_ws/install/hc10_movit2v3:/home/devika/some_ws/install/hc10dt_moveit_config:/home/devika/robo_ws/install/perception_vision:/home/devika/robo_ws/install/cylinder_position_estimator:/opt/ros/humble LD_LIBRARY_PATH=/home/devika/robo_ws/install/rviz_marker_tools/lib:/home/devika/robo_ws/install/moveit_task_constructor_msgs/lib:/home/devika/robo_ws/install/warehouse_ros_mongo/lib:/home/devika/robo_ws/install/moveit_task_constructor_visualization/lib:/home/devika/robo_ws/install/moveit_task_constructor_demo/lib:/home/devika/robo_ws/install/moveit_task_constructor_capabilities/lib:/home/devika/robo_ws/install/hello_moveit_task_constructor/lib:/home/devika/robo_ws/install/moveit_task_constructor_core/lib:/home/devika/robo_ws/install/gazebo_ros2_control/lib:/usr/lib/x86_64-linux-gnu/gazebo-11/plugins:/opt/ros/humble/opt/rviz_ogre_vendor/lib:/opt/ros/humble/lib/x86_64-linux-gnu:/opt/ros/humble/lib /usr/bin/cmake --install /home/devika/robo_ws/build/moveit_task_constructor_core
[8.841s] Level 1:colcon.colcon_core.environment:checking '/home/devika/robo_ws/install/moveit_task_constructor_core' for CMake config files
[8.842s] Level 1:colcon.colcon_core.shell:create_environment_hook('moveit_task_constructor_core', 'cmake_prefix_path')
[8.843s] INFO:colcon.colcon_core.shell:Creating environment hook '/home/devika/robo_ws/install/moveit_task_constructor_core/share/moveit_task_constructor_core/hook/cmake_prefix_path.ps1'
[8.844s] INFO:colcon.colcon_core.shell:Creating environment descriptor '/home/devika/robo_ws/install/moveit_task_constructor_core/share/moveit_task_constructor_core/hook/cmake_prefix_path.dsv'
[8.845s] INFO:colcon.colcon_core.shell:Creating environment hook '/home/devika/robo_ws/install/moveit_task_constructor_core/share/moveit_task_constructor_core/hook/cmake_prefix_path.sh'
[8.846s] Level 1:colcon.colcon_core.environment:checking '/home/devika/robo_ws/install/moveit_task_constructor_core/lib'
[8.846s] Level 1:colcon.colcon_core.shell:create_environment_hook('moveit_task_constructor_core', 'ld_library_path_lib')
[8.847s] INFO:colcon.colcon_core.shell:Creating environment hook '/home/devika/robo_ws/install/moveit_task_constructor_core/share/moveit_task_constructor_core/hook/ld_library_path_lib.ps1'
[8.848s] INFO:colcon.colcon_core.shell:Creating environment descriptor '/home/devika/robo_ws/install/moveit_task_constructor_core/share/moveit_task_constructor_core/hook/ld_library_path_lib.dsv'
[8.849s] INFO:colcon.colcon_core.shell:Creating environment hook '/home/devika/robo_ws/install/moveit_task_constructor_core/share/moveit_task_constructor_core/hook/ld_library_path_lib.sh'
[8.850s] Level 1:colcon.colcon_core.environment:checking '/home/devika/robo_ws/install/moveit_task_constructor_core/bin'
[8.850s] Level 1:colcon.colcon_core.environment:checking '/home/devika/robo_ws/install/moveit_task_constructor_core/lib/pkgconfig/moveit_task_constructor_core.pc'
[8.851s] Level 1:colcon.colcon_core.environment:checking '/home/devika/robo_ws/install/moveit_task_constructor_core/lib/python3.10/site-packages'
[8.851s] Level 1:colcon.colcon_core.environment:checking '/home/devika/robo_ws/install/moveit_task_constructor_core/bin'
[8.852s] INFO:colcon.colcon_core.shell:Creating package script '/home/devika/robo_ws/install/moveit_task_constructor_core/share/moveit_task_constructor_core/package.ps1'
[8.854s] INFO:colcon.colcon_core.shell:Creating package descriptor '/home/devika/robo_ws/install/moveit_task_constructor_core/share/moveit_task_constructor_core/package.dsv'
[8.855s] INFO:colcon.colcon_core.shell:Creating package script '/home/devika/robo_ws/install/moveit_task_constructor_core/share/moveit_task_constructor_core/package.sh'
[8.856s] INFO:colcon.colcon_core.shell:Creating package script '/home/devika/robo_ws/install/moveit_task_constructor_core/share/moveit_task_constructor_core/package.bash'
[8.857s] INFO:colcon.colcon_core.shell:Creating package script '/home/devika/robo_ws/install/moveit_task_constructor_core/share/moveit_task_constructor_core/package.zsh'
[8.858s] Level 1:colcon.colcon_core.environment:create_file_with_runtime_dependencies(/home/devika/robo_ws/install/moveit_task_constructor_core/share/colcon-core/packages/moveit_task_constructor_core)
[8.868s] Level 1:colcon.colcon_core.environment:create_environment_scripts_only(moveit_task_constructor_core)
[8.869s] Level 1:colcon.colcon_core.environment:checking '/home/devika/robo_ws/install/moveit_task_constructor_core' for CMake module files
[8.871s] Level 1:colcon.colcon_core.shell:create_environment_hook('moveit_task_constructor_core', 'cmake_module_path')
[8.871s] INFO:colcon.colcon_core.shell:Creating environment hook '/home/devika/robo_ws/install/moveit_task_constructor_core/share/moveit_task_constructor_core/hook/cmake_module_path.ps1'
[8.872s] INFO:colcon.colcon_core.shell:Creating environment descriptor '/home/devika/robo_ws/install/moveit_task_constructor_core/share/moveit_task_constructor_core/hook/cmake_module_path.dsv'
[8.874s] INFO:colcon.colcon_core.shell:Creating environment hook '/home/devika/robo_ws/install/moveit_task_constructor_core/share/moveit_task_constructor_core/hook/cmake_module_path.sh'
[8.876s] Level 1:colcon.colcon_core.environment:checking '/home/devika/robo_ws/install/moveit_task_constructor_core' for CMake config files
[8.877s] Level 1:colcon.colcon_core.shell:create_environment_hook('moveit_task_constructor_core', 'cmake_prefix_path')
[8.878s] INFO:colcon.colcon_core.shell:Creating environment hook '/home/devika/robo_ws/install/moveit_task_constructor_core/share/moveit_task_constructor_core/hook/cmake_prefix_path.ps1'
[8.879s] INFO:colcon.colcon_core.shell:Creating environment descriptor '/home/devika/robo_ws/install/moveit_task_constructor_core/share/moveit_task_constructor_core/hook/cmake_prefix_path.dsv'
[8.880s] INFO:colcon.colcon_core.shell:Creating environment hook '/home/devika/robo_ws/install/moveit_task_constructor_core/share/moveit_task_constructor_core/hook/cmake_prefix_path.sh'
[8.881s] Level 1:colcon.colcon_core.environment:checking '/home/devika/robo_ws/install/moveit_task_constructor_core/lib'
[8.882s] Level 1:colcon.colcon_core.shell:create_environment_hook('moveit_task_constructor_core', 'ld_library_path_lib')
[8.882s] INFO:colcon.colcon_core.shell:Creating environment hook '/home/devika/robo_ws/install/moveit_task_constructor_core/share/moveit_task_constructor_core/hook/ld_library_path_lib.ps1'
[8.883s] INFO:colcon.colcon_core.shell:Creating environment descriptor '/home/devika/robo_ws/install/moveit_task_constructor_core/share/moveit_task_constructor_core/hook/ld_library_path_lib.dsv'
[8.884s] INFO:colcon.colcon_core.shell:Creating environment hook '/home/devika/robo_ws/install/moveit_task_constructor_core/share/moveit_task_constructor_core/hook/ld_library_path_lib.sh'
[8.885s] Level 1:colcon.colcon_core.environment:checking '/home/devika/robo_ws/install/moveit_task_constructor_core/bin'
[8.885s] Level 1:colcon.colcon_core.environment:checking '/home/devika/robo_ws/install/moveit_task_constructor_core/lib/pkgconfig/moveit_task_constructor_core.pc'
[8.886s] Level 1:colcon.colcon_core.environment:checking '/home/devika/robo_ws/install/moveit_task_constructor_core/lib/python3.10/site-packages'
[8.887s] Level 1:colcon.colcon_core.environment:checking '/home/devika/robo_ws/install/moveit_task_constructor_core/bin'
[8.888s] INFO:colcon.colcon_core.shell:Creating package script '/home/devika/robo_ws/install/moveit_task_constructor_core/share/moveit_task_constructor_core/package.ps1'
[8.889s] INFO:colcon.colcon_core.shell:Creating package descriptor '/home/devika/robo_ws/install/moveit_task_constructor_core/share/moveit_task_constructor_core/package.dsv'
[8.891s] INFO:colcon.colcon_core.shell:Creating package script '/home/devika/robo_ws/install/moveit_task_constructor_core/share/moveit_task_constructor_core/package.sh'
[8.892s] INFO:colcon.colcon_core.shell:Creating package script '/home/devika/robo_ws/install/moveit_task_constructor_core/share/moveit_task_constructor_core/package.bash'
[8.893s] INFO:colcon.colcon_core.shell:Creating package script '/home/devika/robo_ws/install/moveit_task_constructor_core/share/moveit_task_constructor_core/package.zsh'
[8.894s] Level 1:colcon.colcon_core.environment:create_file_with_runtime_dependencies(/home/devika/robo_ws/install/moveit_task_constructor_core/share/colcon-core/packages/moveit_task_constructor_core)
[8.895s] DEBUG:colcon.colcon_core.executor.sequential:run_until_complete 'moveit_task_constructor_core' finished with '0'
[8.895s] DEBUG:colcon.colcon_core.executor.sequential:run_until_complete 'urdf_humble_test'
[8.895s] INFO:colcon.colcon_ros.task.ament_cmake.build:Building ROS package in '/home/devika/robo_ws/src/urdf_humble_test' with build type 'ament_cmake'
[8.895s] INFO:colcon.colcon_cmake.task.cmake.build:Building CMake package in '/home/devika/robo_ws/src/urdf_humble_test'
[8.896s] INFO:colcon.colcon_core.shell:Skip shell extension 'powershell' for command environment: Not usable outside of PowerShell
[8.896s] DEBUG:colcon.colcon_core.shell:Skip shell extension 'dsv' for command environment
[8.922s] DEBUG:colcon.colcon_core.event_handler.log_command:Invoking command in '/home/devika/robo_ws/build/urdf_humble_test': CMAKE_PREFIX_PATH=/home/devika/robo_ws/install/gazebo_ros2_control:/home/devika/robo_ws/install/urdf_humble_test_moveit_config:/home/devika/robo_ws/install/warehouse_ros_mongo:/home/devika/robo_ws/install/urdf_humble_test:/home/devika/robo_ws/install/moveit_task_constructor_visualization:/home/devika/robo_ws/install/moveit_task_constructor_demo:/home/devika/robo_ws/install/moveit_task_constructor_capabilities:/home/devika/robo_ws/install/hello_moveit_task_constructor:/home/devika/robo_ws/install/moveit_task_constructor_core:/home/devika/robo_ws/install/rviz_marker_tools:/home/devika/robo_ws/install/moveit_task_constructor_msgs:/home/devika/robo_ws/install/hello_moveit:/home/devika/manga_ws/install/urdf_humble_test_moveit_config:/home/devika/manga_ws/install/urdf_humble_test:/home/devika/manga_ws/install/hello_moveit:/home/devika/some_ws/install/motoman_hc10_support:/home/devika/some_ws/install/motoman_resources:/home/devika/some_ws/install/hello_moveit:/home/devika/some_ws/install/hc20_sim_moveit_config:/home/devika/some_ws/install/hc20_moveit_config:/home/devika/some_ws/install/hc10_movit2v3:/home/devika/some_ws/install/hc10dt_moveit_config:/home/devika/robo_ws/install/perception_vision:/home/devika/robo_ws/install/cylinder_position_estimator:/opt/ros/humble LD_LIBRARY_PATH=/home/devika/robo_ws/install/gazebo_ros2_control/lib:/home/devika/robo_ws/install/warehouse_ros_mongo/lib:/home/devika/robo_ws/install/moveit_task_constructor_visualization/lib:/home/devika/robo_ws/install/moveit_task_constructor_demo/lib:/home/devika/robo_ws/install/moveit_task_constructor_capabilities/lib:/home/devika/robo_ws/install/hello_moveit_task_constructor/lib:/home/devika/robo_ws/install/moveit_task_constructor_core/lib:/home/devika/robo_ws/install/rviz_marker_tools/lib:/home/devika/robo_ws/install/moveit_task_constructor_msgs/lib:/usr/lib/x86_64-linux-gnu/gazebo-11/plugins:/opt/ros/humble/opt/rviz_ogre_vendor/lib:/opt/ros/humble/lib/x86_64-linux-gnu:/opt/ros/humble/lib /usr/bin/cmake --build /home/devika/robo_ws/build/urdf_humble_test
[9.002s] DEBUG:colcon.colcon_core.event_handler.log_command:Invoked command in '/home/devika/robo_ws/build/urdf_humble_test' returned '0': CMAKE_PREFIX_PATH=/home/devika/robo_ws/install/gazebo_ros2_control:/home/devika/robo_ws/install/urdf_humble_test_moveit_config:/home/devika/robo_ws/install/warehouse_ros_mongo:/home/devika/robo_ws/install/urdf_humble_test:/home/devika/robo_ws/install/moveit_task_constructor_visualization:/home/devika/robo_ws/install/moveit_task_constructor_demo:/home/devika/robo_ws/install/moveit_task_constructor_capabilities:/home/devika/robo_ws/install/hello_moveit_task_constructor:/home/devika/robo_ws/install/moveit_task_constructor_core:/home/devika/robo_ws/install/rviz_marker_tools:/home/devika/robo_ws/install/moveit_task_constructor_msgs:/home/devika/robo_ws/install/hello_moveit:/home/devika/manga_ws/install/urdf_humble_test_moveit_config:/home/devika/manga_ws/install/urdf_humble_test:/home/devika/manga_ws/install/hello_moveit:/home/devika/some_ws/install/motoman_hc10_support:/home/devika/some_ws/install/motoman_resources:/home/devika/some_ws/install/hello_moveit:/home/devika/some_ws/install/hc20_sim_moveit_config:/home/devika/some_ws/install/hc20_moveit_config:/home/devika/some_ws/install/hc10_movit2v3:/home/devika/some_ws/install/hc10dt_moveit_config:/home/devika/robo_ws/install/perception_vision:/home/devika/robo_ws/install/cylinder_position_estimator:/opt/ros/humble LD_LIBRARY_PATH=/home/devika/robo_ws/install/gazebo_ros2_control/lib:/home/devika/robo_ws/install/warehouse_ros_mongo/lib:/home/devika/robo_ws/install/moveit_task_constructor_visualization/lib:/home/devika/robo_ws/install/moveit_task_constructor_demo/lib:/home/devika/robo_ws/install/moveit_task_constructor_capabilities/lib:/home/devika/robo_ws/install/hello_moveit_task_constructor/lib:/home/devika/robo_ws/install/moveit_task_constructor_core/lib:/home/devika/robo_ws/install/rviz_marker_tools/lib:/home/devika/robo_ws/install/moveit_task_constructor_msgs/lib:/usr/lib/x86_64-linux-gnu/gazebo-11/plugins:/opt/ros/humble/opt/rviz_ogre_vendor/lib:/opt/ros/humble/lib/x86_64-linux-gnu:/opt/ros/humble/lib /usr/bin/cmake --build /home/devika/robo_ws/build/urdf_humble_test
[9.004s] DEBUG:colcon.colcon_core.event_handler.log_command:Invoking command in '/home/devika/robo_ws/build/urdf_humble_test': CMAKE_PREFIX_PATH=/home/devika/robo_ws/install/gazebo_ros2_control:/home/devika/robo_ws/install/urdf_humble_test_moveit_config:/home/devika/robo_ws/install/warehouse_ros_mongo:/home/devika/robo_ws/install/urdf_humble_test:/home/devika/robo_ws/install/moveit_task_constructor_visualization:/home/devika/robo_ws/install/moveit_task_constructor_demo:/home/devika/robo_ws/install/moveit_task_constructor_capabilities:/home/devika/robo_ws/install/hello_moveit_task_constructor:/home/devika/robo_ws/install/moveit_task_constructor_core:/home/devika/robo_ws/install/rviz_marker_tools:/home/devika/robo_ws/install/moveit_task_constructor_msgs:/home/devika/robo_ws/install/hello_moveit:/home/devika/manga_ws/install/urdf_humble_test_moveit_config:/home/devika/manga_ws/install/urdf_humble_test:/home/devika/manga_ws/install/hello_moveit:/home/devika/some_ws/install/motoman_hc10_support:/home/devika/some_ws/install/motoman_resources:/home/devika/some_ws/install/hello_moveit:/home/devika/some_ws/install/hc20_sim_moveit_config:/home/devika/some_ws/install/hc20_moveit_config:/home/devika/some_ws/install/hc10_movit2v3:/home/devika/some_ws/install/hc10dt_moveit_config:/home/devika/robo_ws/install/perception_vision:/home/devika/robo_ws/install/cylinder_position_estimator:/opt/ros/humble LD_LIBRARY_PATH=/home/devika/robo_ws/install/gazebo_ros2_control/lib:/home/devika/robo_ws/install/warehouse_ros_mongo/lib:/home/devika/robo_ws/install/moveit_task_constructor_visualization/lib:/home/devika/robo_ws/install/moveit_task_constructor_demo/lib:/home/devika/robo_ws/install/moveit_task_constructor_capabilities/lib:/home/devika/robo_ws/install/hello_moveit_task_constructor/lib:/home/devika/robo_ws/install/moveit_task_constructor_core/lib:/home/devika/robo_ws/install/rviz_marker_tools/lib:/home/devika/robo_ws/install/moveit_task_constructor_msgs/lib:/usr/lib/x86_64-linux-gnu/gazebo-11/plugins:/opt/ros/humble/opt/rviz_ogre_vendor/lib:/opt/ros/humble/lib/x86_64-linux-gnu:/opt/ros/humble/lib /usr/bin/cmake --install /home/devika/robo_ws/build/urdf_humble_test
[9.023s] Level 1:colcon.colcon_core.environment:create_environment_scripts_only(urdf_humble_test)
[9.024s] Level 1:colcon.colcon_core.environment:checking '/home/devika/robo_ws/install/urdf_humble_test' for CMake module files
[9.028s] Level 1:colcon.colcon_core.environment:checking '/home/devika/robo_ws/install/urdf_humble_test' for CMake config files
[9.028s] DEBUG:colcon.colcon_core.event_handler.log_command:Invoked command in '/home/devika/robo_ws/build/urdf_humble_test' returned '0': CMAKE_PREFIX_PATH=/home/devika/robo_ws/install/gazebo_ros2_control:/home/devika/robo_ws/install/urdf_humble_test_moveit_config:/home/devika/robo_ws/install/warehouse_ros_mongo:/home/devika/robo_ws/install/urdf_humble_test:/home/devika/robo_ws/install/moveit_task_constructor_visualization:/home/devika/robo_ws/install/moveit_task_constructor_demo:/home/devika/robo_ws/install/moveit_task_constructor_capabilities:/home/devika/robo_ws/install/hello_moveit_task_constructor:/home/devika/robo_ws/install/moveit_task_constructor_core:/home/devika/robo_ws/install/rviz_marker_tools:/home/devika/robo_ws/install/moveit_task_constructor_msgs:/home/devika/robo_ws/install/hello_moveit:/home/devika/manga_ws/install/urdf_humble_test_moveit_config:/home/devika/manga_ws/install/urdf_humble_test:/home/devika/manga_ws/install/hello_moveit:/home/devika/some_ws/install/motoman_hc10_support:/home/devika/some_ws/install/motoman_resources:/home/devika/some_ws/install/hello_moveit:/home/devika/some_ws/install/hc20_sim_moveit_config:/home/devika/some_ws/install/hc20_moveit_config:/home/devika/some_ws/install/hc10_movit2v3:/home/devika/some_ws/install/hc10dt_moveit_config:/home/devika/robo_ws/install/perception_vision:/home/devika/robo_ws/install/cylinder_position_estimator:/opt/ros/humble LD_LIBRARY_PATH=/home/devika/robo_ws/install/gazebo_ros2_control/lib:/home/devika/robo_ws/install/warehouse_ros_mongo/lib:/home/devika/robo_ws/install/moveit_task_constructor_visualization/lib:/home/devika/robo_ws/install/moveit_task_constructor_demo/lib:/home/devika/robo_ws/install/moveit_task_constructor_capabilities/lib:/home/devika/robo_ws/install/hello_moveit_task_constructor/lib:/home/devika/robo_ws/install/moveit_task_constructor_core/lib:/home/devika/robo_ws/install/rviz_marker_tools/lib:/home/devika/robo_ws/install/moveit_task_constructor_msgs/lib:/usr/lib/x86_64-linux-gnu/gazebo-11/plugins:/opt/ros/humble/opt/rviz_ogre_vendor/lib:/opt/ros/humble/lib/x86_64-linux-gnu:/opt/ros/humble/lib /usr/bin/cmake --install /home/devika/robo_ws/build/urdf_humble_test
[9.029s] Level 1:colcon.colcon_core.shell:create_environment_hook('urdf_humble_test', 'cmake_prefix_path')
[9.029s] INFO:colcon.colcon_core.shell:Creating environment hook '/home/devika/robo_ws/install/urdf_humble_test/share/urdf_humble_test/hook/cmake_prefix_path.ps1'
[9.029s] INFO:colcon.colcon_core.shell:Creating environment descriptor '/home/devika/robo_ws/install/urdf_humble_test/share/urdf_humble_test/hook/cmake_prefix_path.dsv'
[9.030s] INFO:colcon.colcon_core.shell:Creating environment hook '/home/devika/robo_ws/install/urdf_humble_test/share/urdf_humble_test/hook/cmake_prefix_path.sh'
[9.030s] Level 1:colcon.colcon_core.environment:checking '/home/devika/robo_ws/install/urdf_humble_test/bin'
[9.030s] Level 1:colcon.colcon_core.environment:checking '/home/devika/robo_ws/install/urdf_humble_test/lib/pkgconfig/urdf_humble_test.pc'
[9.031s] Level 1:colcon.colcon_core.environment:checking '/home/devika/robo_ws/install/urdf_humble_test/lib/python3.10/site-packages'
[9.031s] Level 1:colcon.colcon_core.environment:checking '/home/devika/robo_ws/install/urdf_humble_test/bin'
[9.031s] INFO:colcon.colcon_core.shell:Creating package script '/home/devika/robo_ws/install/urdf_humble_test/share/urdf_humble_test/package.ps1'
[9.032s] INFO:colcon.colcon_core.shell:Creating package descriptor '/home/devika/robo_ws/install/urdf_humble_test/share/urdf_humble_test/package.dsv'
[9.032s] INFO:colcon.colcon_core.shell:Creating package script '/home/devika/robo_ws/install/urdf_humble_test/share/urdf_humble_test/package.sh'
[9.033s] INFO:colcon.colcon_core.shell:Creating package script '/home/devika/robo_ws/install/urdf_humble_test/share/urdf_humble_test/package.bash'
[9.033s] INFO:colcon.colcon_core.shell:Creating package script '/home/devika/robo_ws/install/urdf_humble_test/share/urdf_humble_test/package.zsh'
[9.033s] Level 1:colcon.colcon_core.environment:create_file_with_runtime_dependencies(/home/devika/robo_ws/install/urdf_humble_test/share/colcon-core/packages/urdf_humble_test)
[9.034s] Level 1:colcon.colcon_core.environment:create_environment_scripts_only(urdf_humble_test)
[9.034s] Level 1:colcon.colcon_core.environment:checking '/home/devika/robo_ws/install/urdf_humble_test' for CMake module files
[9.035s] Level 1:colcon.colcon_core.environment:checking '/home/devika/robo_ws/install/urdf_humble_test' for CMake config files
[9.035s] Level 1:colcon.colcon_core.shell:create_environment_hook('urdf_humble_test', 'cmake_prefix_path')
[9.035s] INFO:colcon.colcon_core.shell:Creating environment hook '/home/devika/robo_ws/install/urdf_humble_test/share/urdf_humble_test/hook/cmake_prefix_path.ps1'
[9.036s] INFO:colcon.colcon_core.shell:Creating environment descriptor '/home/devika/robo_ws/install/urdf_humble_test/share/urdf_humble_test/hook/cmake_prefix_path.dsv'
[9.036s] INFO:colcon.colcon_core.shell:Creating environment hook '/home/devika/robo_ws/install/urdf_humble_test/share/urdf_humble_test/hook/cmake_prefix_path.sh'
[9.037s] Level 1:colcon.colcon_core.environment:checking '/home/devika/robo_ws/install/urdf_humble_test/bin'
[9.037s] Level 1:colcon.colcon_core.environment:checking '/home/devika/robo_ws/install/urdf_humble_test/lib/pkgconfig/urdf_humble_test.pc'
[9.037s] Level 1:colcon.colcon_core.environment:checking '/home/devika/robo_ws/install/urdf_humble_test/lib/python3.10/site-packages'
[9.037s] Level 1:colcon.colcon_core.environment:checking '/home/devika/robo_ws/install/urdf_humble_test/bin'
[9.037s] INFO:colcon.colcon_core.shell:Creating package script '/home/devika/robo_ws/install/urdf_humble_test/share/urdf_humble_test/package.ps1'
[9.038s] INFO:colcon.colcon_core.shell:Creating package descriptor '/home/devika/robo_ws/install/urdf_humble_test/share/urdf_humble_test/package.dsv'
[9.039s] INFO:colcon.colcon_core.shell:Creating package script '/home/devika/robo_ws/install/urdf_humble_test/share/urdf_humble_test/package.sh'
[9.039s] INFO:colcon.colcon_core.shell:Creating package script '/home/devika/robo_ws/install/urdf_humble_test/share/urdf_humble_test/package.bash'
[9.039s] INFO:colcon.colcon_core.shell:Creating package script '/home/devika/robo_ws/install/urdf_humble_test/share/urdf_humble_test/package.zsh'
[9.040s] Level 1:colcon.colcon_core.environment:create_file_with_runtime_dependencies(/home/devika/robo_ws/install/urdf_humble_test/share/colcon-core/packages/urdf_humble_test)
[9.040s] DEBUG:colcon.colcon_core.executor.sequential:run_until_complete 'urdf_humble_test' finished with '0'
[9.040s] DEBUG:colcon.colcon_core.executor.sequential:run_until_complete 'hello_moveit_task_constructor'
[9.040s] INFO:colcon.colcon_ros.task.ament_cmake.build:Building ROS package in '/home/devika/robo_ws/src/hello_moveit_task_constructor' with build type 'ament_cmake'
[9.040s] INFO:colcon.colcon_cmake.task.cmake.build:Building CMake package in '/home/devika/robo_ws/src/hello_moveit_task_constructor'
[9.041s] INFO:colcon.colcon_core.shell:Skip shell extension 'powershell' for command environment: Not usable outside of PowerShell
[9.041s] DEBUG:colcon.colcon_core.shell:Skip shell extension 'dsv' for command environment
[9.086s] DEBUG:colcon.colcon_core.event_handler.log_command:Invoking command in '/home/devika/robo_ws/build/hello_moveit_task_constructor': CMAKE_MODULE_PATH=/home/devika/robo_ws/install/moveit_task_constructor_core/share/moveit_task_constructor_core/cmake:/home/devika/robo_ws/install/warehouse_ros_mongo/share/warehouse_ros_mongo/cmake CMAKE_PREFIX_PATH=/home/devika/robo_ws/install/moveit_task_constructor_core:/home/devika/robo_ws/install/rviz_marker_tools:/home/devika/robo_ws/install/moveit_task_constructor_msgs:/home/devika/robo_ws/install/urdf_humble_test_moveit_config:/home/devika/robo_ws/install/warehouse_ros_mongo:/home/devika/robo_ws/install/urdf_humble_test:/home/devika/robo_ws/install/moveit_task_constructor_visualization:/home/devika/robo_ws/install/moveit_task_constructor_demo:/home/devika/robo_ws/install/moveit_task_constructor_capabilities:/home/devika/robo_ws/install/hello_moveit_task_constructor:/home/devika/robo_ws/install/hello_moveit:/home/devika/robo_ws/install/gazebo_ros2_control:/home/devika/manga_ws/install/urdf_humble_test_moveit_config:/home/devika/manga_ws/install/urdf_humble_test:/home/devika/manga_ws/install/hello_moveit:/home/devika/some_ws/install/motoman_hc10_support:/home/devika/some_ws/install/motoman_resources:/home/devika/some_ws/install/hello_moveit:/home/devika/some_ws/install/hc20_sim_moveit_config:/home/devika/some_ws/install/hc20_moveit_config:/home/devika/some_ws/install/hc10_movit2v3:/home/devika/some_ws/install/hc10dt_moveit_config:/home/devika/robo_ws/install/perception_vision:/home/devika/robo_ws/install/cylinder_position_estimator:/opt/ros/humble LD_LIBRARY_PATH=/home/devika/robo_ws/install/moveit_task_constructor_core/lib:/home/devika/robo_ws/install/rviz_marker_tools/lib:/home/devika/robo_ws/install/moveit_task_constructor_msgs/lib:/home/devika/robo_ws/install/warehouse_ros_mongo/lib:/home/devika/robo_ws/install/moveit_task_constructor_visualization/lib:/home/devika/robo_ws/install/moveit_task_constructor_demo/lib:/home/devika/robo_ws/install/moveit_task_constructor_capabilities/lib:/home/devika/robo_ws/install/hello_moveit_task_constructor/lib:/home/devika/robo_ws/install/gazebo_ros2_control/lib:/usr/lib/x86_64-linux-gnu/gazebo-11/plugins:/opt/ros/humble/opt/rviz_ogre_vendor/lib:/opt/ros/humble/lib/x86_64-linux-gnu:/opt/ros/humble/lib /usr/bin/cmake --build /home/devika/robo_ws/build/hello_moveit_task_constructor
[37.638s] DEBUG:colcon.colcon_core.event_handler.log_command:Invoked command in '/home/devika/robo_ws/build/hello_moveit_task_constructor' returned '0': CMAKE_MODULE_PATH=/home/devika/robo_ws/install/moveit_task_constructor_core/share/moveit_task_constructor_core/cmake:/home/devika/robo_ws/install/warehouse_ros_mongo/share/warehouse_ros_mongo/cmake CMAKE_PREFIX_PATH=/home/devika/robo_ws/install/moveit_task_constructor_core:/home/devika/robo_ws/install/rviz_marker_tools:/home/devika/robo_ws/install/moveit_task_constructor_msgs:/home/devika/robo_ws/install/urdf_humble_test_moveit_config:/home/devika/robo_ws/install/warehouse_ros_mongo:/home/devika/robo_ws/install/urdf_humble_test:/home/devika/robo_ws/install/moveit_task_constructor_visualization:/home/devika/robo_ws/install/moveit_task_constructor_demo:/home/devika/robo_ws/install/moveit_task_constructor_capabilities:/home/devika/robo_ws/install/hello_moveit_task_constructor:/home/devika/robo_ws/install/hello_moveit:/home/devika/robo_ws/install/gazebo_ros2_control:/home/devika/manga_ws/install/urdf_humble_test_moveit_config:/home/devika/manga_ws/install/urdf_humble_test:/home/devika/manga_ws/install/hello_moveit:/home/devika/some_ws/install/motoman_hc10_support:/home/devika/some_ws/install/motoman_resources:/home/devika/some_ws/install/hello_moveit:/home/devika/some_ws/install/hc20_sim_moveit_config:/home/devika/some_ws/install/hc20_moveit_config:/home/devika/some_ws/install/hc10_movit2v3:/home/devika/some_ws/install/hc10dt_moveit_config:/home/devika/robo_ws/install/perception_vision:/home/devika/robo_ws/install/cylinder_position_estimator:/opt/ros/humble LD_LIBRARY_PATH=/home/devika/robo_ws/install/moveit_task_constructor_core/lib:/home/devika/robo_ws/install/rviz_marker_tools/lib:/home/devika/robo_ws/install/moveit_task_constructor_msgs/lib:/home/devika/robo_ws/install/warehouse_ros_mongo/lib:/home/devika/robo_ws/install/moveit_task_constructor_visualization/lib:/home/devika/robo_ws/install/moveit_task_constructor_demo/lib:/home/devika/robo_ws/install/moveit_task_constructor_capabilities/lib:/home/devika/robo_ws/install/hello_moveit_task_constructor/lib:/home/devika/robo_ws/install/gazebo_ros2_control/lib:/usr/lib/x86_64-linux-gnu/gazebo-11/plugins:/opt/ros/humble/opt/rviz_ogre_vendor/lib:/opt/ros/humble/lib/x86_64-linux-gnu:/opt/ros/humble/lib /usr/bin/cmake --build /home/devika/robo_ws/build/hello_moveit_task_constructor
[37.639s] DEBUG:colcon.colcon_core.event_handler.log_command:Invoking command in '/home/devika/robo_ws/build/hello_moveit_task_constructor': CMAKE_MODULE_PATH=/home/devika/robo_ws/install/moveit_task_constructor_core/share/moveit_task_constructor_core/cmake:/home/devika/robo_ws/install/warehouse_ros_mongo/share/warehouse_ros_mongo/cmake CMAKE_PREFIX_PATH=/home/devika/robo_ws/install/moveit_task_constructor_core:/home/devika/robo_ws/install/rviz_marker_tools:/home/devika/robo_ws/install/moveit_task_constructor_msgs:/home/devika/robo_ws/install/urdf_humble_test_moveit_config:/home/devika/robo_ws/install/warehouse_ros_mongo:/home/devika/robo_ws/install/urdf_humble_test:/home/devika/robo_ws/install/moveit_task_constructor_visualization:/home/devika/robo_ws/install/moveit_task_constructor_demo:/home/devika/robo_ws/install/moveit_task_constructor_capabilities:/home/devika/robo_ws/install/hello_moveit_task_constructor:/home/devika/robo_ws/install/hello_moveit:/home/devika/robo_ws/install/gazebo_ros2_control:/home/devika/manga_ws/install/urdf_humble_test_moveit_config:/home/devika/manga_ws/install/urdf_humble_test:/home/devika/manga_ws/install/hello_moveit:/home/devika/some_ws/install/motoman_hc10_support:/home/devika/some_ws/install/motoman_resources:/home/devika/some_ws/install/hello_moveit:/home/devika/some_ws/install/hc20_sim_moveit_config:/home/devika/some_ws/install/hc20_moveit_config:/home/devika/some_ws/install/hc10_movit2v3:/home/devika/some_ws/install/hc10dt_moveit_config:/home/devika/robo_ws/install/perception_vision:/home/devika/robo_ws/install/cylinder_position_estimator:/opt/ros/humble LD_LIBRARY_PATH=/home/devika/robo_ws/install/moveit_task_constructor_core/lib:/home/devika/robo_ws/install/rviz_marker_tools/lib:/home/devika/robo_ws/install/moveit_task_constructor_msgs/lib:/home/devika/robo_ws/install/warehouse_ros_mongo/lib:/home/devika/robo_ws/install/moveit_task_constructor_visualization/lib:/home/devika/robo_ws/install/moveit_task_constructor_demo/lib:/home/devika/robo_ws/install/moveit_task_constructor_capabilities/lib:/home/devika/robo_ws/install/hello_moveit_task_constructor/lib:/home/devika/robo_ws/install/gazebo_ros2_control/lib:/usr/lib/x86_64-linux-gnu/gazebo-11/plugins:/opt/ros/humble/opt/rviz_ogre_vendor/lib:/opt/ros/humble/lib/x86_64-linux-gnu:/opt/ros/humble/lib /usr/bin/cmake --install /home/devika/robo_ws/build/hello_moveit_task_constructor
[37.661s] Level 1:colcon.colcon_core.environment:create_environment_scripts_only(hello_moveit_task_constructor)
[37.663s] Level 1:colcon.colcon_core.environment:checking '/home/devika/robo_ws/install/hello_moveit_task_constructor' for CMake module files
[37.663s] DEBUG:colcon.colcon_core.event_handler.log_command:Invoked command in '/home/devika/robo_ws/build/hello_moveit_task_constructor' returned '0': CMAKE_MODULE_PATH=/home/devika/robo_ws/install/moveit_task_constructor_core/share/moveit_task_constructor_core/cmake:/home/devika/robo_ws/install/warehouse_ros_mongo/share/warehouse_ros_mongo/cmake CMAKE_PREFIX_PATH=/home/devika/robo_ws/install/moveit_task_constructor_core:/home/devika/robo_ws/install/rviz_marker_tools:/home/devika/robo_ws/install/moveit_task_constructor_msgs:/home/devika/robo_ws/install/urdf_humble_test_moveit_config:/home/devika/robo_ws/install/warehouse_ros_mongo:/home/devika/robo_ws/install/urdf_humble_test:/home/devika/robo_ws/install/moveit_task_constructor_visualization:/home/devika/robo_ws/install/moveit_task_constructor_demo:/home/devika/robo_ws/install/moveit_task_constructor_capabilities:/home/devika/robo_ws/install/hello_moveit_task_constructor:/home/devika/robo_ws/install/hello_moveit:/home/devika/robo_ws/install/gazebo_ros2_control:/home/devika/manga_ws/install/urdf_humble_test_moveit_config:/home/devika/manga_ws/install/urdf_humble_test:/home/devika/manga_ws/install/hello_moveit:/home/devika/some_ws/install/motoman_hc10_support:/home/devika/some_ws/install/motoman_resources:/home/devika/some_ws/install/hello_moveit:/home/devika/some_ws/install/hc20_sim_moveit_config:/home/devika/some_ws/install/hc20_moveit_config:/home/devika/some_ws/install/hc10_movit2v3:/home/devika/some_ws/install/hc10dt_moveit_config:/home/devika/robo_ws/install/perception_vision:/home/devika/robo_ws/install/cylinder_position_estimator:/opt/ros/humble LD_LIBRARY_PATH=/home/devika/robo_ws/install/moveit_task_constructor_core/lib:/home/devika/robo_ws/install/rviz_marker_tools/lib:/home/devika/robo_ws/install/moveit_task_constructor_msgs/lib:/home/devika/robo_ws/install/warehouse_ros_mongo/lib:/home/devika/robo_ws/install/moveit_task_constructor_visualization/lib:/home/devika/robo_ws/install/moveit_task_constructor_demo/lib:/home/devika/robo_ws/install/moveit_task_constructor_capabilities/lib:/home/devika/robo_ws/install/hello_moveit_task_constructor/lib:/home/devika/robo_ws/install/gazebo_ros2_control/lib:/usr/lib/x86_64-linux-gnu/gazebo-11/plugins:/opt/ros/humble/opt/rviz_ogre_vendor/lib:/opt/ros/humble/lib/x86_64-linux-gnu:/opt/ros/humble/lib /usr/bin/cmake --install /home/devika/robo_ws/build/hello_moveit_task_constructor
[37.665s] Level 1:colcon.colcon_core.environment:checking '/home/devika/robo_ws/install/hello_moveit_task_constructor' for CMake config files
[37.666s] Level 1:colcon.colcon_core.shell:create_environment_hook('hello_moveit_task_constructor', 'cmake_prefix_path')
[37.667s] INFO:colcon.colcon_core.shell:Creating environment hook '/home/devika/robo_ws/install/hello_moveit_task_constructor/share/hello_moveit_task_constructor/hook/cmake_prefix_path.ps1'
[37.668s] INFO:colcon.colcon_core.shell:Creating environment descriptor '/home/devika/robo_ws/install/hello_moveit_task_constructor/share/hello_moveit_task_constructor/hook/cmake_prefix_path.dsv'
[37.669s] INFO:colcon.colcon_core.shell:Creating environment hook '/home/devika/robo_ws/install/hello_moveit_task_constructor/share/hello_moveit_task_constructor/hook/cmake_prefix_path.sh'
[37.671s] Level 1:colcon.colcon_core.environment:checking '/home/devika/robo_ws/install/hello_moveit_task_constructor/lib'
[37.671s] Level 1:colcon.colcon_core.shell:create_environment_hook('hello_moveit_task_constructor', 'ld_library_path_lib')
[37.672s] INFO:colcon.colcon_core.shell:Creating environment hook '/home/devika/robo_ws/install/hello_moveit_task_constructor/share/hello_moveit_task_constructor/hook/ld_library_path_lib.ps1'
[37.673s] INFO:colcon.colcon_core.shell:Creating environment descriptor '/home/devika/robo_ws/install/hello_moveit_task_constructor/share/hello_moveit_task_constructor/hook/ld_library_path_lib.dsv'
[37.674s] INFO:colcon.colcon_core.shell:Creating environment hook '/home/devika/robo_ws/install/hello_moveit_task_constructor/share/hello_moveit_task_constructor/hook/ld_library_path_lib.sh'
[37.675s] Level 1:colcon.colcon_core.environment:checking '/home/devika/robo_ws/install/hello_moveit_task_constructor/bin'
[37.675s] Level 1:colcon.colcon_core.environment:checking '/home/devika/robo_ws/install/hello_moveit_task_constructor/lib/pkgconfig/hello_moveit_task_constructor.pc'
[37.675s] Level 1:colcon.colcon_core.environment:checking '/home/devika/robo_ws/install/hello_moveit_task_constructor/lib/python3.10/site-packages'
[37.676s] Level 1:colcon.colcon_core.environment:checking '/home/devika/robo_ws/install/hello_moveit_task_constructor/bin'
[37.677s] INFO:colcon.colcon_core.shell:Creating package script '/home/devika/robo_ws/install/hello_moveit_task_constructor/share/hello_moveit_task_constructor/package.ps1'
[37.678s] INFO:colcon.colcon_core.shell:Creating package descriptor '/home/devika/robo_ws/install/hello_moveit_task_constructor/share/hello_moveit_task_constructor/package.dsv'
[37.679s] INFO:colcon.colcon_core.shell:Creating package script '/home/devika/robo_ws/install/hello_moveit_task_constructor/share/hello_moveit_task_constructor/package.sh'
[37.681s] INFO:colcon.colcon_core.shell:Creating package script '/home/devika/robo_ws/install/hello_moveit_task_constructor/share/hello_moveit_task_constructor/package.bash'
[37.682s] INFO:colcon.colcon_core.shell:Creating package script '/home/devika/robo_ws/install/hello_moveit_task_constructor/share/hello_moveit_task_constructor/package.zsh'
[37.682s] Level 1:colcon.colcon_core.environment:create_file_with_runtime_dependencies(/home/devika/robo_ws/install/hello_moveit_task_constructor/share/colcon-core/packages/hello_moveit_task_constructor)
[37.684s] Level 1:colcon.colcon_core.environment:create_environment_scripts_only(hello_moveit_task_constructor)
[37.685s] Level 1:colcon.colcon_core.environment:checking '/home/devika/robo_ws/install/hello_moveit_task_constructor' for CMake module files
[37.686s] Level 1:colcon.colcon_core.environment:checking '/home/devika/robo_ws/install/hello_moveit_task_constructor' for CMake config files
[37.687s] Level 1:colcon.colcon_core.shell:create_environment_hook('hello_moveit_task_constructor', 'cmake_prefix_path')
[37.688s] INFO:colcon.colcon_core.shell:Creating environment hook '/home/devika/robo_ws/install/hello_moveit_task_constructor/share/hello_moveit_task_constructor/hook/cmake_prefix_path.ps1'
[37.689s] INFO:colcon.colcon_core.shell:Creating environment descriptor '/home/devika/robo_ws/install/hello_moveit_task_constructor/share/hello_moveit_task_constructor/hook/cmake_prefix_path.dsv'
[37.690s] INFO:colcon.colcon_core.shell:Creating environment hook '/home/devika/robo_ws/install/hello_moveit_task_constructor/share/hello_moveit_task_constructor/hook/cmake_prefix_path.sh'
[37.691s] Level 1:colcon.colcon_core.environment:checking '/home/devika/robo_ws/install/hello_moveit_task_constructor/lib'
[37.691s] Level 1:colcon.colcon_core.shell:create_environment_hook('hello_moveit_task_constructor', 'ld_library_path_lib')
[37.692s] INFO:colcon.colcon_core.shell:Creating environment hook '/home/devika/robo_ws/install/hello_moveit_task_constructor/share/hello_moveit_task_constructor/hook/ld_library_path_lib.ps1'
[37.693s] INFO:colcon.colcon_core.shell:Creating environment descriptor '/home/devika/robo_ws/install/hello_moveit_task_constructor/share/hello_moveit_task_constructor/hook/ld_library_path_lib.dsv'
[37.694s] INFO:colcon.colcon_core.shell:Creating environment hook '/home/devika/robo_ws/install/hello_moveit_task_constructor/share/hello_moveit_task_constructor/hook/ld_library_path_lib.sh'
[37.695s] Level 1:colcon.colcon_core.environment:checking '/home/devika/robo_ws/install/hello_moveit_task_constructor/bin'
[37.695s] Level 1:colcon.colcon_core.environment:checking '/home/devika/robo_ws/install/hello_moveit_task_constructor/lib/pkgconfig/hello_moveit_task_constructor.pc'
[37.695s] Level 1:colcon.colcon_core.environment:checking '/home/devika/robo_ws/install/hello_moveit_task_constructor/lib/python3.10/site-packages'
[37.696s] Level 1:colcon.colcon_core.environment:checking '/home/devika/robo_ws/install/hello_moveit_task_constructor/bin'
[37.697s] INFO:colcon.colcon_core.shell:Creating package script '/home/devika/robo_ws/install/hello_moveit_task_constructor/share/hello_moveit_task_constructor/package.ps1'
[37.699s] INFO:colcon.colcon_core.shell:Creating package descriptor '/home/devika/robo_ws/install/hello_moveit_task_constructor/share/hello_moveit_task_constructor/package.dsv'
[37.700s] INFO:colcon.colcon_core.shell:Creating package script '/home/devika/robo_ws/install/hello_moveit_task_constructor/share/hello_moveit_task_constructor/package.sh'
[37.702s] INFO:colcon.colcon_core.shell:Creating package script '/home/devika/robo_ws/install/hello_moveit_task_constructor/share/hello_moveit_task_constructor/package.bash'
[37.703s] INFO:colcon.colcon_core.shell:Creating package script '/home/devika/robo_ws/install/hello_moveit_task_constructor/share/hello_moveit_task_constructor/package.zsh'
[37.704s] Level 1:colcon.colcon_core.environment:create_file_with_runtime_dependencies(/home/devika/robo_ws/install/hello_moveit_task_constructor/share/colcon-core/packages/hello_moveit_task_constructor)
[37.704s] DEBUG:colcon.colcon_core.executor.sequential:run_until_complete 'hello_moveit_task_constructor' finished with '0'
[37.704s] DEBUG:colcon.colcon_core.executor.sequential:run_until_complete 'moveit_task_constructor_capabilities'
[37.704s] INFO:colcon.colcon_ros.task.ament_cmake.build:Building ROS package in '/home/devika/robo_ws/src/moveit_task_constructor/capabilities' with build type 'ament_cmake'
[37.705s] INFO:colcon.colcon_cmake.task.cmake.build:Building CMake package in '/home/devika/robo_ws/src/moveit_task_constructor/capabilities'
[37.705s] INFO:colcon.colcon_core.shell:Skip shell extension 'powershell' for command environment: Not usable outside of PowerShell
[37.705s] DEBUG:colcon.colcon_core.shell:Skip shell extension 'dsv' for command environment
[37.747s] DEBUG:colcon.colcon_core.event_handler.log_command:Invoking command in '/home/devika/robo_ws/build/moveit_task_constructor_capabilities': CMAKE_MODULE_PATH=/home/devika/robo_ws/install/moveit_task_constructor_core/share/moveit_task_constructor_core/cmake:/home/devika/robo_ws/install/warehouse_ros_mongo/share/warehouse_ros_mongo/cmake CMAKE_PREFIX_PATH=/home/devika/robo_ws/install/moveit_task_constructor_core:/home/devika/robo_ws/install/rviz_marker_tools:/home/devika/robo_ws/install/moveit_task_constructor_msgs:/home/devika/robo_ws/install/urdf_humble_test_moveit_config:/home/devika/robo_ws/install/warehouse_ros_mongo:/home/devika/robo_ws/install/urdf_humble_test:/home/devika/robo_ws/install/moveit_task_constructor_visualization:/home/devika/robo_ws/install/moveit_task_constructor_demo:/home/devika/robo_ws/install/moveit_task_constructor_capabilities:/home/devika/robo_ws/install/hello_moveit_task_constructor:/home/devika/robo_ws/install/hello_moveit:/home/devika/robo_ws/install/gazebo_ros2_control:/home/devika/manga_ws/install/urdf_humble_test_moveit_config:/home/devika/manga_ws/install/urdf_humble_test:/home/devika/manga_ws/install/hello_moveit:/home/devika/some_ws/install/motoman_hc10_support:/home/devika/some_ws/install/motoman_resources:/home/devika/some_ws/install/hello_moveit:/home/devika/some_ws/install/hc20_sim_moveit_config:/home/devika/some_ws/install/hc20_moveit_config:/home/devika/some_ws/install/hc10_movit2v3:/home/devika/some_ws/install/hc10dt_moveit_config:/home/devika/robo_ws/install/perception_vision:/home/devika/robo_ws/install/cylinder_position_estimator:/opt/ros/humble LD_LIBRARY_PATH=/home/devika/robo_ws/install/moveit_task_constructor_core/lib:/home/devika/robo_ws/install/rviz_marker_tools/lib:/home/devika/robo_ws/install/moveit_task_constructor_msgs/lib:/home/devika/robo_ws/install/warehouse_ros_mongo/lib:/home/devika/robo_ws/install/moveit_task_constructor_visualization/lib:/home/devika/robo_ws/install/moveit_task_constructor_demo/lib:/home/devika/robo_ws/install/moveit_task_constructor_capabilities/lib:/home/devika/robo_ws/install/hello_moveit_task_constructor/lib:/home/devika/robo_ws/install/gazebo_ros2_control/lib:/usr/lib/x86_64-linux-gnu/gazebo-11/plugins:/opt/ros/humble/opt/rviz_ogre_vendor/lib:/opt/ros/humble/lib/x86_64-linux-gnu:/opt/ros/humble/lib /usr/bin/cmake --build /home/devika/robo_ws/build/moveit_task_constructor_capabilities
[37.903s] DEBUG:colcon.colcon_core.event_handler.log_command:Invoked command in '/home/devika/robo_ws/build/moveit_task_constructor_capabilities' returned '0': CMAKE_MODULE_PATH=/home/devika/robo_ws/install/moveit_task_constructor_core/share/moveit_task_constructor_core/cmake:/home/devika/robo_ws/install/warehouse_ros_mongo/share/warehouse_ros_mongo/cmake CMAKE_PREFIX_PATH=/home/devika/robo_ws/install/moveit_task_constructor_core:/home/devika/robo_ws/install/rviz_marker_tools:/home/devika/robo_ws/install/moveit_task_constructor_msgs:/home/devika/robo_ws/install/urdf_humble_test_moveit_config:/home/devika/robo_ws/install/warehouse_ros_mongo:/home/devika/robo_ws/install/urdf_humble_test:/home/devika/robo_ws/install/moveit_task_constructor_visualization:/home/devika/robo_ws/install/moveit_task_constructor_demo:/home/devika/robo_ws/install/moveit_task_constructor_capabilities:/home/devika/robo_ws/install/hello_moveit_task_constructor:/home/devika/robo_ws/install/hello_moveit:/home/devika/robo_ws/install/gazebo_ros2_control:/home/devika/manga_ws/install/urdf_humble_test_moveit_config:/home/devika/manga_ws/install/urdf_humble_test:/home/devika/manga_ws/install/hello_moveit:/home/devika/some_ws/install/motoman_hc10_support:/home/devika/some_ws/install/motoman_resources:/home/devika/some_ws/install/hello_moveit:/home/devika/some_ws/install/hc20_sim_moveit_config:/home/devika/some_ws/install/hc20_moveit_config:/home/devika/some_ws/install/hc10_movit2v3:/home/devika/some_ws/install/hc10dt_moveit_config:/home/devika/robo_ws/install/perception_vision:/home/devika/robo_ws/install/cylinder_position_estimator:/opt/ros/humble LD_LIBRARY_PATH=/home/devika/robo_ws/install/moveit_task_constructor_core/lib:/home/devika/robo_ws/install/rviz_marker_tools/lib:/home/devika/robo_ws/install/moveit_task_constructor_msgs/lib:/home/devika/robo_ws/install/warehouse_ros_mongo/lib:/home/devika/robo_ws/install/moveit_task_constructor_visualization/lib:/home/devika/robo_ws/install/moveit_task_constructor_demo/lib:/home/devika/robo_ws/install/moveit_task_constructor_capabilities/lib:/home/devika/robo_ws/install/hello_moveit_task_constructor/lib:/home/devika/robo_ws/install/gazebo_ros2_control/lib:/usr/lib/x86_64-linux-gnu/gazebo-11/plugins:/opt/ros/humble/opt/rviz_ogre_vendor/lib:/opt/ros/humble/lib/x86_64-linux-gnu:/opt/ros/humble/lib /usr/bin/cmake --build /home/devika/robo_ws/build/moveit_task_constructor_capabilities
[37.906s] DEBUG:colcon.colcon_core.event_handler.log_command:Invoking command in '/home/devika/robo_ws/build/moveit_task_constructor_capabilities': CMAKE_MODULE_PATH=/home/devika/robo_ws/install/moveit_task_constructor_core/share/moveit_task_constructor_core/cmake:/home/devika/robo_ws/install/warehouse_ros_mongo/share/warehouse_ros_mongo/cmake CMAKE_PREFIX_PATH=/home/devika/robo_ws/install/moveit_task_constructor_core:/home/devika/robo_ws/install/rviz_marker_tools:/home/devika/robo_ws/install/moveit_task_constructor_msgs:/home/devika/robo_ws/install/urdf_humble_test_moveit_config:/home/devika/robo_ws/install/warehouse_ros_mongo:/home/devika/robo_ws/install/urdf_humble_test:/home/devika/robo_ws/install/moveit_task_constructor_visualization:/home/devika/robo_ws/install/moveit_task_constructor_demo:/home/devika/robo_ws/install/moveit_task_constructor_capabilities:/home/devika/robo_ws/install/hello_moveit_task_constructor:/home/devika/robo_ws/install/hello_moveit:/home/devika/robo_ws/install/gazebo_ros2_control:/home/devika/manga_ws/install/urdf_humble_test_moveit_config:/home/devika/manga_ws/install/urdf_humble_test:/home/devika/manga_ws/install/hello_moveit:/home/devika/some_ws/install/motoman_hc10_support:/home/devika/some_ws/install/motoman_resources:/home/devika/some_ws/install/hello_moveit:/home/devika/some_ws/install/hc20_sim_moveit_config:/home/devika/some_ws/install/hc20_moveit_config:/home/devika/some_ws/install/hc10_movit2v3:/home/devika/some_ws/install/hc10dt_moveit_config:/home/devika/robo_ws/install/perception_vision:/home/devika/robo_ws/install/cylinder_position_estimator:/opt/ros/humble LD_LIBRARY_PATH=/home/devika/robo_ws/install/moveit_task_constructor_core/lib:/home/devika/robo_ws/install/rviz_marker_tools/lib:/home/devika/robo_ws/install/moveit_task_constructor_msgs/lib:/home/devika/robo_ws/install/warehouse_ros_mongo/lib:/home/devika/robo_ws/install/moveit_task_constructor_visualization/lib:/home/devika/robo_ws/install/moveit_task_constructor_demo/lib:/home/devika/robo_ws/install/moveit_task_constructor_capabilities/lib:/home/devika/robo_ws/install/hello_moveit_task_constructor/lib:/home/devika/robo_ws/install/gazebo_ros2_control/lib:/usr/lib/x86_64-linux-gnu/gazebo-11/plugins:/opt/ros/humble/opt/rviz_ogre_vendor/lib:/opt/ros/humble/lib/x86_64-linux-gnu:/opt/ros/humble/lib /usr/bin/cmake --install /home/devika/robo_ws/build/moveit_task_constructor_capabilities
[37.930s] Level 1:colcon.colcon_core.environment:create_environment_scripts_only(moveit_task_constructor_capabilities)
[37.931s] Level 1:colcon.colcon_core.environment:checking '/home/devika/robo_ws/install/moveit_task_constructor_capabilities' for CMake module files
[37.932s] DEBUG:colcon.colcon_core.event_handler.log_command:Invoked command in '/home/devika/robo_ws/build/moveit_task_constructor_capabilities' returned '0': CMAKE_MODULE_PATH=/home/devika/robo_ws/install/moveit_task_constructor_core/share/moveit_task_constructor_core/cmake:/home/devika/robo_ws/install/warehouse_ros_mongo/share/warehouse_ros_mongo/cmake CMAKE_PREFIX_PATH=/home/devika/robo_ws/install/moveit_task_constructor_core:/home/devika/robo_ws/install/rviz_marker_tools:/home/devika/robo_ws/install/moveit_task_constructor_msgs:/home/devika/robo_ws/install/urdf_humble_test_moveit_config:/home/devika/robo_ws/install/warehouse_ros_mongo:/home/devika/robo_ws/install/urdf_humble_test:/home/devika/robo_ws/install/moveit_task_constructor_visualization:/home/devika/robo_ws/install/moveit_task_constructor_demo:/home/devika/robo_ws/install/moveit_task_constructor_capabilities:/home/devika/robo_ws/install/hello_moveit_task_constructor:/home/devika/robo_ws/install/hello_moveit:/home/devika/robo_ws/install/gazebo_ros2_control:/home/devika/manga_ws/install/urdf_humble_test_moveit_config:/home/devika/manga_ws/install/urdf_humble_test:/home/devika/manga_ws/install/hello_moveit:/home/devika/some_ws/install/motoman_hc10_support:/home/devika/some_ws/install/motoman_resources:/home/devika/some_ws/install/hello_moveit:/home/devika/some_ws/install/hc20_sim_moveit_config:/home/devika/some_ws/install/hc20_moveit_config:/home/devika/some_ws/install/hc10_movit2v3:/home/devika/some_ws/install/hc10dt_moveit_config:/home/devika/robo_ws/install/perception_vision:/home/devika/robo_ws/install/cylinder_position_estimator:/opt/ros/humble LD_LIBRARY_PATH=/home/devika/robo_ws/install/moveit_task_constructor_core/lib:/home/devika/robo_ws/install/rviz_marker_tools/lib:/home/devika/robo_ws/install/moveit_task_constructor_msgs/lib:/home/devika/robo_ws/install/warehouse_ros_mongo/lib:/home/devika/robo_ws/install/moveit_task_constructor_visualization/lib:/home/devika/robo_ws/install/moveit_task_constructor_demo/lib:/home/devika/robo_ws/install/moveit_task_constructor_capabilities/lib:/home/devika/robo_ws/install/hello_moveit_task_constructor/lib:/home/devika/robo_ws/install/gazebo_ros2_control/lib:/usr/lib/x86_64-linux-gnu/gazebo-11/plugins:/opt/ros/humble/opt/rviz_ogre_vendor/lib:/opt/ros/humble/lib/x86_64-linux-gnu:/opt/ros/humble/lib /usr/bin/cmake --install /home/devika/robo_ws/build/moveit_task_constructor_capabilities
[37.933s] Level 1:colcon.colcon_core.environment:checking '/home/devika/robo_ws/install/moveit_task_constructor_capabilities' for CMake config files
[37.933s] Level 1:colcon.colcon_core.shell:create_environment_hook('moveit_task_constructor_capabilities', 'cmake_prefix_path')
[37.934s] INFO:colcon.colcon_core.shell:Creating environment hook '/home/devika/robo_ws/install/moveit_task_constructor_capabilities/share/moveit_task_constructor_capabilities/hook/cmake_prefix_path.ps1'
[37.935s] INFO:colcon.colcon_core.shell:Creating environment descriptor '/home/devika/robo_ws/install/moveit_task_constructor_capabilities/share/moveit_task_constructor_capabilities/hook/cmake_prefix_path.dsv'
[37.936s] INFO:colcon.colcon_core.shell:Creating environment hook '/home/devika/robo_ws/install/moveit_task_constructor_capabilities/share/moveit_task_constructor_capabilities/hook/cmake_prefix_path.sh'
[37.937s] Level 1:colcon.colcon_core.environment:checking '/home/devika/robo_ws/install/moveit_task_constructor_capabilities/lib'
[37.937s] Level 1:colcon.colcon_core.shell:create_environment_hook('moveit_task_constructor_capabilities', 'ld_library_path_lib')
[37.937s] INFO:colcon.colcon_core.shell:Creating environment hook '/home/devika/robo_ws/install/moveit_task_constructor_capabilities/share/moveit_task_constructor_capabilities/hook/ld_library_path_lib.ps1'
[37.938s] INFO:colcon.colcon_core.shell:Creating environment descriptor '/home/devika/robo_ws/install/moveit_task_constructor_capabilities/share/moveit_task_constructor_capabilities/hook/ld_library_path_lib.dsv'
[37.938s] INFO:colcon.colcon_core.shell:Creating environment hook '/home/devika/robo_ws/install/moveit_task_constructor_capabilities/share/moveit_task_constructor_capabilities/hook/ld_library_path_lib.sh'
[37.939s] Level 1:colcon.colcon_core.environment:checking '/home/devika/robo_ws/install/moveit_task_constructor_capabilities/bin'
[37.939s] Level 1:colcon.colcon_core.environment:checking '/home/devika/robo_ws/install/moveit_task_constructor_capabilities/lib/pkgconfig/moveit_task_constructor_capabilities.pc'
[37.940s] Level 1:colcon.colcon_core.environment:checking '/home/devika/robo_ws/install/moveit_task_constructor_capabilities/lib/python3.10/site-packages'
[37.940s] Level 1:colcon.colcon_core.environment:checking '/home/devika/robo_ws/install/moveit_task_constructor_capabilities/bin'
[37.940s] INFO:colcon.colcon_core.shell:Creating package script '/home/devika/robo_ws/install/moveit_task_constructor_capabilities/share/moveit_task_constructor_capabilities/package.ps1'
[37.941s] INFO:colcon.colcon_core.shell:Creating package descriptor '/home/devika/robo_ws/install/moveit_task_constructor_capabilities/share/moveit_task_constructor_capabilities/package.dsv'
[37.941s] INFO:colcon.colcon_core.shell:Creating package script '/home/devika/robo_ws/install/moveit_task_constructor_capabilities/share/moveit_task_constructor_capabilities/package.sh'
[37.942s] INFO:colcon.colcon_core.shell:Creating package script '/home/devika/robo_ws/install/moveit_task_constructor_capabilities/share/moveit_task_constructor_capabilities/package.bash'
[37.942s] INFO:colcon.colcon_core.shell:Creating package script '/home/devika/robo_ws/install/moveit_task_constructor_capabilities/share/moveit_task_constructor_capabilities/package.zsh'
[37.943s] Level 1:colcon.colcon_core.environment:create_file_with_runtime_dependencies(/home/devika/robo_ws/install/moveit_task_constructor_capabilities/share/colcon-core/packages/moveit_task_constructor_capabilities)
[37.943s] Level 1:colcon.colcon_core.environment:create_environment_scripts_only(moveit_task_constructor_capabilities)
[37.944s] Level 1:colcon.colcon_core.environment:checking '/home/devika/robo_ws/install/moveit_task_constructor_capabilities' for CMake module files
[37.944s] Level 1:colcon.colcon_core.environment:checking '/home/devika/robo_ws/install/moveit_task_constructor_capabilities' for CMake config files
[37.944s] Level 1:colcon.colcon_core.shell:create_environment_hook('moveit_task_constructor_capabilities', 'cmake_prefix_path')
[37.945s] INFO:colcon.colcon_core.shell:Creating environment hook '/home/devika/robo_ws/install/moveit_task_constructor_capabilities/share/moveit_task_constructor_capabilities/hook/cmake_prefix_path.ps1'
[37.945s] INFO:colcon.colcon_core.shell:Creating environment descriptor '/home/devika/robo_ws/install/moveit_task_constructor_capabilities/share/moveit_task_constructor_capabilities/hook/cmake_prefix_path.dsv'
[37.945s] INFO:colcon.colcon_core.shell:Creating environment hook '/home/devika/robo_ws/install/moveit_task_constructor_capabilities/share/moveit_task_constructor_capabilities/hook/cmake_prefix_path.sh'
[37.946s] Level 1:colcon.colcon_core.environment:checking '/home/devika/robo_ws/install/moveit_task_constructor_capabilities/lib'
[37.946s] Level 1:colcon.colcon_core.shell:create_environment_hook('moveit_task_constructor_capabilities', 'ld_library_path_lib')
[37.947s] INFO:colcon.colcon_core.shell:Creating environment hook '/home/devika/robo_ws/install/moveit_task_constructor_capabilities/share/moveit_task_constructor_capabilities/hook/ld_library_path_lib.ps1'
[37.947s] INFO:colcon.colcon_core.shell:Creating environment descriptor '/home/devika/robo_ws/install/moveit_task_constructor_capabilities/share/moveit_task_constructor_capabilities/hook/ld_library_path_lib.dsv'
[37.947s] INFO:colcon.colcon_core.shell:Creating environment hook '/home/devika/robo_ws/install/moveit_task_constructor_capabilities/share/moveit_task_constructor_capabilities/hook/ld_library_path_lib.sh'
[37.948s] Level 1:colcon.colcon_core.environment:checking '/home/devika/robo_ws/install/moveit_task_constructor_capabilities/bin'
[37.948s] Level 1:colcon.colcon_core.environment:checking '/home/devika/robo_ws/install/moveit_task_constructor_capabilities/lib/pkgconfig/moveit_task_constructor_capabilities.pc'
[37.948s] Level 1:colcon.colcon_core.environment:checking '/home/devika/robo_ws/install/moveit_task_constructor_capabilities/lib/python3.10/site-packages'
[37.948s] Level 1:colcon.colcon_core.environment:checking '/home/devika/robo_ws/install/moveit_task_constructor_capabilities/bin'
[37.949s] INFO:colcon.colcon_core.shell:Creating package script '/home/devika/robo_ws/install/moveit_task_constructor_capabilities/share/moveit_task_constructor_capabilities/package.ps1'
[37.949s] INFO:colcon.colcon_core.shell:Creating package descriptor '/home/devika/robo_ws/install/moveit_task_constructor_capabilities/share/moveit_task_constructor_capabilities/package.dsv'
[37.950s] INFO:colcon.colcon_core.shell:Creating package script '/home/devika/robo_ws/install/moveit_task_constructor_capabilities/share/moveit_task_constructor_capabilities/package.sh'
[37.950s] INFO:colcon.colcon_core.shell:Creating package script '/home/devika/robo_ws/install/moveit_task_constructor_capabilities/share/moveit_task_constructor_capabilities/package.bash'
[37.951s] INFO:colcon.colcon_core.shell:Creating package script '/home/devika/robo_ws/install/moveit_task_constructor_capabilities/share/moveit_task_constructor_capabilities/package.zsh'
[37.951s] Level 1:colcon.colcon_core.environment:create_file_with_runtime_dependencies(/home/devika/robo_ws/install/moveit_task_constructor_capabilities/share/colcon-core/packages/moveit_task_constructor_capabilities)
[37.951s] DEBUG:colcon.colcon_core.executor.sequential:run_until_complete 'moveit_task_constructor_capabilities' finished with '0'
[37.951s] DEBUG:colcon.colcon_core.executor.sequential:run_until_complete 'moveit_task_constructor_visualization'
[37.951s] INFO:colcon.colcon_ros.task.ament_cmake.build:Building ROS package in '/home/devika/robo_ws/src/moveit_task_constructor/visualization' with build type 'ament_cmake'
[37.952s] INFO:colcon.colcon_cmake.task.cmake.build:Building CMake package in '/home/devika/robo_ws/src/moveit_task_constructor/visualization'
[37.952s] INFO:colcon.colcon_core.shell:Skip shell extension 'powershell' for command environment: Not usable outside of PowerShell
[37.952s] DEBUG:colcon.colcon_core.shell:Skip shell extension 'dsv' for command environment
[37.995s] DEBUG:colcon.colcon_core.event_handler.log_command:Invoking command in '/home/devika/robo_ws/build/moveit_task_constructor_visualization': CMAKE_MODULE_PATH=/home/devika/robo_ws/install/moveit_task_constructor_core/share/moveit_task_constructor_core/cmake:/home/devika/robo_ws/install/warehouse_ros_mongo/share/warehouse_ros_mongo/cmake CMAKE_PREFIX_PATH=/home/devika/robo_ws/install/moveit_task_constructor_core:/home/devika/robo_ws/install/rviz_marker_tools:/home/devika/robo_ws/install/moveit_task_constructor_msgs:/home/devika/robo_ws/install/urdf_humble_test_moveit_config:/home/devika/robo_ws/install/warehouse_ros_mongo:/home/devika/robo_ws/install/urdf_humble_test:/home/devika/robo_ws/install/moveit_task_constructor_visualization:/home/devika/robo_ws/install/moveit_task_constructor_demo:/home/devika/robo_ws/install/moveit_task_constructor_capabilities:/home/devika/robo_ws/install/hello_moveit_task_constructor:/home/devika/robo_ws/install/hello_moveit:/home/devika/robo_ws/install/gazebo_ros2_control:/home/devika/manga_ws/install/urdf_humble_test_moveit_config:/home/devika/manga_ws/install/urdf_humble_test:/home/devika/manga_ws/install/hello_moveit:/home/devika/some_ws/install/motoman_hc10_support:/home/devika/some_ws/install/motoman_resources:/home/devika/some_ws/install/hello_moveit:/home/devika/some_ws/install/hc20_sim_moveit_config:/home/devika/some_ws/install/hc20_moveit_config:/home/devika/some_ws/install/hc10_movit2v3:/home/devika/some_ws/install/hc10dt_moveit_config:/home/devika/robo_ws/install/perception_vision:/home/devika/robo_ws/install/cylinder_position_estimator:/opt/ros/humble LD_LIBRARY_PATH=/home/devika/robo_ws/install/moveit_task_constructor_core/lib:/home/devika/robo_ws/install/rviz_marker_tools/lib:/home/devika/robo_ws/install/moveit_task_constructor_msgs/lib:/home/devika/robo_ws/install/warehouse_ros_mongo/lib:/home/devika/robo_ws/install/moveit_task_constructor_visualization/lib:/home/devika/robo_ws/install/moveit_task_constructor_demo/lib:/home/devika/robo_ws/install/moveit_task_constructor_capabilities/lib:/home/devika/robo_ws/install/hello_moveit_task_constructor/lib:/home/devika/robo_ws/install/gazebo_ros2_control/lib:/usr/lib/x86_64-linux-gnu/gazebo-11/plugins:/opt/ros/humble/opt/rviz_ogre_vendor/lib:/opt/ros/humble/lib/x86_64-linux-gnu:/opt/ros/humble/lib /usr/bin/cmake --build /home/devika/robo_ws/build/moveit_task_constructor_visualization
[39.746s] DEBUG:colcon.colcon_core.event_handler.log_command:Invoked command in '/home/devika/robo_ws/build/moveit_task_constructor_visualization' returned '0': CMAKE_MODULE_PATH=/home/devika/robo_ws/install/moveit_task_constructor_core/share/moveit_task_constructor_core/cmake:/home/devika/robo_ws/install/warehouse_ros_mongo/share/warehouse_ros_mongo/cmake CMAKE_PREFIX_PATH=/home/devika/robo_ws/install/moveit_task_constructor_core:/home/devika/robo_ws/install/rviz_marker_tools:/home/devika/robo_ws/install/moveit_task_constructor_msgs:/home/devika/robo_ws/install/urdf_humble_test_moveit_config:/home/devika/robo_ws/install/warehouse_ros_mongo:/home/devika/robo_ws/install/urdf_humble_test:/home/devika/robo_ws/install/moveit_task_constructor_visualization:/home/devika/robo_ws/install/moveit_task_constructor_demo:/home/devika/robo_ws/install/moveit_task_constructor_capabilities:/home/devika/robo_ws/install/hello_moveit_task_constructor:/home/devika/robo_ws/install/hello_moveit:/home/devika/robo_ws/install/gazebo_ros2_control:/home/devika/manga_ws/install/urdf_humble_test_moveit_config:/home/devika/manga_ws/install/urdf_humble_test:/home/devika/manga_ws/install/hello_moveit:/home/devika/some_ws/install/motoman_hc10_support:/home/devika/some_ws/install/motoman_resources:/home/devika/some_ws/install/hello_moveit:/home/devika/some_ws/install/hc20_sim_moveit_config:/home/devika/some_ws/install/hc20_moveit_config:/home/devika/some_ws/install/hc10_movit2v3:/home/devika/some_ws/install/hc10dt_moveit_config:/home/devika/robo_ws/install/perception_vision:/home/devika/robo_ws/install/cylinder_position_estimator:/opt/ros/humble LD_LIBRARY_PATH=/home/devika/robo_ws/install/moveit_task_constructor_core/lib:/home/devika/robo_ws/install/rviz_marker_tools/lib:/home/devika/robo_ws/install/moveit_task_constructor_msgs/lib:/home/devika/robo_ws/install/warehouse_ros_mongo/lib:/home/devika/robo_ws/install/moveit_task_constructor_visualization/lib:/home/devika/robo_ws/install/moveit_task_constructor_demo/lib:/home/devika/robo_ws/install/moveit_task_constructor_capabilities/lib:/home/devika/robo_ws/install/hello_moveit_task_constructor/lib:/home/devika/robo_ws/install/gazebo_ros2_control/lib:/usr/lib/x86_64-linux-gnu/gazebo-11/plugins:/opt/ros/humble/opt/rviz_ogre_vendor/lib:/opt/ros/humble/lib/x86_64-linux-gnu:/opt/ros/humble/lib /usr/bin/cmake --build /home/devika/robo_ws/build/moveit_task_constructor_visualization
[39.750s] DEBUG:colcon.colcon_core.event_handler.log_command:Invoking command in '/home/devika/robo_ws/build/moveit_task_constructor_visualization': CMAKE_MODULE_PATH=/home/devika/robo_ws/install/moveit_task_constructor_core/share/moveit_task_constructor_core/cmake:/home/devika/robo_ws/install/warehouse_ros_mongo/share/warehouse_ros_mongo/cmake CMAKE_PREFIX_PATH=/home/devika/robo_ws/install/moveit_task_constructor_core:/home/devika/robo_ws/install/rviz_marker_tools:/home/devika/robo_ws/install/moveit_task_constructor_msgs:/home/devika/robo_ws/install/urdf_humble_test_moveit_config:/home/devika/robo_ws/install/warehouse_ros_mongo:/home/devika/robo_ws/install/urdf_humble_test:/home/devika/robo_ws/install/moveit_task_constructor_visualization:/home/devika/robo_ws/install/moveit_task_constructor_demo:/home/devika/robo_ws/install/moveit_task_constructor_capabilities:/home/devika/robo_ws/install/hello_moveit_task_constructor:/home/devika/robo_ws/install/hello_moveit:/home/devika/robo_ws/install/gazebo_ros2_control:/home/devika/manga_ws/install/urdf_humble_test_moveit_config:/home/devika/manga_ws/install/urdf_humble_test:/home/devika/manga_ws/install/hello_moveit:/home/devika/some_ws/install/motoman_hc10_support:/home/devika/some_ws/install/motoman_resources:/home/devika/some_ws/install/hello_moveit:/home/devika/some_ws/install/hc20_sim_moveit_config:/home/devika/some_ws/install/hc20_moveit_config:/home/devika/some_ws/install/hc10_movit2v3:/home/devika/some_ws/install/hc10dt_moveit_config:/home/devika/robo_ws/install/perception_vision:/home/devika/robo_ws/install/cylinder_position_estimator:/opt/ros/humble LD_LIBRARY_PATH=/home/devika/robo_ws/install/moveit_task_constructor_core/lib:/home/devika/robo_ws/install/rviz_marker_tools/lib:/home/devika/robo_ws/install/moveit_task_constructor_msgs/lib:/home/devika/robo_ws/install/warehouse_ros_mongo/lib:/home/devika/robo_ws/install/moveit_task_constructor_visualization/lib:/home/devika/robo_ws/install/moveit_task_constructor_demo/lib:/home/devika/robo_ws/install/moveit_task_constructor_capabilities/lib:/home/devika/robo_ws/install/hello_moveit_task_constructor/lib:/home/devika/robo_ws/install/gazebo_ros2_control/lib:/usr/lib/x86_64-linux-gnu/gazebo-11/plugins:/opt/ros/humble/opt/rviz_ogre_vendor/lib:/opt/ros/humble/lib/x86_64-linux-gnu:/opt/ros/humble/lib /usr/bin/cmake --install /home/devika/robo_ws/build/moveit_task_constructor_visualization
[39.771s] Level 1:colcon.colcon_core.environment:create_environment_scripts_only(moveit_task_constructor_visualization)
[39.772s] Level 1:colcon.colcon_core.environment:checking '/home/devika/robo_ws/install/moveit_task_constructor_visualization' for CMake module files
[39.773s] DEBUG:colcon.colcon_core.event_handler.log_command:Invoked command in '/home/devika/robo_ws/build/moveit_task_constructor_visualization' returned '0': CMAKE_MODULE_PATH=/home/devika/robo_ws/install/moveit_task_constructor_core/share/moveit_task_constructor_core/cmake:/home/devika/robo_ws/install/warehouse_ros_mongo/share/warehouse_ros_mongo/cmake CMAKE_PREFIX_PATH=/home/devika/robo_ws/install/moveit_task_constructor_core:/home/devika/robo_ws/install/rviz_marker_tools:/home/devika/robo_ws/install/moveit_task_constructor_msgs:/home/devika/robo_ws/install/urdf_humble_test_moveit_config:/home/devika/robo_ws/install/warehouse_ros_mongo:/home/devika/robo_ws/install/urdf_humble_test:/home/devika/robo_ws/install/moveit_task_constructor_visualization:/home/devika/robo_ws/install/moveit_task_constructor_demo:/home/devika/robo_ws/install/moveit_task_constructor_capabilities:/home/devika/robo_ws/install/hello_moveit_task_constructor:/home/devika/robo_ws/install/hello_moveit:/home/devika/robo_ws/install/gazebo_ros2_control:/home/devika/manga_ws/install/urdf_humble_test_moveit_config:/home/devika/manga_ws/install/urdf_humble_test:/home/devika/manga_ws/install/hello_moveit:/home/devika/some_ws/install/motoman_hc10_support:/home/devika/some_ws/install/motoman_resources:/home/devika/some_ws/install/hello_moveit:/home/devika/some_ws/install/hc20_sim_moveit_config:/home/devika/some_ws/install/hc20_moveit_config:/home/devika/some_ws/install/hc10_movit2v3:/home/devika/some_ws/install/hc10dt_moveit_config:/home/devika/robo_ws/install/perception_vision:/home/devika/robo_ws/install/cylinder_position_estimator:/opt/ros/humble LD_LIBRARY_PATH=/home/devika/robo_ws/install/moveit_task_constructor_core/lib:/home/devika/robo_ws/install/rviz_marker_tools/lib:/home/devika/robo_ws/install/moveit_task_constructor_msgs/lib:/home/devika/robo_ws/install/warehouse_ros_mongo/lib:/home/devika/robo_ws/install/moveit_task_constructor_visualization/lib:/home/devika/robo_ws/install/moveit_task_constructor_demo/lib:/home/devika/robo_ws/install/moveit_task_constructor_capabilities/lib:/home/devika/robo_ws/install/hello_moveit_task_constructor/lib:/home/devika/robo_ws/install/gazebo_ros2_control/lib:/usr/lib/x86_64-linux-gnu/gazebo-11/plugins:/opt/ros/humble/opt/rviz_ogre_vendor/lib:/opt/ros/humble/lib/x86_64-linux-gnu:/opt/ros/humble/lib /usr/bin/cmake --install /home/devika/robo_ws/build/moveit_task_constructor_visualization
[39.774s] Level 1:colcon.colcon_core.environment:checking '/home/devika/robo_ws/install/moveit_task_constructor_visualization' for CMake config files
[39.775s] Level 1:colcon.colcon_core.shell:create_environment_hook('moveit_task_constructor_visualization', 'cmake_prefix_path')
[39.775s] INFO:colcon.colcon_core.shell:Creating environment hook '/home/devika/robo_ws/install/moveit_task_constructor_visualization/share/moveit_task_constructor_visualization/hook/cmake_prefix_path.ps1'
[39.777s] INFO:colcon.colcon_core.shell:Creating environment descriptor '/home/devika/robo_ws/install/moveit_task_constructor_visualization/share/moveit_task_constructor_visualization/hook/cmake_prefix_path.dsv'
[39.778s] INFO:colcon.colcon_core.shell:Creating environment hook '/home/devika/robo_ws/install/moveit_task_constructor_visualization/share/moveit_task_constructor_visualization/hook/cmake_prefix_path.sh'
[39.779s] Level 1:colcon.colcon_core.environment:checking '/home/devika/robo_ws/install/moveit_task_constructor_visualization/lib'
[39.780s] Level 1:colcon.colcon_core.shell:create_environment_hook('moveit_task_constructor_visualization', 'ld_library_path_lib')
[39.780s] INFO:colcon.colcon_core.shell:Creating environment hook '/home/devika/robo_ws/install/moveit_task_constructor_visualization/share/moveit_task_constructor_visualization/hook/ld_library_path_lib.ps1'
[39.781s] INFO:colcon.colcon_core.shell:Creating environment descriptor '/home/devika/robo_ws/install/moveit_task_constructor_visualization/share/moveit_task_constructor_visualization/hook/ld_library_path_lib.dsv'
[39.782s] INFO:colcon.colcon_core.shell:Creating environment hook '/home/devika/robo_ws/install/moveit_task_constructor_visualization/share/moveit_task_constructor_visualization/hook/ld_library_path_lib.sh'
[39.784s] Level 1:colcon.colcon_core.environment:checking '/home/devika/robo_ws/install/moveit_task_constructor_visualization/bin'
[39.784s] Level 1:colcon.colcon_core.environment:checking '/home/devika/robo_ws/install/moveit_task_constructor_visualization/lib/pkgconfig/moveit_task_constructor_visualization.pc'
[39.784s] Level 1:colcon.colcon_core.environment:checking '/home/devika/robo_ws/install/moveit_task_constructor_visualization/lib/python3.10/site-packages'
[39.785s] Level 1:colcon.colcon_core.environment:checking '/home/devika/robo_ws/install/moveit_task_constructor_visualization/bin'
[39.786s] INFO:colcon.colcon_core.shell:Creating package script '/home/devika/robo_ws/install/moveit_task_constructor_visualization/share/moveit_task_constructor_visualization/package.ps1'
[39.787s] INFO:colcon.colcon_core.shell:Creating package descriptor '/home/devika/robo_ws/install/moveit_task_constructor_visualization/share/moveit_task_constructor_visualization/package.dsv'
[39.789s] INFO:colcon.colcon_core.shell:Creating package script '/home/devika/robo_ws/install/moveit_task_constructor_visualization/share/moveit_task_constructor_visualization/package.sh'
[39.790s] INFO:colcon.colcon_core.shell:Creating package script '/home/devika/robo_ws/install/moveit_task_constructor_visualization/share/moveit_task_constructor_visualization/package.bash'
[39.791s] INFO:colcon.colcon_core.shell:Creating package script '/home/devika/robo_ws/install/moveit_task_constructor_visualization/share/moveit_task_constructor_visualization/package.zsh'
[39.792s] Level 1:colcon.colcon_core.environment:create_file_with_runtime_dependencies(/home/devika/robo_ws/install/moveit_task_constructor_visualization/share/colcon-core/packages/moveit_task_constructor_visualization)
[39.794s] Level 1:colcon.colcon_core.environment:create_environment_scripts_only(moveit_task_constructor_visualization)
[39.795s] Level 1:colcon.colcon_core.environment:checking '/home/devika/robo_ws/install/moveit_task_constructor_visualization' for CMake module files
[39.796s] Level 1:colcon.colcon_core.environment:checking '/home/devika/robo_ws/install/moveit_task_constructor_visualization' for CMake config files
[39.797s] Level 1:colcon.colcon_core.shell:create_environment_hook('moveit_task_constructor_visualization', 'cmake_prefix_path')
[39.798s] INFO:colcon.colcon_core.shell:Creating environment hook '/home/devika/robo_ws/install/moveit_task_constructor_visualization/share/moveit_task_constructor_visualization/hook/cmake_prefix_path.ps1'
[39.799s] INFO:colcon.colcon_core.shell:Creating environment descriptor '/home/devika/robo_ws/install/moveit_task_constructor_visualization/share/moveit_task_constructor_visualization/hook/cmake_prefix_path.dsv'
[39.800s] INFO:colcon.colcon_core.shell:Creating environment hook '/home/devika/robo_ws/install/moveit_task_constructor_visualization/share/moveit_task_constructor_visualization/hook/cmake_prefix_path.sh'
[39.801s] Level 1:colcon.colcon_core.environment:checking '/home/devika/robo_ws/install/moveit_task_constructor_visualization/lib'
[39.802s] Level 1:colcon.colcon_core.shell:create_environment_hook('moveit_task_constructor_visualization', 'ld_library_path_lib')
[39.802s] INFO:colcon.colcon_core.shell:Creating environment hook '/home/devika/robo_ws/install/moveit_task_constructor_visualization/share/moveit_task_constructor_visualization/hook/ld_library_path_lib.ps1'
[39.803s] INFO:colcon.colcon_core.shell:Creating environment descriptor '/home/devika/robo_ws/install/moveit_task_constructor_visualization/share/moveit_task_constructor_visualization/hook/ld_library_path_lib.dsv'
[39.804s] INFO:colcon.colcon_core.shell:Creating environment hook '/home/devika/robo_ws/install/moveit_task_constructor_visualization/share/moveit_task_constructor_visualization/hook/ld_library_path_lib.sh'
[39.806s] Level 1:colcon.colcon_core.environment:checking '/home/devika/robo_ws/install/moveit_task_constructor_visualization/bin'
[39.806s] Level 1:colcon.colcon_core.environment:checking '/home/devika/robo_ws/install/moveit_task_constructor_visualization/lib/pkgconfig/moveit_task_constructor_visualization.pc'
[39.806s] Level 1:colcon.colcon_core.environment:checking '/home/devika/robo_ws/install/moveit_task_constructor_visualization/lib/python3.10/site-packages'
[39.807s] Level 1:colcon.colcon_core.environment:checking '/home/devika/robo_ws/install/moveit_task_constructor_visualization/bin'
[39.808s] INFO:colcon.colcon_core.shell:Creating package script '/home/devika/robo_ws/install/moveit_task_constructor_visualization/share/moveit_task_constructor_visualization/package.ps1'
[39.809s] INFO:colcon.colcon_core.shell:Creating package descriptor '/home/devika/robo_ws/install/moveit_task_constructor_visualization/share/moveit_task_constructor_visualization/package.dsv'
[39.811s] INFO:colcon.colcon_core.shell:Creating package script '/home/devika/robo_ws/install/moveit_task_constructor_visualization/share/moveit_task_constructor_visualization/package.sh'
[39.813s] INFO:colcon.colcon_core.shell:Creating package script '/home/devika/robo_ws/install/moveit_task_constructor_visualization/share/moveit_task_constructor_visualization/package.bash'
[39.814s] INFO:colcon.colcon_core.shell:Creating package script '/home/devika/robo_ws/install/moveit_task_constructor_visualization/share/moveit_task_constructor_visualization/package.zsh'
[39.815s] Level 1:colcon.colcon_core.environment:create_file_with_runtime_dependencies(/home/devika/robo_ws/install/moveit_task_constructor_visualization/share/colcon-core/packages/moveit_task_constructor_visualization)
[39.816s] DEBUG:colcon.colcon_core.executor.sequential:run_until_complete 'moveit_task_constructor_visualization' finished with '0'
[39.816s] DEBUG:colcon.colcon_core.executor.sequential:run_until_complete 'urdf_humble_test_moveit_config'
[39.816s] INFO:colcon.colcon_ros.task.ament_cmake.build:Building ROS package in '/home/devika/robo_ws/src/urdf_humble_test_moveit_config' with build type 'ament_cmake'
[39.817s] INFO:colcon.colcon_cmake.task.cmake.build:Building CMake package in '/home/devika/robo_ws/src/urdf_humble_test_moveit_config'
[39.817s] INFO:colcon.colcon_core.shell:Skip shell extension 'powershell' for command environment: Not usable outside of PowerShell
[39.817s] DEBUG:colcon.colcon_core.shell:Skip shell extension 'dsv' for command environment
[39.854s] DEBUG:colcon.colcon_core.event_handler.log_command:Invoking command in '/home/devika/robo_ws/build/urdf_humble_test_moveit_config': CMAKE_PREFIX_PATH=/home/devika/robo_ws/install/urdf_humble_test:/home/devika/robo_ws/install/warehouse_ros_mongo:/home/devika/robo_ws/install/gazebo_ros2_control:/home/devika/robo_ws/install/urdf_humble_test_moveit_config:/home/devika/robo_ws/install/moveit_task_constructor_visualization:/home/devika/robo_ws/install/moveit_task_constructor_demo:/home/devika/robo_ws/install/moveit_task_constructor_capabilities:/home/devika/robo_ws/install/hello_moveit_task_constructor:/home/devika/robo_ws/install/moveit_task_constructor_core:/home/devika/robo_ws/install/rviz_marker_tools:/home/devika/robo_ws/install/moveit_task_constructor_msgs:/home/devika/robo_ws/install/hello_moveit:/home/devika/manga_ws/install/urdf_humble_test_moveit_config:/home/devika/manga_ws/install/urdf_humble_test:/home/devika/manga_ws/install/hello_moveit:/home/devika/some_ws/install/motoman_hc10_support:/home/devika/some_ws/install/motoman_resources:/home/devika/some_ws/install/hello_moveit:/home/devika/some_ws/install/hc20_sim_moveit_config:/home/devika/some_ws/install/hc20_moveit_config:/home/devika/some_ws/install/hc10_movit2v3:/home/devika/some_ws/install/hc10dt_moveit_config:/home/devika/robo_ws/install/perception_vision:/home/devika/robo_ws/install/cylinder_position_estimator:/opt/ros/humble LD_LIBRARY_PATH=/home/devika/robo_ws/install/warehouse_ros_mongo/lib:/home/devika/robo_ws/install/gazebo_ros2_control/lib:/home/devika/robo_ws/install/moveit_task_constructor_visualization/lib:/home/devika/robo_ws/install/moveit_task_constructor_demo/lib:/home/devika/robo_ws/install/moveit_task_constructor_capabilities/lib:/home/devika/robo_ws/install/hello_moveit_task_constructor/lib:/home/devika/robo_ws/install/moveit_task_constructor_core/lib:/home/devika/robo_ws/install/rviz_marker_tools/lib:/home/devika/robo_ws/install/moveit_task_constructor_msgs/lib:/usr/lib/x86_64-linux-gnu/gazebo-11/plugins:/opt/ros/humble/opt/rviz_ogre_vendor/lib:/opt/ros/humble/lib/x86_64-linux-gnu:/opt/ros/humble/lib /usr/bin/cmake --build /home/devika/robo_ws/build/urdf_humble_test_moveit_config
[39.934s] DEBUG:colcon.colcon_core.event_handler.log_command:Invoked command in '/home/devika/robo_ws/build/urdf_humble_test_moveit_config' returned '0': CMAKE_PREFIX_PATH=/home/devika/robo_ws/install/urdf_humble_test:/home/devika/robo_ws/install/warehouse_ros_mongo:/home/devika/robo_ws/install/gazebo_ros2_control:/home/devika/robo_ws/install/urdf_humble_test_moveit_config:/home/devika/robo_ws/install/moveit_task_constructor_visualization:/home/devika/robo_ws/install/moveit_task_constructor_demo:/home/devika/robo_ws/install/moveit_task_constructor_capabilities:/home/devika/robo_ws/install/hello_moveit_task_constructor:/home/devika/robo_ws/install/moveit_task_constructor_core:/home/devika/robo_ws/install/rviz_marker_tools:/home/devika/robo_ws/install/moveit_task_constructor_msgs:/home/devika/robo_ws/install/hello_moveit:/home/devika/manga_ws/install/urdf_humble_test_moveit_config:/home/devika/manga_ws/install/urdf_humble_test:/home/devika/manga_ws/install/hello_moveit:/home/devika/some_ws/install/motoman_hc10_support:/home/devika/some_ws/install/motoman_resources:/home/devika/some_ws/install/hello_moveit:/home/devika/some_ws/install/hc20_sim_moveit_config:/home/devika/some_ws/install/hc20_moveit_config:/home/devika/some_ws/install/hc10_movit2v3:/home/devika/some_ws/install/hc10dt_moveit_config:/home/devika/robo_ws/install/perception_vision:/home/devika/robo_ws/install/cylinder_position_estimator:/opt/ros/humble LD_LIBRARY_PATH=/home/devika/robo_ws/install/warehouse_ros_mongo/lib:/home/devika/robo_ws/install/gazebo_ros2_control/lib:/home/devika/robo_ws/install/moveit_task_constructor_visualization/lib:/home/devika/robo_ws/install/moveit_task_constructor_demo/lib:/home/devika/robo_ws/install/moveit_task_constructor_capabilities/lib:/home/devika/robo_ws/install/hello_moveit_task_constructor/lib:/home/devika/robo_ws/install/moveit_task_constructor_core/lib:/home/devika/robo_ws/install/rviz_marker_tools/lib:/home/devika/robo_ws/install/moveit_task_constructor_msgs/lib:/usr/lib/x86_64-linux-gnu/gazebo-11/plugins:/opt/ros/humble/opt/rviz_ogre_vendor/lib:/opt/ros/humble/lib/x86_64-linux-gnu:/opt/ros/humble/lib /usr/bin/cmake --build /home/devika/robo_ws/build/urdf_humble_test_moveit_config
[39.937s] DEBUG:colcon.colcon_core.event_handler.log_command:Invoking command in '/home/devika/robo_ws/build/urdf_humble_test_moveit_config': CMAKE_PREFIX_PATH=/home/devika/robo_ws/install/urdf_humble_test:/home/devika/robo_ws/install/warehouse_ros_mongo:/home/devika/robo_ws/install/gazebo_ros2_control:/home/devika/robo_ws/install/urdf_humble_test_moveit_config:/home/devika/robo_ws/install/moveit_task_constructor_visualization:/home/devika/robo_ws/install/moveit_task_constructor_demo:/home/devika/robo_ws/install/moveit_task_constructor_capabilities:/home/devika/robo_ws/install/hello_moveit_task_constructor:/home/devika/robo_ws/install/moveit_task_constructor_core:/home/devika/robo_ws/install/rviz_marker_tools:/home/devika/robo_ws/install/moveit_task_constructor_msgs:/home/devika/robo_ws/install/hello_moveit:/home/devika/manga_ws/install/urdf_humble_test_moveit_config:/home/devika/manga_ws/install/urdf_humble_test:/home/devika/manga_ws/install/hello_moveit:/home/devika/some_ws/install/motoman_hc10_support:/home/devika/some_ws/install/motoman_resources:/home/devika/some_ws/install/hello_moveit:/home/devika/some_ws/install/hc20_sim_moveit_config:/home/devika/some_ws/install/hc20_moveit_config:/home/devika/some_ws/install/hc10_movit2v3:/home/devika/some_ws/install/hc10dt_moveit_config:/home/devika/robo_ws/install/perception_vision:/home/devika/robo_ws/install/cylinder_position_estimator:/opt/ros/humble LD_LIBRARY_PATH=/home/devika/robo_ws/install/warehouse_ros_mongo/lib:/home/devika/robo_ws/install/gazebo_ros2_control/lib:/home/devika/robo_ws/install/moveit_task_constructor_visualization/lib:/home/devika/robo_ws/install/moveit_task_constructor_demo/lib:/home/devika/robo_ws/install/moveit_task_constructor_capabilities/lib:/home/devika/robo_ws/install/hello_moveit_task_constructor/lib:/home/devika/robo_ws/install/moveit_task_constructor_core/lib:/home/devika/robo_ws/install/rviz_marker_tools/lib:/home/devika/robo_ws/install/moveit_task_constructor_msgs/lib:/usr/lib/x86_64-linux-gnu/gazebo-11/plugins:/opt/ros/humble/opt/rviz_ogre_vendor/lib:/opt/ros/humble/lib/x86_64-linux-gnu:/opt/ros/humble/lib /usr/bin/cmake --install /home/devika/robo_ws/build/urdf_humble_test_moveit_config
[39.963s] Level 1:colcon.colcon_core.environment:create_environment_scripts_only(urdf_humble_test_moveit_config)
[39.963s] Level 1:colcon.colcon_core.environment:checking '/home/devika/robo_ws/install/urdf_humble_test_moveit_config' for CMake module files
[39.966s] Level 1:colcon.colcon_core.environment:checking '/home/devika/robo_ws/install/urdf_humble_test_moveit_config' for CMake config files
[39.968s] DEBUG:colcon.colcon_core.event_handler.log_command:Invoked command in '/home/devika/robo_ws/build/urdf_humble_test_moveit_config' returned '0': CMAKE_PREFIX_PATH=/home/devika/robo_ws/install/urdf_humble_test:/home/devika/robo_ws/install/warehouse_ros_mongo:/home/devika/robo_ws/install/gazebo_ros2_control:/home/devika/robo_ws/install/urdf_humble_test_moveit_config:/home/devika/robo_ws/install/moveit_task_constructor_visualization:/home/devika/robo_ws/install/moveit_task_constructor_demo:/home/devika/robo_ws/install/moveit_task_constructor_capabilities:/home/devika/robo_ws/install/hello_moveit_task_constructor:/home/devika/robo_ws/install/moveit_task_constructor_core:/home/devika/robo_ws/install/rviz_marker_tools:/home/devika/robo_ws/install/moveit_task_constructor_msgs:/home/devika/robo_ws/install/hello_moveit:/home/devika/manga_ws/install/urdf_humble_test_moveit_config:/home/devika/manga_ws/install/urdf_humble_test:/home/devika/manga_ws/install/hello_moveit:/home/devika/some_ws/install/motoman_hc10_support:/home/devika/some_ws/install/motoman_resources:/home/devika/some_ws/install/hello_moveit:/home/devika/some_ws/install/hc20_sim_moveit_config:/home/devika/some_ws/install/hc20_moveit_config:/home/devika/some_ws/install/hc10_movit2v3:/home/devika/some_ws/install/hc10dt_moveit_config:/home/devika/robo_ws/install/perception_vision:/home/devika/robo_ws/install/cylinder_position_estimator:/opt/ros/humble LD_LIBRARY_PATH=/home/devika/robo_ws/install/warehouse_ros_mongo/lib:/home/devika/robo_ws/install/gazebo_ros2_control/lib:/home/devika/robo_ws/install/moveit_task_constructor_visualization/lib:/home/devika/robo_ws/install/moveit_task_constructor_demo/lib:/home/devika/robo_ws/install/moveit_task_constructor_capabilities/lib:/home/devika/robo_ws/install/hello_moveit_task_constructor/lib:/home/devika/robo_ws/install/moveit_task_constructor_core/lib:/home/devika/robo_ws/install/rviz_marker_tools/lib:/home/devika/robo_ws/install/moveit_task_constructor_msgs/lib:/usr/lib/x86_64-linux-gnu/gazebo-11/plugins:/opt/ros/humble/opt/rviz_ogre_vendor/lib:/opt/ros/humble/lib/x86_64-linux-gnu:/opt/ros/humble/lib /usr/bin/cmake --install /home/devika/robo_ws/build/urdf_humble_test_moveit_config
[39.969s] Level 1:colcon.colcon_core.shell:create_environment_hook('urdf_humble_test_moveit_config', 'cmake_prefix_path')
[39.969s] INFO:colcon.colcon_core.shell:Creating environment hook '/home/devika/robo_ws/install/urdf_humble_test_moveit_config/share/urdf_humble_test_moveit_config/hook/cmake_prefix_path.ps1'
[39.970s] INFO:colcon.colcon_core.shell:Creating environment descriptor '/home/devika/robo_ws/install/urdf_humble_test_moveit_config/share/urdf_humble_test_moveit_config/hook/cmake_prefix_path.dsv'
[39.970s] INFO:colcon.colcon_core.shell:Creating environment hook '/home/devika/robo_ws/install/urdf_humble_test_moveit_config/share/urdf_humble_test_moveit_config/hook/cmake_prefix_path.sh'
[39.971s] Level 1:colcon.colcon_core.environment:checking '/home/devika/robo_ws/install/urdf_humble_test_moveit_config/bin'
[39.971s] Level 1:colcon.colcon_core.environment:checking '/home/devika/robo_ws/install/urdf_humble_test_moveit_config/lib/pkgconfig/urdf_humble_test_moveit_config.pc'
[39.972s] Level 1:colcon.colcon_core.environment:checking '/home/devika/robo_ws/install/urdf_humble_test_moveit_config/lib/python3.10/site-packages'
[39.973s] Level 1:colcon.colcon_core.environment:checking '/home/devika/robo_ws/install/urdf_humble_test_moveit_config/bin'
[39.973s] INFO:colcon.colcon_core.shell:Creating package script '/home/devika/robo_ws/install/urdf_humble_test_moveit_config/share/urdf_humble_test_moveit_config/package.ps1'
[39.975s] INFO:colcon.colcon_core.shell:Creating package descriptor '/home/devika/robo_ws/install/urdf_humble_test_moveit_config/share/urdf_humble_test_moveit_config/package.dsv'
[39.976s] INFO:colcon.colcon_core.shell:Creating package script '/home/devika/robo_ws/install/urdf_humble_test_moveit_config/share/urdf_humble_test_moveit_config/package.sh'
[39.977s] INFO:colcon.colcon_core.shell:Creating package script '/home/devika/robo_ws/install/urdf_humble_test_moveit_config/share/urdf_humble_test_moveit_config/package.bash'
[39.978s] INFO:colcon.colcon_core.shell:Creating package script '/home/devika/robo_ws/install/urdf_humble_test_moveit_config/share/urdf_humble_test_moveit_config/package.zsh'
[39.978s] Level 1:colcon.colcon_core.environment:create_file_with_runtime_dependencies(/home/devika/robo_ws/install/urdf_humble_test_moveit_config/share/colcon-core/packages/urdf_humble_test_moveit_config)
[39.980s] Level 1:colcon.colcon_core.environment:create_environment_scripts_only(urdf_humble_test_moveit_config)
[39.980s] Level 1:colcon.colcon_core.environment:checking '/home/devika/robo_ws/install/urdf_humble_test_moveit_config' for CMake module files
[39.982s] Level 1:colcon.colcon_core.environment:checking '/home/devika/robo_ws/install/urdf_humble_test_moveit_config' for CMake config files
[39.983s] Level 1:colcon.colcon_core.shell:create_environment_hook('urdf_humble_test_moveit_config', 'cmake_prefix_path')
[39.983s] INFO:colcon.colcon_core.shell:Creating environment hook '/home/devika/robo_ws/install/urdf_humble_test_moveit_config/share/urdf_humble_test_moveit_config/hook/cmake_prefix_path.ps1'
[39.984s] INFO:colcon.colcon_core.shell:Creating environment descriptor '/home/devika/robo_ws/install/urdf_humble_test_moveit_config/share/urdf_humble_test_moveit_config/hook/cmake_prefix_path.dsv'
[39.985s] INFO:colcon.colcon_core.shell:Creating environment hook '/home/devika/robo_ws/install/urdf_humble_test_moveit_config/share/urdf_humble_test_moveit_config/hook/cmake_prefix_path.sh'
[39.987s] Level 1:colcon.colcon_core.environment:checking '/home/devika/robo_ws/install/urdf_humble_test_moveit_config/bin'
[39.987s] Level 1:colcon.colcon_core.environment:checking '/home/devika/robo_ws/install/urdf_humble_test_moveit_config/lib/pkgconfig/urdf_humble_test_moveit_config.pc'
[39.987s] Level 1:colcon.colcon_core.environment:checking '/home/devika/robo_ws/install/urdf_humble_test_moveit_config/lib/python3.10/site-packages'
[39.988s] Level 1:colcon.colcon_core.environment:checking '/home/devika/robo_ws/install/urdf_humble_test_moveit_config/bin'
[39.989s] INFO:colcon.colcon_core.shell:Creating package script '/home/devika/robo_ws/install/urdf_humble_test_moveit_config/share/urdf_humble_test_moveit_config/package.ps1'
[39.990s] INFO:colcon.colcon_core.shell:Creating package descriptor '/home/devika/robo_ws/install/urdf_humble_test_moveit_config/share/urdf_humble_test_moveit_config/package.dsv'
[39.991s] INFO:colcon.colcon_core.shell:Creating package script '/home/devika/robo_ws/install/urdf_humble_test_moveit_config/share/urdf_humble_test_moveit_config/package.sh'
[39.992s] INFO:colcon.colcon_core.shell:Creating package script '/home/devika/robo_ws/install/urdf_humble_test_moveit_config/share/urdf_humble_test_moveit_config/package.bash'
[39.993s] INFO:colcon.colcon_core.shell:Creating package script '/home/devika/robo_ws/install/urdf_humble_test_moveit_config/share/urdf_humble_test_moveit_config/package.zsh'
[39.994s] Level 1:colcon.colcon_core.environment:create_file_with_runtime_dependencies(/home/devika/robo_ws/install/urdf_humble_test_moveit_config/share/colcon-core/packages/urdf_humble_test_moveit_config)
[39.995s] DEBUG:colcon.colcon_core.executor.sequential:run_until_complete 'urdf_humble_test_moveit_config' finished with '0'
[39.995s] DEBUG:colcon.colcon_core.executor.sequential:run_until_complete 'moveit_task_constructor_demo'
[39.995s] INFO:colcon.colcon_ros.task.ament_cmake.build:Building ROS package in '/home/devika/robo_ws/src/moveit_task_constructor/demo' with build type 'ament_cmake'
[39.996s] INFO:colcon.colcon_cmake.task.cmake.build:Building CMake package in '/home/devika/robo_ws/src/moveit_task_constructor/demo'
[39.996s] INFO:colcon.colcon_core.shell:Skip shell extension 'powershell' for command environment: Not usable outside of PowerShell
[39.996s] DEBUG:colcon.colcon_core.shell:Skip shell extension 'dsv' for command environment
[40.051s] DEBUG:colcon.colcon_core.event_handler.log_command:Invoking command in '/home/devika/robo_ws/build/moveit_task_constructor_demo': CMAKE_MODULE_PATH=/home/devika/robo_ws/install/moveit_task_constructor_core/share/moveit_task_constructor_core/cmake:/home/devika/robo_ws/install/warehouse_ros_mongo/share/warehouse_ros_mongo/cmake CMAKE_PREFIX_PATH=/home/devika/robo_ws/install/moveit_task_constructor_capabilities:/home/devika/robo_ws/install/moveit_task_constructor_core:/home/devika/robo_ws/install/rviz_marker_tools:/home/devika/robo_ws/install/moveit_task_constructor_msgs:/home/devika/robo_ws/install/urdf_humble_test_moveit_config:/home/devika/robo_ws/install/warehouse_ros_mongo:/home/devika/robo_ws/install/urdf_humble_test:/home/devika/robo_ws/install/moveit_task_constructor_visualization:/home/devika/robo_ws/install/moveit_task_constructor_demo:/home/devika/robo_ws/install/hello_moveit_task_constructor:/home/devika/robo_ws/install/hello_moveit:/home/devika/robo_ws/install/gazebo_ros2_control:/home/devika/manga_ws/install/urdf_humble_test_moveit_config:/home/devika/manga_ws/install/urdf_humble_test:/home/devika/manga_ws/install/hello_moveit:/home/devika/some_ws/install/motoman_hc10_support:/home/devika/some_ws/install/motoman_resources:/home/devika/some_ws/install/hello_moveit:/home/devika/some_ws/install/hc20_sim_moveit_config:/home/devika/some_ws/install/hc20_moveit_config:/home/devika/some_ws/install/hc10_movit2v3:/home/devika/some_ws/install/hc10dt_moveit_config:/home/devika/robo_ws/install/perception_vision:/home/devika/robo_ws/install/cylinder_position_estimator:/opt/ros/humble LD_LIBRARY_PATH=/home/devika/robo_ws/install/moveit_task_constructor_capabilities/lib:/home/devika/robo_ws/install/moveit_task_constructor_core/lib:/home/devika/robo_ws/install/rviz_marker_tools/lib:/home/devika/robo_ws/install/moveit_task_constructor_msgs/lib:/home/devika/robo_ws/install/warehouse_ros_mongo/lib:/home/devika/robo_ws/install/moveit_task_constructor_visualization/lib:/home/devika/robo_ws/install/moveit_task_constructor_demo/lib:/home/devika/robo_ws/install/hello_moveit_task_constructor/lib:/home/devika/robo_ws/install/gazebo_ros2_control/lib:/usr/lib/x86_64-linux-gnu/gazebo-11/plugins:/opt/ros/humble/opt/rviz_ogre_vendor/lib:/opt/ros/humble/lib/x86_64-linux-gnu:/opt/ros/humble/lib /usr/bin/cmake --build /home/devika/robo_ws/build/moveit_task_constructor_demo
[40.731s] DEBUG:colcon.colcon_core.event_handler.log_command:Invoked command in '/home/devika/robo_ws/build/moveit_task_constructor_demo' returned '0': CMAKE_MODULE_PATH=/home/devika/robo_ws/install/moveit_task_constructor_core/share/moveit_task_constructor_core/cmake:/home/devika/robo_ws/install/warehouse_ros_mongo/share/warehouse_ros_mongo/cmake CMAKE_PREFIX_PATH=/home/devika/robo_ws/install/moveit_task_constructor_capabilities:/home/devika/robo_ws/install/moveit_task_constructor_core:/home/devika/robo_ws/install/rviz_marker_tools:/home/devika/robo_ws/install/moveit_task_constructor_msgs:/home/devika/robo_ws/install/urdf_humble_test_moveit_config:/home/devika/robo_ws/install/warehouse_ros_mongo:/home/devika/robo_ws/install/urdf_humble_test:/home/devika/robo_ws/install/moveit_task_constructor_visualization:/home/devika/robo_ws/install/moveit_task_constructor_demo:/home/devika/robo_ws/install/hello_moveit_task_constructor:/home/devika/robo_ws/install/hello_moveit:/home/devika/robo_ws/install/gazebo_ros2_control:/home/devika/manga_ws/install/urdf_humble_test_moveit_config:/home/devika/manga_ws/install/urdf_humble_test:/home/devika/manga_ws/install/hello_moveit:/home/devika/some_ws/install/motoman_hc10_support:/home/devika/some_ws/install/motoman_resources:/home/devika/some_ws/install/hello_moveit:/home/devika/some_ws/install/hc20_sim_moveit_config:/home/devika/some_ws/install/hc20_moveit_config:/home/devika/some_ws/install/hc10_movit2v3:/home/devika/some_ws/install/hc10dt_moveit_config:/home/devika/robo_ws/install/perception_vision:/home/devika/robo_ws/install/cylinder_position_estimator:/opt/ros/humble LD_LIBRARY_PATH=/home/devika/robo_ws/install/moveit_task_constructor_capabilities/lib:/home/devika/robo_ws/install/moveit_task_constructor_core/lib:/home/devika/robo_ws/install/rviz_marker_tools/lib:/home/devika/robo_ws/install/moveit_task_constructor_msgs/lib:/home/devika/robo_ws/install/warehouse_ros_mongo/lib:/home/devika/robo_ws/install/moveit_task_constructor_visualization/lib:/home/devika/robo_ws/install/moveit_task_constructor_demo/lib:/home/devika/robo_ws/install/hello_moveit_task_constructor/lib:/home/devika/robo_ws/install/gazebo_ros2_control/lib:/usr/lib/x86_64-linux-gnu/gazebo-11/plugins:/opt/ros/humble/opt/rviz_ogre_vendor/lib:/opt/ros/humble/lib/x86_64-linux-gnu:/opt/ros/humble/lib /usr/bin/cmake --build /home/devika/robo_ws/build/moveit_task_constructor_demo
[40.732s] DEBUG:colcon.colcon_core.event_handler.log_command:Invoking command in '/home/devika/robo_ws/build/moveit_task_constructor_demo': CMAKE_MODULE_PATH=/home/devika/robo_ws/install/moveit_task_constructor_core/share/moveit_task_constructor_core/cmake:/home/devika/robo_ws/install/warehouse_ros_mongo/share/warehouse_ros_mongo/cmake CMAKE_PREFIX_PATH=/home/devika/robo_ws/install/moveit_task_constructor_capabilities:/home/devika/robo_ws/install/moveit_task_constructor_core:/home/devika/robo_ws/install/rviz_marker_tools:/home/devika/robo_ws/install/moveit_task_constructor_msgs:/home/devika/robo_ws/install/urdf_humble_test_moveit_config:/home/devika/robo_ws/install/warehouse_ros_mongo:/home/devika/robo_ws/install/urdf_humble_test:/home/devika/robo_ws/install/moveit_task_constructor_visualization:/home/devika/robo_ws/install/moveit_task_constructor_demo:/home/devika/robo_ws/install/hello_moveit_task_constructor:/home/devika/robo_ws/install/hello_moveit:/home/devika/robo_ws/install/gazebo_ros2_control:/home/devika/manga_ws/install/urdf_humble_test_moveit_config:/home/devika/manga_ws/install/urdf_humble_test:/home/devika/manga_ws/install/hello_moveit:/home/devika/some_ws/install/motoman_hc10_support:/home/devika/some_ws/install/motoman_resources:/home/devika/some_ws/install/hello_moveit:/home/devika/some_ws/install/hc20_sim_moveit_config:/home/devika/some_ws/install/hc20_moveit_config:/home/devika/some_ws/install/hc10_movit2v3:/home/devika/some_ws/install/hc10dt_moveit_config:/home/devika/robo_ws/install/perception_vision:/home/devika/robo_ws/install/cylinder_position_estimator:/opt/ros/humble LD_LIBRARY_PATH=/home/devika/robo_ws/install/moveit_task_constructor_capabilities/lib:/home/devika/robo_ws/install/moveit_task_constructor_core/lib:/home/devika/robo_ws/install/rviz_marker_tools/lib:/home/devika/robo_ws/install/moveit_task_constructor_msgs/lib:/home/devika/robo_ws/install/warehouse_ros_mongo/lib:/home/devika/robo_ws/install/moveit_task_constructor_visualization/lib:/home/devika/robo_ws/install/moveit_task_constructor_demo/lib:/home/devika/robo_ws/install/hello_moveit_task_constructor/lib:/home/devika/robo_ws/install/gazebo_ros2_control/lib:/usr/lib/x86_64-linux-gnu/gazebo-11/plugins:/opt/ros/humble/opt/rviz_ogre_vendor/lib:/opt/ros/humble/lib/x86_64-linux-gnu:/opt/ros/humble/lib /usr/bin/cmake --install /home/devika/robo_ws/build/moveit_task_constructor_demo
[40.764s] Level 1:colcon.colcon_core.environment:create_environment_scripts_only(moveit_task_constructor_demo)
[40.765s] Level 1:colcon.colcon_core.environment:checking '/home/devika/robo_ws/install/moveit_task_constructor_demo' for CMake module files
[40.770s] DEBUG:colcon.colcon_core.event_handler.log_command:Invoked command in '/home/devika/robo_ws/build/moveit_task_constructor_demo' returned '0': CMAKE_MODULE_PATH=/home/devika/robo_ws/install/moveit_task_constructor_core/share/moveit_task_constructor_core/cmake:/home/devika/robo_ws/install/warehouse_ros_mongo/share/warehouse_ros_mongo/cmake CMAKE_PREFIX_PATH=/home/devika/robo_ws/install/moveit_task_constructor_capabilities:/home/devika/robo_ws/install/moveit_task_constructor_core:/home/devika/robo_ws/install/rviz_marker_tools:/home/devika/robo_ws/install/moveit_task_constructor_msgs:/home/devika/robo_ws/install/urdf_humble_test_moveit_config:/home/devika/robo_ws/install/warehouse_ros_mongo:/home/devika/robo_ws/install/urdf_humble_test:/home/devika/robo_ws/install/moveit_task_constructor_visualization:/home/devika/robo_ws/install/moveit_task_constructor_demo:/home/devika/robo_ws/install/hello_moveit_task_constructor:/home/devika/robo_ws/install/hello_moveit:/home/devika/robo_ws/install/gazebo_ros2_control:/home/devika/manga_ws/install/urdf_humble_test_moveit_config:/home/devika/manga_ws/install/urdf_humble_test:/home/devika/manga_ws/install/hello_moveit:/home/devika/some_ws/install/motoman_hc10_support:/home/devika/some_ws/install/motoman_resources:/home/devika/some_ws/install/hello_moveit:/home/devika/some_ws/install/hc20_sim_moveit_config:/home/devika/some_ws/install/hc20_moveit_config:/home/devika/some_ws/install/hc10_movit2v3:/home/devika/some_ws/install/hc10dt_moveit_config:/home/devika/robo_ws/install/perception_vision:/home/devika/robo_ws/install/cylinder_position_estimator:/opt/ros/humble LD_LIBRARY_PATH=/home/devika/robo_ws/install/moveit_task_constructor_capabilities/lib:/home/devika/robo_ws/install/moveit_task_constructor_core/lib:/home/devika/robo_ws/install/rviz_marker_tools/lib:/home/devika/robo_ws/install/moveit_task_constructor_msgs/lib:/home/devika/robo_ws/install/warehouse_ros_mongo/lib:/home/devika/robo_ws/install/moveit_task_constructor_visualization/lib:/home/devika/robo_ws/install/moveit_task_constructor_demo/lib:/home/devika/robo_ws/install/hello_moveit_task_constructor/lib:/home/devika/robo_ws/install/gazebo_ros2_control/lib:/usr/lib/x86_64-linux-gnu/gazebo-11/plugins:/opt/ros/humble/opt/rviz_ogre_vendor/lib:/opt/ros/humble/lib/x86_64-linux-gnu:/opt/ros/humble/lib /usr/bin/cmake --install /home/devika/robo_ws/build/moveit_task_constructor_demo
[40.771s] Level 1:colcon.colcon_core.environment:checking '/home/devika/robo_ws/install/moveit_task_constructor_demo' for CMake config files
[40.772s] Level 1:colcon.colcon_core.shell:create_environment_hook('moveit_task_constructor_demo', 'cmake_prefix_path')
[40.772s] INFO:colcon.colcon_core.shell:Creating environment hook '/home/devika/robo_ws/install/moveit_task_constructor_demo/share/moveit_task_constructor_demo/hook/cmake_prefix_path.ps1'
[40.774s] INFO:colcon.colcon_core.shell:Creating environment descriptor '/home/devika/robo_ws/install/moveit_task_constructor_demo/share/moveit_task_constructor_demo/hook/cmake_prefix_path.dsv'
[40.775s] INFO:colcon.colcon_core.shell:Creating environment hook '/home/devika/robo_ws/install/moveit_task_constructor_demo/share/moveit_task_constructor_demo/hook/cmake_prefix_path.sh'
[40.777s] Level 1:colcon.colcon_core.environment:checking '/home/devika/robo_ws/install/moveit_task_constructor_demo/lib'
[40.777s] Level 1:colcon.colcon_core.shell:create_environment_hook('moveit_task_constructor_demo', 'ld_library_path_lib')
[40.778s] INFO:colcon.colcon_core.shell:Creating environment hook '/home/devika/robo_ws/install/moveit_task_constructor_demo/share/moveit_task_constructor_demo/hook/ld_library_path_lib.ps1'
[40.779s] INFO:colcon.colcon_core.shell:Creating environment descriptor '/home/devika/robo_ws/install/moveit_task_constructor_demo/share/moveit_task_constructor_demo/hook/ld_library_path_lib.dsv'
[40.780s] INFO:colcon.colcon_core.shell:Creating environment hook '/home/devika/robo_ws/install/moveit_task_constructor_demo/share/moveit_task_constructor_demo/hook/ld_library_path_lib.sh'
[40.781s] Level 1:colcon.colcon_core.environment:checking '/home/devika/robo_ws/install/moveit_task_constructor_demo/bin'
[40.781s] Level 1:colcon.colcon_core.environment:checking '/home/devika/robo_ws/install/moveit_task_constructor_demo/lib/pkgconfig/moveit_task_constructor_demo.pc'
[40.782s] Level 1:colcon.colcon_core.environment:checking '/home/devika/robo_ws/install/moveit_task_constructor_demo/lib/python3.10/site-packages'
[40.782s] Level 1:colcon.colcon_core.environment:checking '/home/devika/robo_ws/install/moveit_task_constructor_demo/bin'
[40.783s] INFO:colcon.colcon_core.shell:Creating package script '/home/devika/robo_ws/install/moveit_task_constructor_demo/share/moveit_task_constructor_demo/package.ps1'
[40.785s] INFO:colcon.colcon_core.shell:Creating package descriptor '/home/devika/robo_ws/install/moveit_task_constructor_demo/share/moveit_task_constructor_demo/package.dsv'
[40.786s] INFO:colcon.colcon_core.shell:Creating package script '/home/devika/robo_ws/install/moveit_task_constructor_demo/share/moveit_task_constructor_demo/package.sh'
[40.788s] INFO:colcon.colcon_core.shell:Creating package script '/home/devika/robo_ws/install/moveit_task_constructor_demo/share/moveit_task_constructor_demo/package.bash'
[40.789s] INFO:colcon.colcon_core.shell:Creating package script '/home/devika/robo_ws/install/moveit_task_constructor_demo/share/moveit_task_constructor_demo/package.zsh'
[40.790s] Level 1:colcon.colcon_core.environment:create_file_with_runtime_dependencies(/home/devika/robo_ws/install/moveit_task_constructor_demo/share/colcon-core/packages/moveit_task_constructor_demo)
[40.792s] Level 1:colcon.colcon_core.environment:create_environment_scripts_only(moveit_task_constructor_demo)
[40.792s] Level 1:colcon.colcon_core.environment:checking '/home/devika/robo_ws/install/moveit_task_constructor_demo' for CMake module files
[40.794s] Level 1:colcon.colcon_core.environment:checking '/home/devika/robo_ws/install/moveit_task_constructor_demo' for CMake config files
[40.795s] Level 1:colcon.colcon_core.shell:create_environment_hook('moveit_task_constructor_demo', 'cmake_prefix_path')
[40.796s] INFO:colcon.colcon_core.shell:Creating environment hook '/home/devika/robo_ws/install/moveit_task_constructor_demo/share/moveit_task_constructor_demo/hook/cmake_prefix_path.ps1'
[40.797s] INFO:colcon.colcon_core.shell:Creating environment descriptor '/home/devika/robo_ws/install/moveit_task_constructor_demo/share/moveit_task_constructor_demo/hook/cmake_prefix_path.dsv'
[40.798s] INFO:colcon.colcon_core.shell:Creating environment hook '/home/devika/robo_ws/install/moveit_task_constructor_demo/share/moveit_task_constructor_demo/hook/cmake_prefix_path.sh'
[40.800s] Level 1:colcon.colcon_core.environment:checking '/home/devika/robo_ws/install/moveit_task_constructor_demo/lib'
[40.817s] Level 1:colcon.colcon_core.shell:create_environment_hook('moveit_task_constructor_demo', 'ld_library_path_lib')
[40.817s] INFO:colcon.colcon_core.shell:Creating environment hook '/home/devika/robo_ws/install/moveit_task_constructor_demo/share/moveit_task_constructor_demo/hook/ld_library_path_lib.ps1'
[40.818s] INFO:colcon.colcon_core.shell:Creating environment descriptor '/home/devika/robo_ws/install/moveit_task_constructor_demo/share/moveit_task_constructor_demo/hook/ld_library_path_lib.dsv'
[40.819s] INFO:colcon.colcon_core.shell:Creating environment hook '/home/devika/robo_ws/install/moveit_task_constructor_demo/share/moveit_task_constructor_demo/hook/ld_library_path_lib.sh'
[40.820s] Level 1:colcon.colcon_core.environment:checking '/home/devika/robo_ws/install/moveit_task_constructor_demo/bin'
[40.821s] Level 1:colcon.colcon_core.environment:checking '/home/devika/robo_ws/install/moveit_task_constructor_demo/lib/pkgconfig/moveit_task_constructor_demo.pc'
[40.821s] Level 1:colcon.colcon_core.environment:checking '/home/devika/robo_ws/install/moveit_task_constructor_demo/lib/python3.10/site-packages'
[40.822s] Level 1:colcon.colcon_core.environment:checking '/home/devika/robo_ws/install/moveit_task_constructor_demo/bin'
[40.823s] INFO:colcon.colcon_core.shell:Creating package script '/home/devika/robo_ws/install/moveit_task_constructor_demo/share/moveit_task_constructor_demo/package.ps1'
[40.824s] INFO:colcon.colcon_core.shell:Creating package descriptor '/home/devika/robo_ws/install/moveit_task_constructor_demo/share/moveit_task_constructor_demo/package.dsv'
[40.825s] INFO:colcon.colcon_core.shell:Creating package script '/home/devika/robo_ws/install/moveit_task_constructor_demo/share/moveit_task_constructor_demo/package.sh'
[40.826s] INFO:colcon.colcon_core.shell:Creating package script '/home/devika/robo_ws/install/moveit_task_constructor_demo/share/moveit_task_constructor_demo/package.bash'
[40.828s] INFO:colcon.colcon_core.shell:Creating package script '/home/devika/robo_ws/install/moveit_task_constructor_demo/share/moveit_task_constructor_demo/package.zsh'
[40.829s] Level 1:colcon.colcon_core.environment:create_file_with_runtime_dependencies(/home/devika/robo_ws/install/moveit_task_constructor_demo/share/colcon-core/packages/moveit_task_constructor_demo)
[40.829s] DEBUG:colcon.colcon_core.executor.sequential:run_until_complete 'moveit_task_constructor_demo' finished with '0'
[40.829s] DEBUG:colcon.colcon_core.executor.sequential:closing loop
[40.830s] DEBUG:colcon.colcon_core.executor.sequential:loop closed
[40.830s] DEBUG:colcon.colcon_core.event_reactor:joining thread
[40.846s] INFO:colcon.colcon_core.plugin_system:Skipping extension 'colcon_notification.desktop_notification.terminal_notifier': Not used on non-Darwin systems
[40.846s] INFO:colcon.colcon_core.plugin_system:Skipping extension 'colcon_notification.desktop_notification.win32': Not used on non-Windows systems
[40.847s] INFO:colcon.colcon_notification.desktop_notification:Sending desktop notification using 'notify2'
[40.880s] DEBUG:colcon.colcon_core.event_reactor:joined thread
[40.881s] INFO:colcon.colcon_core.shell:Creating prefix script '/home/devika/robo_ws/install/local_setup.ps1'
[40.883s] INFO:colcon.colcon_core.shell:Creating prefix util module '/home/devika/robo_ws/install/_local_setup_util_ps1.py'
[40.887s] INFO:colcon.colcon_core.shell:Creating prefix chain script '/home/devika/robo_ws/install/setup.ps1'
[40.893s] INFO:colcon.colcon_core.shell:Creating prefix script '/home/devika/robo_ws/install/local_setup.sh'
[40.895s] INFO:colcon.colcon_core.shell:Creating prefix util module '/home/devika/robo_ws/install/_local_setup_util_sh.py'
[40.896s] INFO:colcon.colcon_core.shell:Creating prefix chain script '/home/devika/robo_ws/install/setup.sh'
[40.902s] INFO:colcon.colcon_core.shell:Creating prefix script '/home/devika/robo_ws/install/local_setup.bash'
[40.903s] INFO:colcon.colcon_core.shell:Creating prefix chain script '/home/devika/robo_ws/install/setup.bash'
[40.909s] INFO:colcon.colcon_core.shell:Creating prefix script '/home/devika/robo_ws/install/local_setup.zsh'
[40.911s] INFO:colcon.colcon_core.shell:Creating prefix chain script '/home/devika/robo_ws/install/setup.zsh'
