[0.144s] DEBUG:colcon:Command line arguments: ['/usr/bin/colcon', 'build']
[0.144s] DEBUG:colcon:Parsed command line arguments: Namespace(log_base=None, log_level=None, verb_name='build', build_base='build', install_base='install', merge_install=False, symlink_install=False, test_result_base=None, continue_on_error=False, executor='parallel', parallel_workers=8, event_handlers=None, ignore_user_meta=False, metas=['./colcon.meta'], base_paths=['.'], packages_ignore=None, packages_ignore_regex=None, paths=None, packages_up_to=None, packages_up_to_regex=None, packages_above=None, packages_above_and_dependencies=None, packages_above_depth=None, packages_select_by_dep=None, packages_skip_by_dep=None, packages_skip_up_to=None, packages_select_build_failed=False, packages_skip_build_finished=False, packages_select_test_failures=False, packages_skip_test_passed=False, packages_select=None, packages_skip=None, packages_select_regex=None, packages_skip_regex=None, packages_start=None, packages_end=None, allow_overriding=[], cmake_args=None, cmake_target=None, cmake_target_skip_unavailable=False, cmake_clean_cache=False, cmake_clean_first=False, cmake_force_configure=False, ament_cmake_args=None, catkin_cmake_args=None, catkin_skip_building_tests=False, mixin_files=None, mixin=None, verb_parser=<colcon_mixin.mixin.mixin_argument.MixinArgumentDecorator object at 0x76564793d180>, verb_extension=<colcon_core.verb.build.BuildVerb object at 0x76564793ccd0>, main=<bound method BuildVerb.main of <colcon_core.verb.build.BuildVerb object at 0x76564793ccd0>>, mixin_verb=('build',))
[0.379s] Level 1:colcon.colcon_core.package_discovery:discover_packages(colcon_meta) check parameters
[0.379s] Level 1:colcon.colcon_core.package_discovery:discover_packages(recursive) check parameters
[0.379s] Level 1:colcon.colcon_core.package_discovery:discover_packages(ignore) check parameters
[0.379s] Level 1:colcon.colcon_core.package_discovery:discover_packages(path) check parameters
[0.379s] Level 1:colcon.colcon_core.package_discovery:discover_packages(colcon_meta) discover
[0.379s] Level 1:colcon.colcon_core.package_discovery:discover_packages(recursive) discover
[0.379s] INFO:colcon.colcon_core.package_discovery:Crawling recursively for packages in '/home/devika/robo_ws'
[0.379s] Level 1:colcon.colcon_core.package_identification:_identify(.) by extensions ['ignore', 'ignore_ament_install']
[0.379s] Level 1:colcon.colcon_core.package_identification:_identify(.) by extension 'ignore'
[0.380s] Level 1:colcon.colcon_core.package_identification:_identify(.) by extension 'ignore_ament_install'
[0.380s] Level 1:colcon.colcon_core.package_identification:_identify(.) by extensions ['colcon_pkg']
[0.380s] Level 1:colcon.colcon_core.package_identification:_identify(.) by extension 'colcon_pkg'
[0.380s] Level 1:colcon.colcon_core.package_identification:_identify(.) by extensions ['colcon_meta']
[0.380s] Level 1:colcon.colcon_core.package_identification:_identify(.) by extension 'colcon_meta'
[0.380s] Level 1:colcon.colcon_core.package_identification:_identify(.) by extensions ['ros']
[0.380s] Level 1:colcon.colcon_core.package_identification:_identify(.) by extension 'ros'
[0.407s] Level 1:colcon.colcon_core.package_identification:_identify(.) by extensions ['cmake', 'python']
[0.407s] Level 1:colcon.colcon_core.package_identification:_identify(.) by extension 'cmake'
[0.407s] Level 1:colcon.colcon_core.package_identification:_identify(.) by extension 'python'
[0.407s] Level 1:colcon.colcon_core.package_identification:_identify(.) by extensions ['python_setup_py']
[0.407s] Level 1:colcon.colcon_core.package_identification:_identify(.) by extension 'python_setup_py'
[0.407s] Level 1:colcon.colcon_core.package_identification:_identify(build) by extensions ['ignore', 'ignore_ament_install']
[0.407s] Level 1:colcon.colcon_core.package_identification:_identify(build) by extension 'ignore'
[0.407s] Level 1:colcon.colcon_core.package_identification:_identify(build) ignored
[0.408s] Level 1:colcon.colcon_core.package_identification:_identify(install) by extensions ['ignore', 'ignore_ament_install']
[0.408s] Level 1:colcon.colcon_core.package_identification:_identify(install) by extension 'ignore'
[0.408s] Level 1:colcon.colcon_core.package_identification:_identify(install) ignored
[0.408s] Level 1:colcon.colcon_core.package_identification:_identify(log) by extensions ['ignore', 'ignore_ament_install']
[0.408s] Level 1:colcon.colcon_core.package_identification:_identify(log) by extension 'ignore'
[0.408s] Level 1:colcon.colcon_core.package_identification:_identify(log) ignored
[0.408s] Level 1:colcon.colcon_core.package_identification:_identify(src) by extensions ['ignore', 'ignore_ament_install']
[0.408s] Level 1:colcon.colcon_core.package_identification:_identify(src) by extension 'ignore'
[0.408s] Level 1:colcon.colcon_core.package_identification:_identify(src) by extension 'ignore_ament_install'
[0.408s] Level 1:colcon.colcon_core.package_identification:_identify(src) by extensions ['colcon_pkg']
[0.408s] Level 1:colcon.colcon_core.package_identification:_identify(src) by extension 'colcon_pkg'
[0.408s] Level 1:colcon.colcon_core.package_identification:_identify(src) by extensions ['colcon_meta']
[0.408s] Level 1:colcon.colcon_core.package_identification:_identify(src) by extension 'colcon_meta'
[0.409s] Level 1:colcon.colcon_core.package_identification:_identify(src) by extensions ['ros']
[0.409s] Level 1:colcon.colcon_core.package_identification:_identify(src) by extension 'ros'
[0.409s] Level 1:colcon.colcon_core.package_identification:_identify(src) by extensions ['cmake', 'python']
[0.409s] Level 1:colcon.colcon_core.package_identification:_identify(src) by extension 'cmake'
[0.409s] Level 1:colcon.colcon_core.package_identification:_identify(src) by extension 'python'
[0.409s] Level 1:colcon.colcon_core.package_identification:_identify(src) by extensions ['python_setup_py']
[0.409s] Level 1:colcon.colcon_core.package_identification:_identify(src) by extension 'python_setup_py'
[0.409s] Level 1:colcon.colcon_core.package_identification:_identify(src/cylinder_position_estimator) by extensions ['ignore', 'ignore_ament_install']
[0.409s] Level 1:colcon.colcon_core.package_identification:_identify(src/cylinder_position_estimator) by extension 'ignore'
[0.409s] Level 1:colcon.colcon_core.package_identification:_identify(src/cylinder_position_estimator) by extension 'ignore_ament_install'
[0.409s] Level 1:colcon.colcon_core.package_identification:_identify(src/cylinder_position_estimator) by extensions ['colcon_pkg']
[0.409s] Level 1:colcon.colcon_core.package_identification:_identify(src/cylinder_position_estimator) by extension 'colcon_pkg'
[0.409s] Level 1:colcon.colcon_core.package_identification:_identify(src/cylinder_position_estimator) by extensions ['colcon_meta']
[0.409s] Level 1:colcon.colcon_core.package_identification:_identify(src/cylinder_position_estimator) by extension 'colcon_meta'
[0.409s] Level 1:colcon.colcon_core.package_identification:_identify(src/cylinder_position_estimator) by extensions ['ros']
[0.409s] Level 1:colcon.colcon_core.package_identification:_identify(src/cylinder_position_estimator) by extension 'ros'
[0.413s] DEBUG:colcon.colcon_core.package_identification:Package 'src/cylinder_position_estimator' with type 'ros.ament_python' and name 'cylinder_position_estimator'
[0.413s] Level 1:colcon.colcon_core.package_identification:_identify(src/gazebo_ros2_control) by extensions ['ignore', 'ignore_ament_install']
[0.413s] Level 1:colcon.colcon_core.package_identification:_identify(src/gazebo_ros2_control) by extension 'ignore'
[0.413s] Level 1:colcon.colcon_core.package_identification:_identify(src/gazebo_ros2_control) by extension 'ignore_ament_install'
[0.413s] Level 1:colcon.colcon_core.package_identification:_identify(src/gazebo_ros2_control) by extensions ['colcon_pkg']
[0.413s] Level 1:colcon.colcon_core.package_identification:_identify(src/gazebo_ros2_control) by extension 'colcon_pkg'
[0.413s] Level 1:colcon.colcon_core.package_identification:_identify(src/gazebo_ros2_control) by extensions ['colcon_meta']
[0.413s] Level 1:colcon.colcon_core.package_identification:_identify(src/gazebo_ros2_control) by extension 'colcon_meta'
[0.413s] Level 1:colcon.colcon_core.package_identification:_identify(src/gazebo_ros2_control) by extensions ['ros']
[0.414s] Level 1:colcon.colcon_core.package_identification:_identify(src/gazebo_ros2_control) by extension 'ros'
[0.415s] DEBUG:colcon.colcon_core.package_identification:Package 'src/gazebo_ros2_control' with type 'ros.ament_cmake' and name 'gazebo_ros2_control'
[0.415s] Level 1:colcon.colcon_core.package_identification:_identify(src/hello_moveit) by extensions ['ignore', 'ignore_ament_install']
[0.415s] Level 1:colcon.colcon_core.package_identification:_identify(src/hello_moveit) by extension 'ignore'
[0.415s] Level 1:colcon.colcon_core.package_identification:_identify(src/hello_moveit) by extension 'ignore_ament_install'
[0.415s] Level 1:colcon.colcon_core.package_identification:_identify(src/hello_moveit) by extensions ['colcon_pkg']
[0.415s] Level 1:colcon.colcon_core.package_identification:_identify(src/hello_moveit) by extension 'colcon_pkg'
[0.415s] Level 1:colcon.colcon_core.package_identification:_identify(src/hello_moveit) by extensions ['colcon_meta']
[0.415s] Level 1:colcon.colcon_core.package_identification:_identify(src/hello_moveit) by extension 'colcon_meta'
[0.416s] Level 1:colcon.colcon_core.package_identification:_identify(src/hello_moveit) by extensions ['ros']
[0.416s] Level 1:colcon.colcon_core.package_identification:_identify(src/hello_moveit) by extension 'ros'
[0.417s] DEBUG:colcon.colcon_core.package_identification:Package 'src/hello_moveit' with type 'ros.ament_cmake' and name 'hello_moveit'
[0.417s] Level 1:colcon.colcon_core.package_identification:_identify(src/hello_moveit_task_constructor) by extensions ['ignore', 'ignore_ament_install']
[0.417s] Level 1:colcon.colcon_core.package_identification:_identify(src/hello_moveit_task_constructor) by extension 'ignore'
[0.417s] Level 1:colcon.colcon_core.package_identification:_identify(src/hello_moveit_task_constructor) by extension 'ignore_ament_install'
[0.417s] Level 1:colcon.colcon_core.package_identification:_identify(src/hello_moveit_task_constructor) by extensions ['colcon_pkg']
[0.417s] Level 1:colcon.colcon_core.package_identification:_identify(src/hello_moveit_task_constructor) by extension 'colcon_pkg'
[0.417s] Level 1:colcon.colcon_core.package_identification:_identify(src/hello_moveit_task_constructor) by extensions ['colcon_meta']
[0.417s] Level 1:colcon.colcon_core.package_identification:_identify(src/hello_moveit_task_constructor) by extension 'colcon_meta'
[0.417s] Level 1:colcon.colcon_core.package_identification:_identify(src/hello_moveit_task_constructor) by extensions ['ros']
[0.417s] Level 1:colcon.colcon_core.package_identification:_identify(src/hello_moveit_task_constructor) by extension 'ros'
[0.418s] DEBUG:colcon.colcon_core.package_identification:Package 'src/hello_moveit_task_constructor' with type 'ros.ament_cmake' and name 'hello_moveit_task_constructor'
[0.418s] Level 1:colcon.colcon_core.package_identification:_identify(src/moveit_task_constructor) by extensions ['ignore', 'ignore_ament_install']
[0.418s] Level 1:colcon.colcon_core.package_identification:_identify(src/moveit_task_constructor) by extension 'ignore'
[0.418s] Level 1:colcon.colcon_core.package_identification:_identify(src/moveit_task_constructor) by extension 'ignore_ament_install'
[0.418s] Level 1:colcon.colcon_core.package_identification:_identify(src/moveit_task_constructor) by extensions ['colcon_pkg']
[0.418s] Level 1:colcon.colcon_core.package_identification:_identify(src/moveit_task_constructor) by extension 'colcon_pkg'
[0.418s] Level 1:colcon.colcon_core.package_identification:_identify(src/moveit_task_constructor) by extensions ['colcon_meta']
[0.418s] Level 1:colcon.colcon_core.package_identification:_identify(src/moveit_task_constructor) by extension 'colcon_meta'
[0.419s] Level 1:colcon.colcon_core.package_identification:_identify(src/moveit_task_constructor) by extensions ['ros']
[0.419s] Level 1:colcon.colcon_core.package_identification:_identify(src/moveit_task_constructor) by extension 'ros'
[0.419s] Level 1:colcon.colcon_core.package_identification:_identify(src/moveit_task_constructor) by extensions ['cmake', 'python']
[0.419s] Level 1:colcon.colcon_core.package_identification:_identify(src/moveit_task_constructor) by extension 'cmake'
[0.419s] Level 1:colcon.colcon_core.package_identification:_identify(src/moveit_task_constructor) by extension 'python'
[0.419s] Level 1:colcon.colcon_core.package_identification:_identify(src/moveit_task_constructor) by extensions ['python_setup_py']
[0.419s] Level 1:colcon.colcon_core.package_identification:_identify(src/moveit_task_constructor) by extension 'python_setup_py'
[0.419s] Level 1:colcon.colcon_core.package_identification:_identify(src/moveit_task_constructor/capabilities) by extensions ['ignore', 'ignore_ament_install']
[0.419s] Level 1:colcon.colcon_core.package_identification:_identify(src/moveit_task_constructor/capabilities) by extension 'ignore'
[0.419s] Level 1:colcon.colcon_core.package_identification:_identify(src/moveit_task_constructor/capabilities) by extension 'ignore_ament_install'
[0.419s] Level 1:colcon.colcon_core.package_identification:_identify(src/moveit_task_constructor/capabilities) by extensions ['colcon_pkg']
[0.419s] Level 1:colcon.colcon_core.package_identification:_identify(src/moveit_task_constructor/capabilities) by extension 'colcon_pkg'
[0.419s] Level 1:colcon.colcon_core.package_identification:_identify(src/moveit_task_constructor/capabilities) by extensions ['colcon_meta']
[0.419s] Level 1:colcon.colcon_core.package_identification:_identify(src/moveit_task_constructor/capabilities) by extension 'colcon_meta'
[0.419s] Level 1:colcon.colcon_core.package_identification:_identify(src/moveit_task_constructor/capabilities) by extensions ['ros']
[0.419s] Level 1:colcon.colcon_core.package_identification:_identify(src/moveit_task_constructor/capabilities) by extension 'ros'
[0.421s] DEBUG:colcon.colcon_core.package_identification:Package 'src/moveit_task_constructor/capabilities' with type 'ros.ament_cmake' and name 'moveit_task_constructor_capabilities'
[0.421s] Level 1:colcon.colcon_core.package_identification:_identify(src/moveit_task_constructor/core) by extensions ['ignore', 'ignore_ament_install']
[0.421s] Level 1:colcon.colcon_core.package_identification:_identify(src/moveit_task_constructor/core) by extension 'ignore'
[0.421s] Level 1:colcon.colcon_core.package_identification:_identify(src/moveit_task_constructor/core) by extension 'ignore_ament_install'
[0.421s] Level 1:colcon.colcon_core.package_identification:_identify(src/moveit_task_constructor/core) by extensions ['colcon_pkg']
[0.421s] Level 1:colcon.colcon_core.package_identification:_identify(src/moveit_task_constructor/core) by extension 'colcon_pkg'
[0.421s] Level 1:colcon.colcon_core.package_identification:_identify(src/moveit_task_constructor/core) by extensions ['colcon_meta']
[0.421s] Level 1:colcon.colcon_core.package_identification:_identify(src/moveit_task_constructor/core) by extension 'colcon_meta'
[0.421s] Level 1:colcon.colcon_core.package_identification:_identify(src/moveit_task_constructor/core) by extensions ['ros']
[0.421s] Level 1:colcon.colcon_core.package_identification:_identify(src/moveit_task_constructor/core) by extension 'ros'
[0.423s] DEBUG:colcon.colcon_core.package_identification:Package 'src/moveit_task_constructor/core' with type 'ros.ament_cmake' and name 'moveit_task_constructor_core'
[0.423s] Level 1:colcon.colcon_core.package_identification:_identify(src/moveit_task_constructor/demo) by extensions ['ignore', 'ignore_ament_install']
[0.423s] Level 1:colcon.colcon_core.package_identification:_identify(src/moveit_task_constructor/demo) by extension 'ignore'
[0.423s] Level 1:colcon.colcon_core.package_identification:_identify(src/moveit_task_constructor/demo) by extension 'ignore_ament_install'
[0.423s] Level 1:colcon.colcon_core.package_identification:_identify(src/moveit_task_constructor/demo) by extensions ['colcon_pkg']
[0.423s] Level 1:colcon.colcon_core.package_identification:_identify(src/moveit_task_constructor/demo) by extension 'colcon_pkg'
[0.423s] Level 1:colcon.colcon_core.package_identification:_identify(src/moveit_task_constructor/demo) by extensions ['colcon_meta']
[0.423s] Level 1:colcon.colcon_core.package_identification:_identify(src/moveit_task_constructor/demo) by extension 'colcon_meta'
[0.423s] Level 1:colcon.colcon_core.package_identification:_identify(src/moveit_task_constructor/demo) by extensions ['ros']
[0.423s] Level 1:colcon.colcon_core.package_identification:_identify(src/moveit_task_constructor/demo) by extension 'ros'
[0.424s] DEBUG:colcon.colcon_core.package_identification:Package 'src/moveit_task_constructor/demo' with type 'ros.ament_cmake' and name 'moveit_task_constructor_demo'
[0.424s] Level 1:colcon.colcon_core.package_identification:_identify(src/moveit_task_constructor/msgs) by extensions ['ignore', 'ignore_ament_install']
[0.424s] Level 1:colcon.colcon_core.package_identification:_identify(src/moveit_task_constructor/msgs) by extension 'ignore'
[0.424s] Level 1:colcon.colcon_core.package_identification:_identify(src/moveit_task_constructor/msgs) by extension 'ignore_ament_install'
[0.425s] Level 1:colcon.colcon_core.package_identification:_identify(src/moveit_task_constructor/msgs) by extensions ['colcon_pkg']
[0.425s] Level 1:colcon.colcon_core.package_identification:_identify(src/moveit_task_constructor/msgs) by extension 'colcon_pkg'
[0.425s] Level 1:colcon.colcon_core.package_identification:_identify(src/moveit_task_constructor/msgs) by extensions ['colcon_meta']
[0.425s] Level 1:colcon.colcon_core.package_identification:_identify(src/moveit_task_constructor/msgs) by extension 'colcon_meta'
[0.425s] Level 1:colcon.colcon_core.package_identification:_identify(src/moveit_task_constructor/msgs) by extensions ['ros']
[0.425s] Level 1:colcon.colcon_core.package_identification:_identify(src/moveit_task_constructor/msgs) by extension 'ros'
[0.425s] DEBUG:colcon.colcon_core.package_identification:Package 'src/moveit_task_constructor/msgs' with type 'ros.ament_cmake' and name 'moveit_task_constructor_msgs'
[0.426s] Level 1:colcon.colcon_core.package_identification:_identify(src/moveit_task_constructor/rviz_marker_tools) by extensions ['ignore', 'ignore_ament_install']
[0.426s] Level 1:colcon.colcon_core.package_identification:_identify(src/moveit_task_constructor/rviz_marker_tools) by extension 'ignore'
[0.426s] Level 1:colcon.colcon_core.package_identification:_identify(src/moveit_task_constructor/rviz_marker_tools) by extension 'ignore_ament_install'
[0.426s] Level 1:colcon.colcon_core.package_identification:_identify(src/moveit_task_constructor/rviz_marker_tools) by extensions ['colcon_pkg']
[0.426s] Level 1:colcon.colcon_core.package_identification:_identify(src/moveit_task_constructor/rviz_marker_tools) by extension 'colcon_pkg'
[0.426s] Level 1:colcon.colcon_core.package_identification:_identify(src/moveit_task_constructor/rviz_marker_tools) by extensions ['colcon_meta']
[0.426s] Level 1:colcon.colcon_core.package_identification:_identify(src/moveit_task_constructor/rviz_marker_tools) by extension 'colcon_meta'
[0.426s] Level 1:colcon.colcon_core.package_identification:_identify(src/moveit_task_constructor/rviz_marker_tools) by extensions ['ros']
[0.426s] Level 1:colcon.colcon_core.package_identification:_identify(src/moveit_task_constructor/rviz_marker_tools) by extension 'ros'
[0.427s] DEBUG:colcon.colcon_core.package_identification:Package 'src/moveit_task_constructor/rviz_marker_tools' with type 'ros.ament_cmake' and name 'rviz_marker_tools'
[0.427s] Level 1:colcon.colcon_core.package_identification:_identify(src/moveit_task_constructor/visualization) by extensions ['ignore', 'ignore_ament_install']
[0.427s] Level 1:colcon.colcon_core.package_identification:_identify(src/moveit_task_constructor/visualization) by extension 'ignore'
[0.427s] Level 1:colcon.colcon_core.package_identification:_identify(src/moveit_task_constructor/visualization) by extension 'ignore_ament_install'
[0.427s] Level 1:colcon.colcon_core.package_identification:_identify(src/moveit_task_constructor/visualization) by extensions ['colcon_pkg']
[0.427s] Level 1:colcon.colcon_core.package_identification:_identify(src/moveit_task_constructor/visualization) by extension 'colcon_pkg'
[0.428s] Level 1:colcon.colcon_core.package_identification:_identify(src/moveit_task_constructor/visualization) by extensions ['colcon_meta']
[0.428s] Level 1:colcon.colcon_core.package_identification:_identify(src/moveit_task_constructor/visualization) by extension 'colcon_meta'
[0.428s] Level 1:colcon.colcon_core.package_identification:_identify(src/moveit_task_constructor/visualization) by extensions ['ros']
[0.428s] Level 1:colcon.colcon_core.package_identification:_identify(src/moveit_task_constructor/visualization) by extension 'ros'
[0.429s] DEBUG:colcon.colcon_core.package_identification:Package 'src/moveit_task_constructor/visualization' with type 'ros.ament_cmake' and name 'moveit_task_constructor_visualization'
[0.429s] Level 1:colcon.colcon_core.package_identification:_identify(src/perception_vision) by extensions ['ignore', 'ignore_ament_install']
[0.429s] Level 1:colcon.colcon_core.package_identification:_identify(src/perception_vision) by extension 'ignore'
[0.429s] Level 1:colcon.colcon_core.package_identification:_identify(src/perception_vision) by extension 'ignore_ament_install'
[0.429s] Level 1:colcon.colcon_core.package_identification:_identify(src/perception_vision) by extensions ['colcon_pkg']
[0.429s] Level 1:colcon.colcon_core.package_identification:_identify(src/perception_vision) by extension 'colcon_pkg'
[0.429s] Level 1:colcon.colcon_core.package_identification:_identify(src/perception_vision) by extensions ['colcon_meta']
[0.429s] Level 1:colcon.colcon_core.package_identification:_identify(src/perception_vision) by extension 'colcon_meta'
[0.429s] Level 1:colcon.colcon_core.package_identification:_identify(src/perception_vision) by extensions ['ros']
[0.429s] Level 1:colcon.colcon_core.package_identification:_identify(src/perception_vision) by extension 'ros'
[0.430s] DEBUG:colcon.colcon_core.package_identification:Package 'src/perception_vision' with type 'ros.ament_python' and name 'perception_vision'
[0.430s] Level 1:colcon.colcon_core.package_identification:_identify(src/urdf_humble_test) by extensions ['ignore', 'ignore_ament_install']
[0.430s] Level 1:colcon.colcon_core.package_identification:_identify(src/urdf_humble_test) by extension 'ignore'
[0.430s] Level 1:colcon.colcon_core.package_identification:_identify(src/urdf_humble_test) by extension 'ignore_ament_install'
[0.430s] Level 1:colcon.colcon_core.package_identification:_identify(src/urdf_humble_test) by extensions ['colcon_pkg']
[0.430s] Level 1:colcon.colcon_core.package_identification:_identify(src/urdf_humble_test) by extension 'colcon_pkg'
[0.430s] Level 1:colcon.colcon_core.package_identification:_identify(src/urdf_humble_test) by extensions ['colcon_meta']
[0.430s] Level 1:colcon.colcon_core.package_identification:_identify(src/urdf_humble_test) by extension 'colcon_meta'
[0.431s] Level 1:colcon.colcon_core.package_identification:_identify(src/urdf_humble_test) by extensions ['ros']
[0.431s] Level 1:colcon.colcon_core.package_identification:_identify(src/urdf_humble_test) by extension 'ros'
[0.432s] DEBUG:colcon.colcon_core.package_identification:Package 'src/urdf_humble_test' with type 'ros.ament_cmake' and name 'urdf_humble_test'
[0.432s] Level 1:colcon.colcon_core.package_identification:_identify(src/urdf_humble_test_moveit_config) by extensions ['ignore', 'ignore_ament_install']
[0.432s] Level 1:colcon.colcon_core.package_identification:_identify(src/urdf_humble_test_moveit_config) by extension 'ignore'
[0.432s] Level 1:colcon.colcon_core.package_identification:_identify(src/urdf_humble_test_moveit_config) by extension 'ignore_ament_install'
[0.432s] Level 1:colcon.colcon_core.package_identification:_identify(src/urdf_humble_test_moveit_config) by extensions ['colcon_pkg']
[0.432s] Level 1:colcon.colcon_core.package_identification:_identify(src/urdf_humble_test_moveit_config) by extension 'colcon_pkg'
[0.432s] Level 1:colcon.colcon_core.package_identification:_identify(src/urdf_humble_test_moveit_config) by extensions ['colcon_meta']
[0.432s] Level 1:colcon.colcon_core.package_identification:_identify(src/urdf_humble_test_moveit_config) by extension 'colcon_meta'
[0.432s] Level 1:colcon.colcon_core.package_identification:_identify(src/urdf_humble_test_moveit_config) by extensions ['ros']
[0.432s] Level 1:colcon.colcon_core.package_identification:_identify(src/urdf_humble_test_moveit_config) by extension 'ros'
[0.433s] DEBUG:colcon.colcon_core.package_identification:Package 'src/urdf_humble_test_moveit_config' with type 'ros.ament_cmake' and name 'urdf_humble_test_moveit_config'
[0.433s] Level 1:colcon.colcon_core.package_identification:_identify(src/warehouse_ros_mongo) by extensions ['ignore', 'ignore_ament_install']
[0.433s] Level 1:colcon.colcon_core.package_identification:_identify(src/warehouse_ros_mongo) by extension 'ignore'
[0.433s] Level 1:colcon.colcon_core.package_identification:_identify(src/warehouse_ros_mongo) by extension 'ignore_ament_install'
[0.433s] Level 1:colcon.colcon_core.package_identification:_identify(src/warehouse_ros_mongo) by extensions ['colcon_pkg']
[0.433s] Level 1:colcon.colcon_core.package_identification:_identify(src/warehouse_ros_mongo) by extension 'colcon_pkg'
[0.433s] Level 1:colcon.colcon_core.package_identification:_identify(src/warehouse_ros_mongo) by extensions ['colcon_meta']
[0.433s] Level 1:colcon.colcon_core.package_identification:_identify(src/warehouse_ros_mongo) by extension 'colcon_meta'
[0.434s] Level 1:colcon.colcon_core.package_identification:_identify(src/warehouse_ros_mongo) by extensions ['ros']
[0.434s] Level 1:colcon.colcon_core.package_identification:_identify(src/warehouse_ros_mongo) by extension 'ros'
[0.435s] DEBUG:colcon.colcon_core.package_identification:Package 'src/warehouse_ros_mongo' with type 'ros.ament_cmake' and name 'warehouse_ros_mongo'
[0.435s] Level 1:colcon.colcon_core.package_discovery:discover_packages(recursive) using defaults
[0.435s] Level 1:colcon.colcon_core.package_discovery:discover_packages(ignore) discover
[0.435s] Level 1:colcon.colcon_core.package_discovery:discover_packages(ignore) using defaults
[0.435s] Level 1:colcon.colcon_core.package_discovery:discover_packages(path) discover
[0.435s] Level 1:colcon.colcon_core.package_discovery:discover_packages(path) using defaults
[0.461s] Level 1:colcon.colcon_core.package_discovery:discover_packages(prefix_path) check parameters
[0.462s] Level 1:colcon.colcon_core.package_discovery:discover_packages(prefix_path) discover
[0.465s] DEBUG:colcon.colcon_installed_package_information.package_discovery:Found 14 installed packages in /home/devika/robo_ws/install
[0.465s] DEBUG:colcon.colcon_installed_package_information.package_discovery:Found 3 installed packages in /home/devika/manga_ws/install
[0.466s] DEBUG:colcon.colcon_installed_package_information.package_discovery:Found 7 installed packages in /home/devika/some_ws/install
[0.468s] DEBUG:colcon.colcon_installed_package_information.package_discovery:Found 419 installed packages in /opt/ros/humble
[0.471s] Level 1:colcon.colcon_core.package_discovery:discover_packages(prefix_path) using defaults
[0.529s] WARNING:colcon.colcon_core.package_selection:Some selected packages are already built in one or more underlay workspaces:
	'gazebo_ros2_control' is in: /home/devika/robo_ws/install/gazebo_ros2_control, /opt/ros/humble
	'warehouse_ros_mongo' is in: /home/devika/robo_ws/install/warehouse_ros_mongo
If a package in a merged underlay workspace is overridden and it installs headers, then all packages in the overlay must sort their include directories by workspace order. Failure to do so may result in build failures or undefined behavior at run time.
If the overridden package is used by another package in any underlay, then the overriding package in the overlay must be API and ABI compatible or undefined behavior at run time may occur.

If you understand the risks and want to override a package anyways, add the following to the command line:
	--allow-overriding gazebo_ros2_control warehouse_ros_mongo

This may be promoted to an error in a future release of colcon-override-check.
[0.530s] Level 5:colcon.colcon_core.verb:set package 'cylinder_position_estimator' build argument 'cmake_args' from command line to 'None'
[0.530s] Level 5:colcon.colcon_core.verb:set package 'cylinder_position_estimator' build argument 'cmake_target' from command line to 'None'
[0.530s] Level 5:colcon.colcon_core.verb:set package 'cylinder_position_estimator' build argument 'cmake_target_skip_unavailable' from command line to 'False'
[0.530s] Level 5:colcon.colcon_core.verb:set package 'cylinder_position_estimator' build argument 'cmake_clean_cache' from command line to 'False'
[0.530s] Level 5:colcon.colcon_core.verb:set package 'cylinder_position_estimator' build argument 'cmake_clean_first' from command line to 'False'
[0.530s] Level 5:colcon.colcon_core.verb:set package 'cylinder_position_estimator' build argument 'cmake_force_configure' from command line to 'False'
[0.530s] Level 5:colcon.colcon_core.verb:set package 'cylinder_position_estimator' build argument 'ament_cmake_args' from command line to 'None'
[0.530s] Level 5:colcon.colcon_core.verb:set package 'cylinder_position_estimator' build argument 'catkin_cmake_args' from command line to 'None'
[0.530s] Level 5:colcon.colcon_core.verb:set package 'cylinder_position_estimator' build argument 'catkin_skip_building_tests' from command line to 'False'
[0.530s] DEBUG:colcon.colcon_core.verb:Building package 'cylinder_position_estimator' with the following arguments: {'ament_cmake_args': None, 'build_base': '/home/devika/robo_ws/build/cylinder_position_estimator', 'catkin_cmake_args': None, 'catkin_skip_building_tests': False, 'cmake_args': None, 'cmake_clean_cache': False, 'cmake_clean_first': False, 'cmake_force_configure': False, 'cmake_target': None, 'cmake_target_skip_unavailable': False, 'install_base': '/home/devika/robo_ws/install/cylinder_position_estimator', 'merge_install': False, 'path': '/home/devika/robo_ws/src/cylinder_position_estimator', 'symlink_install': False, 'test_result_base': None}
[0.531s] Level 5:colcon.colcon_core.verb:set package 'gazebo_ros2_control' build argument 'cmake_args' from command line to 'None'
[0.531s] Level 5:colcon.colcon_core.verb:set package 'gazebo_ros2_control' build argument 'cmake_target' from command line to 'None'
[0.531s] Level 5:colcon.colcon_core.verb:set package 'gazebo_ros2_control' build argument 'cmake_target_skip_unavailable' from command line to 'False'
[0.531s] Level 5:colcon.colcon_core.verb:set package 'gazebo_ros2_control' build argument 'cmake_clean_cache' from command line to 'False'
[0.531s] Level 5:colcon.colcon_core.verb:set package 'gazebo_ros2_control' build argument 'cmake_clean_first' from command line to 'False'
[0.531s] Level 5:colcon.colcon_core.verb:set package 'gazebo_ros2_control' build argument 'cmake_force_configure' from command line to 'False'
[0.531s] Level 5:colcon.colcon_core.verb:set package 'gazebo_ros2_control' build argument 'ament_cmake_args' from command line to 'None'
[0.531s] Level 5:colcon.colcon_core.verb:set package 'gazebo_ros2_control' build argument 'catkin_cmake_args' from command line to 'None'
[0.531s] Level 5:colcon.colcon_core.verb:set package 'gazebo_ros2_control' build argument 'catkin_skip_building_tests' from command line to 'False'
[0.531s] DEBUG:colcon.colcon_core.verb:Building package 'gazebo_ros2_control' with the following arguments: {'ament_cmake_args': None, 'build_base': '/home/devika/robo_ws/build/gazebo_ros2_control', 'catkin_cmake_args': None, 'catkin_skip_building_tests': False, 'cmake_args': None, 'cmake_clean_cache': False, 'cmake_clean_first': False, 'cmake_force_configure': False, 'cmake_target': None, 'cmake_target_skip_unavailable': False, 'install_base': '/home/devika/robo_ws/install/gazebo_ros2_control', 'merge_install': False, 'path': '/home/devika/robo_ws/src/gazebo_ros2_control', 'symlink_install': False, 'test_result_base': None}
[0.532s] Level 5:colcon.colcon_core.verb:set package 'hello_moveit' build argument 'cmake_args' from command line to 'None'
[0.532s] Level 5:colcon.colcon_core.verb:set package 'hello_moveit' build argument 'cmake_target' from command line to 'None'
[0.532s] Level 5:colcon.colcon_core.verb:set package 'hello_moveit' build argument 'cmake_target_skip_unavailable' from command line to 'False'
[0.532s] Level 5:colcon.colcon_core.verb:set package 'hello_moveit' build argument 'cmake_clean_cache' from command line to 'False'
[0.532s] Level 5:colcon.colcon_core.verb:set package 'hello_moveit' build argument 'cmake_clean_first' from command line to 'False'
[0.532s] Level 5:colcon.colcon_core.verb:set package 'hello_moveit' build argument 'cmake_force_configure' from command line to 'False'
[0.532s] Level 5:colcon.colcon_core.verb:set package 'hello_moveit' build argument 'ament_cmake_args' from command line to 'None'
[0.532s] Level 5:colcon.colcon_core.verb:set package 'hello_moveit' build argument 'catkin_cmake_args' from command line to 'None'
[0.532s] Level 5:colcon.colcon_core.verb:set package 'hello_moveit' build argument 'catkin_skip_building_tests' from command line to 'False'
[0.532s] DEBUG:colcon.colcon_core.verb:Building package 'hello_moveit' with the following arguments: {'ament_cmake_args': None, 'build_base': '/home/devika/robo_ws/build/hello_moveit', 'catkin_cmake_args': None, 'catkin_skip_building_tests': False, 'cmake_args': None, 'cmake_clean_cache': False, 'cmake_clean_first': False, 'cmake_force_configure': False, 'cmake_target': None, 'cmake_target_skip_unavailable': False, 'install_base': '/home/devika/robo_ws/install/hello_moveit', 'merge_install': False, 'path': '/home/devika/robo_ws/src/hello_moveit', 'symlink_install': False, 'test_result_base': None}
[0.532s] Level 5:colcon.colcon_core.verb:set package 'moveit_task_constructor_msgs' build argument 'cmake_args' from command line to 'None'
[0.532s] Level 5:colcon.colcon_core.verb:set package 'moveit_task_constructor_msgs' build argument 'cmake_target' from command line to 'None'
[0.532s] Level 5:colcon.colcon_core.verb:set package 'moveit_task_constructor_msgs' build argument 'cmake_target_skip_unavailable' from command line to 'False'
[0.532s] Level 5:colcon.colcon_core.verb:set package 'moveit_task_constructor_msgs' build argument 'cmake_clean_cache' from command line to 'False'
[0.532s] Level 5:colcon.colcon_core.verb:set package 'moveit_task_constructor_msgs' build argument 'cmake_clean_first' from command line to 'False'
[0.532s] Level 5:colcon.colcon_core.verb:set package 'moveit_task_constructor_msgs' build argument 'cmake_force_configure' from command line to 'False'
[0.532s] Level 5:colcon.colcon_core.verb:set package 'moveit_task_constructor_msgs' build argument 'ament_cmake_args' from command line to 'None'
[0.532s] Level 5:colcon.colcon_core.verb:set package 'moveit_task_constructor_msgs' build argument 'catkin_cmake_args' from command line to 'None'
[0.532s] Level 5:colcon.colcon_core.verb:set package 'moveit_task_constructor_msgs' build argument 'catkin_skip_building_tests' from command line to 'False'
[0.533s] DEBUG:colcon.colcon_core.verb:Building package 'moveit_task_constructor_msgs' with the following arguments: {'ament_cmake_args': None, 'build_base': '/home/devika/robo_ws/build/moveit_task_constructor_msgs', 'catkin_cmake_args': None, 'catkin_skip_building_tests': False, 'cmake_args': None, 'cmake_clean_cache': False, 'cmake_clean_first': False, 'cmake_force_configure': False, 'cmake_target': None, 'cmake_target_skip_unavailable': False, 'install_base': '/home/devika/robo_ws/install/moveit_task_constructor_msgs', 'merge_install': False, 'path': '/home/devika/robo_ws/src/moveit_task_constructor/msgs', 'symlink_install': False, 'test_result_base': None}
[0.533s] Level 5:colcon.colcon_core.verb:set package 'perception_vision' build argument 'cmake_args' from command line to 'None'
[0.533s] Level 5:colcon.colcon_core.verb:set package 'perception_vision' build argument 'cmake_target' from command line to 'None'
[0.533s] Level 5:colcon.colcon_core.verb:set package 'perception_vision' build argument 'cmake_target_skip_unavailable' from command line to 'False'
[0.533s] Level 5:colcon.colcon_core.verb:set package 'perception_vision' build argument 'cmake_clean_cache' from command line to 'False'
[0.533s] Level 5:colcon.colcon_core.verb:set package 'perception_vision' build argument 'cmake_clean_first' from command line to 'False'
[0.533s] Level 5:colcon.colcon_core.verb:set package 'perception_vision' build argument 'cmake_force_configure' from command line to 'False'
[0.533s] Level 5:colcon.colcon_core.verb:set package 'perception_vision' build argument 'ament_cmake_args' from command line to 'None'
[0.533s] Level 5:colcon.colcon_core.verb:set package 'perception_vision' build argument 'catkin_cmake_args' from command line to 'None'
[0.533s] Level 5:colcon.colcon_core.verb:set package 'perception_vision' build argument 'catkin_skip_building_tests' from command line to 'False'
[0.533s] DEBUG:colcon.colcon_core.verb:Building package 'perception_vision' with the following arguments: {'ament_cmake_args': None, 'build_base': '/home/devika/robo_ws/build/perception_vision', 'catkin_cmake_args': None, 'catkin_skip_building_tests': False, 'cmake_args': None, 'cmake_clean_cache': False, 'cmake_clean_first': False, 'cmake_force_configure': False, 'cmake_target': None, 'cmake_target_skip_unavailable': False, 'install_base': '/home/devika/robo_ws/install/perception_vision', 'merge_install': False, 'path': '/home/devika/robo_ws/src/perception_vision', 'symlink_install': False, 'test_result_base': None}
[0.534s] Level 5:colcon.colcon_core.verb:set package 'rviz_marker_tools' build argument 'cmake_args' from command line to 'None'
[0.534s] Level 5:colcon.colcon_core.verb:set package 'rviz_marker_tools' build argument 'cmake_target' from command line to 'None'
[0.534s] Level 5:colcon.colcon_core.verb:set package 'rviz_marker_tools' build argument 'cmake_target_skip_unavailable' from command line to 'False'
[0.534s] Level 5:colcon.colcon_core.verb:set package 'rviz_marker_tools' build argument 'cmake_clean_cache' from command line to 'False'
[0.534s] Level 5:colcon.colcon_core.verb:set package 'rviz_marker_tools' build argument 'cmake_clean_first' from command line to 'False'
[0.534s] Level 5:colcon.colcon_core.verb:set package 'rviz_marker_tools' build argument 'cmake_force_configure' from command line to 'False'
[0.534s] Level 5:colcon.colcon_core.verb:set package 'rviz_marker_tools' build argument 'ament_cmake_args' from command line to 'None'
[0.534s] Level 5:colcon.colcon_core.verb:set package 'rviz_marker_tools' build argument 'catkin_cmake_args' from command line to 'None'
[0.534s] Level 5:colcon.colcon_core.verb:set package 'rviz_marker_tools' build argument 'catkin_skip_building_tests' from command line to 'False'
[0.534s] DEBUG:colcon.colcon_core.verb:Building package 'rviz_marker_tools' with the following arguments: {'ament_cmake_args': None, 'build_base': '/home/devika/robo_ws/build/rviz_marker_tools', 'catkin_cmake_args': None, 'catkin_skip_building_tests': False, 'cmake_args': None, 'cmake_clean_cache': False, 'cmake_clean_first': False, 'cmake_force_configure': False, 'cmake_target': None, 'cmake_target_skip_unavailable': False, 'install_base': '/home/devika/robo_ws/install/rviz_marker_tools', 'merge_install': False, 'path': '/home/devika/robo_ws/src/moveit_task_constructor/rviz_marker_tools', 'symlink_install': False, 'test_result_base': None}
[0.534s] Level 5:colcon.colcon_core.verb:set package 'warehouse_ros_mongo' build argument 'cmake_args' from command line to 'None'
[0.534s] Level 5:colcon.colcon_core.verb:set package 'warehouse_ros_mongo' build argument 'cmake_target' from command line to 'None'
[0.534s] Level 5:colcon.colcon_core.verb:set package 'warehouse_ros_mongo' build argument 'cmake_target_skip_unavailable' from command line to 'False'
[0.534s] Level 5:colcon.colcon_core.verb:set package 'warehouse_ros_mongo' build argument 'cmake_clean_cache' from command line to 'False'
[0.534s] Level 5:colcon.colcon_core.verb:set package 'warehouse_ros_mongo' build argument 'cmake_clean_first' from command line to 'False'
[0.534s] Level 5:colcon.colcon_core.verb:set package 'warehouse_ros_mongo' build argument 'cmake_force_configure' from command line to 'False'
[0.534s] Level 5:colcon.colcon_core.verb:set package 'warehouse_ros_mongo' build argument 'ament_cmake_args' from command line to 'None'
[0.534s] Level 5:colcon.colcon_core.verb:set package 'warehouse_ros_mongo' build argument 'catkin_cmake_args' from command line to 'None'
[0.534s] Level 5:colcon.colcon_core.verb:set package 'warehouse_ros_mongo' build argument 'catkin_skip_building_tests' from command line to 'False'
[0.535s] DEBUG:colcon.colcon_core.verb:Building package 'warehouse_ros_mongo' with the following arguments: {'ament_cmake_args': None, 'build_base': '/home/devika/robo_ws/build/warehouse_ros_mongo', 'catkin_cmake_args': None, 'catkin_skip_building_tests': False, 'cmake_args': None, 'cmake_clean_cache': False, 'cmake_clean_first': False, 'cmake_force_configure': False, 'cmake_target': None, 'cmake_target_skip_unavailable': False, 'install_base': '/home/devika/robo_ws/install/warehouse_ros_mongo', 'merge_install': False, 'path': '/home/devika/robo_ws/src/warehouse_ros_mongo', 'symlink_install': False, 'test_result_base': None}
[0.535s] Level 5:colcon.colcon_core.verb:set package 'moveit_task_constructor_core' build argument 'cmake_args' from command line to 'None'
[0.535s] Level 5:colcon.colcon_core.verb:set package 'moveit_task_constructor_core' build argument 'cmake_target' from command line to 'None'
[0.535s] Level 5:colcon.colcon_core.verb:set package 'moveit_task_constructor_core' build argument 'cmake_target_skip_unavailable' from command line to 'False'
[0.535s] Level 5:colcon.colcon_core.verb:set package 'moveit_task_constructor_core' build argument 'cmake_clean_cache' from command line to 'False'
[0.535s] Level 5:colcon.colcon_core.verb:set package 'moveit_task_constructor_core' build argument 'cmake_clean_first' from command line to 'False'
[0.535s] Level 5:colcon.colcon_core.verb:set package 'moveit_task_constructor_core' build argument 'cmake_force_configure' from command line to 'False'
[0.535s] Level 5:colcon.colcon_core.verb:set package 'moveit_task_constructor_core' build argument 'ament_cmake_args' from command line to 'None'
[0.535s] Level 5:colcon.colcon_core.verb:set package 'moveit_task_constructor_core' build argument 'catkin_cmake_args' from command line to 'None'
[0.535s] Level 5:colcon.colcon_core.verb:set package 'moveit_task_constructor_core' build argument 'catkin_skip_building_tests' from command line to 'False'
[0.535s] DEBUG:colcon.colcon_core.verb:Building package 'moveit_task_constructor_core' with the following arguments: {'ament_cmake_args': None, 'build_base': '/home/devika/robo_ws/build/moveit_task_constructor_core', 'catkin_cmake_args': None, 'catkin_skip_building_tests': False, 'cmake_args': None, 'cmake_clean_cache': False, 'cmake_clean_first': False, 'cmake_force_configure': False, 'cmake_target': None, 'cmake_target_skip_unavailable': False, 'install_base': '/home/devika/robo_ws/install/moveit_task_constructor_core', 'merge_install': False, 'path': '/home/devika/robo_ws/src/moveit_task_constructor/core', 'symlink_install': False, 'test_result_base': None}
[0.536s] Level 5:colcon.colcon_core.verb:set package 'urdf_humble_test' build argument 'cmake_args' from command line to 'None'
[0.536s] Level 5:colcon.colcon_core.verb:set package 'urdf_humble_test' build argument 'cmake_target' from command line to 'None'
[0.536s] Level 5:colcon.colcon_core.verb:set package 'urdf_humble_test' build argument 'cmake_target_skip_unavailable' from command line to 'False'
[0.536s] Level 5:colcon.colcon_core.verb:set package 'urdf_humble_test' build argument 'cmake_clean_cache' from command line to 'False'
[0.536s] Level 5:colcon.colcon_core.verb:set package 'urdf_humble_test' build argument 'cmake_clean_first' from command line to 'False'
[0.536s] Level 5:colcon.colcon_core.verb:set package 'urdf_humble_test' build argument 'cmake_force_configure' from command line to 'False'
[0.536s] Level 5:colcon.colcon_core.verb:set package 'urdf_humble_test' build argument 'ament_cmake_args' from command line to 'None'
[0.536s] Level 5:colcon.colcon_core.verb:set package 'urdf_humble_test' build argument 'catkin_cmake_args' from command line to 'None'
[0.536s] Level 5:colcon.colcon_core.verb:set package 'urdf_humble_test' build argument 'catkin_skip_building_tests' from command line to 'False'
[0.536s] DEBUG:colcon.colcon_core.verb:Building package 'urdf_humble_test' with the following arguments: {'ament_cmake_args': None, 'build_base': '/home/devika/robo_ws/build/urdf_humble_test', 'catkin_cmake_args': None, 'catkin_skip_building_tests': False, 'cmake_args': None, 'cmake_clean_cache': False, 'cmake_clean_first': False, 'cmake_force_configure': False, 'cmake_target': None, 'cmake_target_skip_unavailable': False, 'install_base': '/home/devika/robo_ws/install/urdf_humble_test', 'merge_install': False, 'path': '/home/devika/robo_ws/src/urdf_humble_test', 'symlink_install': False, 'test_result_base': None}
[0.536s] Level 5:colcon.colcon_core.verb:set package 'hello_moveit_task_constructor' build argument 'cmake_args' from command line to 'None'
[0.536s] Level 5:colcon.colcon_core.verb:set package 'hello_moveit_task_constructor' build argument 'cmake_target' from command line to 'None'
[0.537s] Level 5:colcon.colcon_core.verb:set package 'hello_moveit_task_constructor' build argument 'cmake_target_skip_unavailable' from command line to 'False'
[0.537s] Level 5:colcon.colcon_core.verb:set package 'hello_moveit_task_constructor' build argument 'cmake_clean_cache' from command line to 'False'
[0.537s] Level 5:colcon.colcon_core.verb:set package 'hello_moveit_task_constructor' build argument 'cmake_clean_first' from command line to 'False'
[0.537s] Level 5:colcon.colcon_core.verb:set package 'hello_moveit_task_constructor' build argument 'cmake_force_configure' from command line to 'False'
[0.537s] Level 5:colcon.colcon_core.verb:set package 'hello_moveit_task_constructor' build argument 'ament_cmake_args' from command line to 'None'
[0.537s] Level 5:colcon.colcon_core.verb:set package 'hello_moveit_task_constructor' build argument 'catkin_cmake_args' from command line to 'None'
[0.537s] Level 5:colcon.colcon_core.verb:set package 'hello_moveit_task_constructor' build argument 'catkin_skip_building_tests' from command line to 'False'
[0.537s] DEBUG:colcon.colcon_core.verb:Building package 'hello_moveit_task_constructor' with the following arguments: {'ament_cmake_args': None, 'build_base': '/home/devika/robo_ws/build/hello_moveit_task_constructor', 'catkin_cmake_args': None, 'catkin_skip_building_tests': False, 'cmake_args': None, 'cmake_clean_cache': False, 'cmake_clean_first': False, 'cmake_force_configure': False, 'cmake_target': None, 'cmake_target_skip_unavailable': False, 'install_base': '/home/devika/robo_ws/install/hello_moveit_task_constructor', 'merge_install': False, 'path': '/home/devika/robo_ws/src/hello_moveit_task_constructor', 'symlink_install': False, 'test_result_base': None}
[0.537s] Level 5:colcon.colcon_core.verb:set package 'moveit_task_constructor_capabilities' build argument 'cmake_args' from command line to 'None'
[0.537s] Level 5:colcon.colcon_core.verb:set package 'moveit_task_constructor_capabilities' build argument 'cmake_target' from command line to 'None'
[0.537s] Level 5:colcon.colcon_core.verb:set package 'moveit_task_constructor_capabilities' build argument 'cmake_target_skip_unavailable' from command line to 'False'
[0.537s] Level 5:colcon.colcon_core.verb:set package 'moveit_task_constructor_capabilities' build argument 'cmake_clean_cache' from command line to 'False'
[0.537s] Level 5:colcon.colcon_core.verb:set package 'moveit_task_constructor_capabilities' build argument 'cmake_clean_first' from command line to 'False'
[0.537s] Level 5:colcon.colcon_core.verb:set package 'moveit_task_constructor_capabilities' build argument 'cmake_force_configure' from command line to 'False'
[0.537s] Level 5:colcon.colcon_core.verb:set package 'moveit_task_constructor_capabilities' build argument 'ament_cmake_args' from command line to 'None'
[0.537s] Level 5:colcon.colcon_core.verb:set package 'moveit_task_constructor_capabilities' build argument 'catkin_cmake_args' from command line to 'None'
[0.537s] Level 5:colcon.colcon_core.verb:set package 'moveit_task_constructor_capabilities' build argument 'catkin_skip_building_tests' from command line to 'False'
[0.537s] DEBUG:colcon.colcon_core.verb:Building package 'moveit_task_constructor_capabilities' with the following arguments: {'ament_cmake_args': None, 'build_base': '/home/devika/robo_ws/build/moveit_task_constructor_capabilities', 'catkin_cmake_args': None, 'catkin_skip_building_tests': False, 'cmake_args': None, 'cmake_clean_cache': False, 'cmake_clean_first': False, 'cmake_force_configure': False, 'cmake_target': None, 'cmake_target_skip_unavailable': False, 'install_base': '/home/devika/robo_ws/install/moveit_task_constructor_capabilities', 'merge_install': False, 'path': '/home/devika/robo_ws/src/moveit_task_constructor/capabilities', 'symlink_install': False, 'test_result_base': None}
[0.538s] Level 5:colcon.colcon_core.verb:set package 'moveit_task_constructor_visualization' build argument 'cmake_args' from command line to 'None'
[0.538s] Level 5:colcon.colcon_core.verb:set package 'moveit_task_constructor_visualization' build argument 'cmake_target' from command line to 'None'
[0.538s] Level 5:colcon.colcon_core.verb:set package 'moveit_task_constructor_visualization' build argument 'cmake_target_skip_unavailable' from command line to 'False'
[0.538s] Level 5:colcon.colcon_core.verb:set package 'moveit_task_constructor_visualization' build argument 'cmake_clean_cache' from command line to 'False'
[0.538s] Level 5:colcon.colcon_core.verb:set package 'moveit_task_constructor_visualization' build argument 'cmake_clean_first' from command line to 'False'
[0.538s] Level 5:colcon.colcon_core.verb:set package 'moveit_task_constructor_visualization' build argument 'cmake_force_configure' from command line to 'False'
[0.538s] Level 5:colcon.colcon_core.verb:set package 'moveit_task_constructor_visualization' build argument 'ament_cmake_args' from command line to 'None'
[0.538s] Level 5:colcon.colcon_core.verb:set package 'moveit_task_constructor_visualization' build argument 'catkin_cmake_args' from command line to 'None'
[0.538s] Level 5:colcon.colcon_core.verb:set package 'moveit_task_constructor_visualization' build argument 'catkin_skip_building_tests' from command line to 'False'
[0.538s] DEBUG:colcon.colcon_core.verb:Building package 'moveit_task_constructor_visualization' with the following arguments: {'ament_cmake_args': None, 'build_base': '/home/devika/robo_ws/build/moveit_task_constructor_visualization', 'catkin_cmake_args': None, 'catkin_skip_building_tests': False, 'cmake_args': None, 'cmake_clean_cache': False, 'cmake_clean_first': False, 'cmake_force_configure': False, 'cmake_target': None, 'cmake_target_skip_unavailable': False, 'install_base': '/home/devika/robo_ws/install/moveit_task_constructor_visualization', 'merge_install': False, 'path': '/home/devika/robo_ws/src/moveit_task_constructor/visualization', 'symlink_install': False, 'test_result_base': None}
[0.538s] Level 5:colcon.colcon_core.verb:set package 'urdf_humble_test_moveit_config' build argument 'cmake_args' from command line to 'None'
[0.539s] Level 5:colcon.colcon_core.verb:set package 'urdf_humble_test_moveit_config' build argument 'cmake_target' from command line to 'None'
[0.539s] Level 5:colcon.colcon_core.verb:set package 'urdf_humble_test_moveit_config' build argument 'cmake_target_skip_unavailable' from command line to 'False'
[0.539s] Level 5:colcon.colcon_core.verb:set package 'urdf_humble_test_moveit_config' build argument 'cmake_clean_cache' from command line to 'False'
[0.539s] Level 5:colcon.colcon_core.verb:set package 'urdf_humble_test_moveit_config' build argument 'cmake_clean_first' from command line to 'False'
[0.539s] Level 5:colcon.colcon_core.verb:set package 'urdf_humble_test_moveit_config' build argument 'cmake_force_configure' from command line to 'False'
[0.539s] Level 5:colcon.colcon_core.verb:set package 'urdf_humble_test_moveit_config' build argument 'ament_cmake_args' from command line to 'None'
[0.539s] Level 5:colcon.colcon_core.verb:set package 'urdf_humble_test_moveit_config' build argument 'catkin_cmake_args' from command line to 'None'
[0.539s] Level 5:colcon.colcon_core.verb:set package 'urdf_humble_test_moveit_config' build argument 'catkin_skip_building_tests' from command line to 'False'
[0.539s] DEBUG:colcon.colcon_core.verb:Building package 'urdf_humble_test_moveit_config' with the following arguments: {'ament_cmake_args': None, 'build_base': '/home/devika/robo_ws/build/urdf_humble_test_moveit_config', 'catkin_cmake_args': None, 'catkin_skip_building_tests': False, 'cmake_args': None, 'cmake_clean_cache': False, 'cmake_clean_first': False, 'cmake_force_configure': False, 'cmake_target': None, 'cmake_target_skip_unavailable': False, 'install_base': '/home/devika/robo_ws/install/urdf_humble_test_moveit_config', 'merge_install': False, 'path': '/home/devika/robo_ws/src/urdf_humble_test_moveit_config', 'symlink_install': False, 'test_result_base': None}
[0.539s] Level 5:colcon.colcon_core.verb:set package 'moveit_task_constructor_demo' build argument 'cmake_args' from command line to 'None'
[0.539s] Level 5:colcon.colcon_core.verb:set package 'moveit_task_constructor_demo' build argument 'cmake_target' from command line to 'None'
[0.539s] Level 5:colcon.colcon_core.verb:set package 'moveit_task_constructor_demo' build argument 'cmake_target_skip_unavailable' from command line to 'False'
[0.539s] Level 5:colcon.colcon_core.verb:set package 'moveit_task_constructor_demo' build argument 'cmake_clean_cache' from command line to 'False'
[0.539s] Level 5:colcon.colcon_core.verb:set package 'moveit_task_constructor_demo' build argument 'cmake_clean_first' from command line to 'False'
[0.539s] Level 5:colcon.colcon_core.verb:set package 'moveit_task_constructor_demo' build argument 'cmake_force_configure' from command line to 'False'
[0.539s] Level 5:colcon.colcon_core.verb:set package 'moveit_task_constructor_demo' build argument 'ament_cmake_args' from command line to 'None'
[0.539s] Level 5:colcon.colcon_core.verb:set package 'moveit_task_constructor_demo' build argument 'catkin_cmake_args' from command line to 'None'
[0.539s] Level 5:colcon.colcon_core.verb:set package 'moveit_task_constructor_demo' build argument 'catkin_skip_building_tests' from command line to 'False'
[0.539s] DEBUG:colcon.colcon_core.verb:Building package 'moveit_task_constructor_demo' with the following arguments: {'ament_cmake_args': None, 'build_base': '/home/devika/robo_ws/build/moveit_task_constructor_demo', 'catkin_cmake_args': None, 'catkin_skip_building_tests': False, 'cmake_args': None, 'cmake_clean_cache': False, 'cmake_clean_first': False, 'cmake_force_configure': False, 'cmake_target': None, 'cmake_target_skip_unavailable': False, 'install_base': '/home/devika/robo_ws/install/moveit_task_constructor_demo', 'merge_install': False, 'path': '/home/devika/robo_ws/src/moveit_task_constructor/demo', 'symlink_install': False, 'test_result_base': None}
[0.540s] INFO:colcon.colcon_core.executor:Executing jobs using 'parallel' executor
[0.541s] DEBUG:colcon.colcon_parallel_executor.executor.parallel:run_until_complete
[0.541s] INFO:colcon.colcon_ros.task.ament_cmake.build:Building ROS package in '/home/devika/robo_ws/src/moveit_task_constructor/msgs' with build type 'ament_cmake'
[0.542s] INFO:colcon.colcon_cmake.task.cmake.build:Building CMake package in '/home/devika/robo_ws/src/moveit_task_constructor/msgs'
[0.545s] INFO:colcon.colcon_core.plugin_system:Skipping extension 'colcon_core.shell.bat': Not used on non-Windows systems
[0.545s] INFO:colcon.colcon_core.shell:Skip shell extension 'powershell' for command environment: Not usable outside of PowerShell
[0.546s] DEBUG:colcon.colcon_core.shell:Skip shell extension 'dsv' for command environment
[0.553s] INFO:colcon.colcon_ros.task.ament_cmake.build:Building ROS package in '/home/devika/robo_ws/src/moveit_task_constructor/rviz_marker_tools' with build type 'ament_cmake'
[0.553s] INFO:colcon.colcon_cmake.task.cmake.build:Building CMake package in '/home/devika/robo_ws/src/moveit_task_constructor/rviz_marker_tools'
[0.554s] INFO:colcon.colcon_core.shell:Skip shell extension 'powershell' for command environment: Not usable outside of PowerShell
[0.554s] DEBUG:colcon.colcon_core.shell:Skip shell extension 'dsv' for command environment
[0.561s] INFO:colcon.colcon_ros.task.ament_cmake.build:Building ROS package in '/home/devika/robo_ws/src/gazebo_ros2_control' with build type 'ament_cmake'
[0.561s] INFO:colcon.colcon_cmake.task.cmake.build:Building CMake package in '/home/devika/robo_ws/src/gazebo_ros2_control'
[0.562s] INFO:colcon.colcon_core.shell:Skip shell extension 'powershell' for command environment: Not usable outside of PowerShell
[0.562s] DEBUG:colcon.colcon_core.shell:Skip shell extension 'dsv' for command environment
[0.569s] INFO:colcon.colcon_ros.task.ament_cmake.build:Building ROS package in '/home/devika/robo_ws/src/warehouse_ros_mongo' with build type 'ament_cmake'
[0.569s] INFO:colcon.colcon_cmake.task.cmake.build:Building CMake package in '/home/devika/robo_ws/src/warehouse_ros_mongo'
[0.570s] INFO:colcon.colcon_core.shell:Skip shell extension 'powershell' for command environment: Not usable outside of PowerShell
[0.570s] DEBUG:colcon.colcon_core.shell:Skip shell extension 'dsv' for command environment
[0.577s] INFO:colcon.colcon_ros.task.ament_python.build:Building ROS package in '/home/devika/robo_ws/src/cylinder_position_estimator' with build type 'ament_python'
[0.578s] Level 1:colcon.colcon_core.shell:create_environment_hook('cylinder_position_estimator', 'ament_prefix_path')
[0.578s] INFO:colcon.colcon_core.shell:Creating environment hook '/home/devika/robo_ws/install/cylinder_position_estimator/share/cylinder_position_estimator/hook/ament_prefix_path.ps1'
[0.579s] INFO:colcon.colcon_core.shell:Creating environment descriptor '/home/devika/robo_ws/install/cylinder_position_estimator/share/cylinder_position_estimator/hook/ament_prefix_path.dsv'
[0.579s] INFO:colcon.colcon_core.shell:Creating environment hook '/home/devika/robo_ws/install/cylinder_position_estimator/share/cylinder_position_estimator/hook/ament_prefix_path.sh'
[0.580s] INFO:colcon.colcon_core.shell:Skip shell extension 'powershell' for command environment: Not usable outside of PowerShell
[0.580s] DEBUG:colcon.colcon_core.shell:Skip shell extension 'dsv' for command environment
[0.587s] INFO:colcon.colcon_ros.task.ament_cmake.build:Building ROS package in '/home/devika/robo_ws/src/hello_moveit' with build type 'ament_cmake'
[0.587s] INFO:colcon.colcon_cmake.task.cmake.build:Building CMake package in '/home/devika/robo_ws/src/hello_moveit'
[0.588s] INFO:colcon.colcon_core.shell:Skip shell extension 'powershell' for command environment: Not usable outside of PowerShell
[0.588s] DEBUG:colcon.colcon_core.shell:Skip shell extension 'dsv' for command environment
[0.595s] INFO:colcon.colcon_ros.task.ament_python.build:Building ROS package in '/home/devika/robo_ws/src/perception_vision' with build type 'ament_python'
[0.596s] Level 1:colcon.colcon_core.shell:create_environment_hook('perception_vision', 'ament_prefix_path')
[0.596s] INFO:colcon.colcon_core.shell:Creating environment hook '/home/devika/robo_ws/install/perception_vision/share/perception_vision/hook/ament_prefix_path.ps1'
[0.597s] INFO:colcon.colcon_core.shell:Creating environment descriptor '/home/devika/robo_ws/install/perception_vision/share/perception_vision/hook/ament_prefix_path.dsv'
[0.597s] INFO:colcon.colcon_core.shell:Creating environment hook '/home/devika/robo_ws/install/perception_vision/share/perception_vision/hook/ament_prefix_path.sh'
[0.598s] INFO:colcon.colcon_core.shell:Skip shell extension 'powershell' for command environment: Not usable outside of PowerShell
[0.598s] DEBUG:colcon.colcon_core.shell:Skip shell extension 'dsv' for command environment
[0.614s] DEBUG:colcon.colcon_core.event_handler.log_command:Invoking command in '/home/devika/robo_ws/build/moveit_task_constructor_msgs': CMAKE_PREFIX_PATH=${CMAKE_PREFIX_PATH}:/home/devika/robo_ws/install/perception_vision:/home/devika/robo_ws/install/cylinder_position_estimator:/opt/ros/humble /usr/bin/cmake --build /home/devika/robo_ws/build/moveit_task_constructor_msgs
[0.619s] DEBUG:colcon.colcon_core.event_handler.log_command:Invoking command in '/home/devika/robo_ws/build/rviz_marker_tools': CMAKE_PREFIX_PATH=${CMAKE_PREFIX_PATH}:/home/devika/robo_ws/install/perception_vision:/home/devika/robo_ws/install/cylinder_position_estimator:/opt/ros/humble /usr/bin/cmake --build /home/devika/robo_ws/build/rviz_marker_tools
[0.623s] DEBUG:colcon.colcon_core.event_handler.log_command:Invoking command in '/home/devika/robo_ws/build/gazebo_ros2_control': CMAKE_PREFIX_PATH=${CMAKE_PREFIX_PATH}:/home/devika/robo_ws/install/perception_vision:/home/devika/robo_ws/install/cylinder_position_estimator:/opt/ros/humble /usr/bin/cmake --build /home/devika/robo_ws/build/gazebo_ros2_control
[0.629s] DEBUG:colcon.colcon_core.event_handler.log_command:Invoking command in '/home/devika/robo_ws/build/warehouse_ros_mongo': CMAKE_PREFIX_PATH=${CMAKE_PREFIX_PATH}:/home/devika/robo_ws/install/perception_vision:/home/devika/robo_ws/install/cylinder_position_estimator:/opt/ros/humble /usr/bin/cmake --build /home/devika/robo_ws/build/warehouse_ros_mongo
[1.087s] INFO:colcon.colcon_core.task.python.build:Building Python package in '/home/devika/robo_ws/src/cylinder_position_estimator'
[1.088s] INFO:colcon.colcon_core.shell:Skip shell extension 'powershell' for command environment: Not usable outside of PowerShell
[1.088s] DEBUG:colcon.colcon_core.shell:Skip shell extension 'dsv' for command environment
[1.106s] DEBUG:colcon.colcon_core.event_handler.log_command:Invoking command in '/home/devika/robo_ws/build/hello_moveit': CMAKE_PREFIX_PATH=${CMAKE_PREFIX_PATH}:/home/devika/robo_ws/install/perception_vision:/home/devika/robo_ws/install/cylinder_position_estimator:/opt/ros/humble /usr/bin/cmake --build /home/devika/robo_ws/build/hello_moveit
[1.559s] INFO:colcon.colcon_core.task.python.build:Building Python package in '/home/devika/robo_ws/src/perception_vision'
[1.560s] INFO:colcon.colcon_core.shell:Skip shell extension 'powershell' for command environment: Not usable outside of PowerShell
[1.560s] DEBUG:colcon.colcon_core.shell:Skip shell extension 'dsv' for command environment
[1.578s] DEBUG:colcon.colcon_core.event_handler.log_command:Invoked command in '/home/devika/robo_ws/build/rviz_marker_tools' returned '0': CMAKE_PREFIX_PATH=${CMAKE_PREFIX_PATH}:/home/devika/robo_ws/install/perception_vision:/home/devika/robo_ws/install/cylinder_position_estimator:/opt/ros/humble /usr/bin/cmake --build /home/devika/robo_ws/build/rviz_marker_tools
[1.599s] DEBUG:colcon.colcon_core.event_handler.log_command:Invoking command in '/home/devika/robo_ws/build/rviz_marker_tools': CMAKE_PREFIX_PATH=${CMAKE_PREFIX_PATH}:/home/devika/robo_ws/install/perception_vision:/home/devika/robo_ws/install/cylinder_position_estimator:/opt/ros/humble /usr/bin/cmake --install /home/devika/robo_ws/build/rviz_marker_tools
[1.604s] DEBUG:colcon.colcon_core.event_handler.log_command:Invoked command in '/home/devika/robo_ws/build/gazebo_ros2_control' returned '0': CMAKE_PREFIX_PATH=${CMAKE_PREFIX_PATH}:/home/devika/robo_ws/install/perception_vision:/home/devika/robo_ws/install/cylinder_position_estimator:/opt/ros/humble /usr/bin/cmake --build /home/devika/robo_ws/build/gazebo_ros2_control
[1.608s] DEBUG:colcon.colcon_core.event_handler.log_command:Invoking command in '/home/devika/robo_ws/build/gazebo_ros2_control': CMAKE_PREFIX_PATH=${CMAKE_PREFIX_PATH}:/home/devika/robo_ws/install/perception_vision:/home/devika/robo_ws/install/cylinder_position_estimator:/opt/ros/humble /usr/bin/cmake --install /home/devika/robo_ws/build/gazebo_ros2_control
[1.611s] DEBUG:colcon.colcon_core.event_handler.log_command:Invoked command in '/home/devika/robo_ws/build/warehouse_ros_mongo' returned '0': CMAKE_PREFIX_PATH=${CMAKE_PREFIX_PATH}:/home/devika/robo_ws/install/perception_vision:/home/devika/robo_ws/install/cylinder_position_estimator:/opt/ros/humble /usr/bin/cmake --build /home/devika/robo_ws/build/warehouse_ros_mongo
[1.615s] DEBUG:colcon.colcon_core.event_handler.log_command:Invoking command in '/home/devika/robo_ws/build/warehouse_ros_mongo': CMAKE_PREFIX_PATH=${CMAKE_PREFIX_PATH}:/home/devika/robo_ws/install/perception_vision:/home/devika/robo_ws/install/cylinder_position_estimator:/opt/ros/humble /usr/bin/cmake --install /home/devika/robo_ws/build/warehouse_ros_mongo
[1.624s] DEBUG:colcon.colcon_core.event_handler.log_command:Invoked command in '/home/devika/robo_ws/build/hello_moveit' returned '0': CMAKE_PREFIX_PATH=${CMAKE_PREFIX_PATH}:/home/devika/robo_ws/install/perception_vision:/home/devika/robo_ws/install/cylinder_position_estimator:/opt/ros/humble /usr/bin/cmake --build /home/devika/robo_ws/build/hello_moveit
[1.627s] DEBUG:colcon.colcon_core.event_handler.log_command:Invoking command in '/home/devika/robo_ws/build/hello_moveit': CMAKE_PREFIX_PATH=${CMAKE_PREFIX_PATH}:/home/devika/robo_ws/install/perception_vision:/home/devika/robo_ws/install/cylinder_position_estimator:/opt/ros/humble /usr/bin/cmake --install /home/devika/robo_ws/build/hello_moveit
[1.635s] Level 1:colcon.colcon_core.environment:create_environment_scripts_only(rviz_marker_tools)
[1.642s] DEBUG:colcon.colcon_core.event_handler.log_command:Invoked command in '/home/devika/robo_ws/build/rviz_marker_tools' returned '0': CMAKE_PREFIX_PATH=${CMAKE_PREFIX_PATH}:/home/devika/robo_ws/install/perception_vision:/home/devika/robo_ws/install/cylinder_position_estimator:/opt/ros/humble /usr/bin/cmake --install /home/devika/robo_ws/build/rviz_marker_tools
[1.648s] Level 1:colcon.colcon_core.environment:checking '/home/devika/robo_ws/install/rviz_marker_tools' for CMake module files
[1.649s] Level 1:colcon.colcon_core.environment:checking '/home/devika/robo_ws/install/rviz_marker_tools' for CMake config files
[1.649s] Level 1:colcon.colcon_core.shell:create_environment_hook('rviz_marker_tools', 'cmake_prefix_path')
[1.650s] INFO:colcon.colcon_core.shell:Creating environment hook '/home/devika/robo_ws/install/rviz_marker_tools/share/rviz_marker_tools/hook/cmake_prefix_path.ps1'
[1.651s] INFO:colcon.colcon_core.shell:Creating environment descriptor '/home/devika/robo_ws/install/rviz_marker_tools/share/rviz_marker_tools/hook/cmake_prefix_path.dsv'
[1.651s] INFO:colcon.colcon_core.shell:Creating environment hook '/home/devika/robo_ws/install/rviz_marker_tools/share/rviz_marker_tools/hook/cmake_prefix_path.sh'
[1.652s] Level 1:colcon.colcon_core.environment:checking '/home/devika/robo_ws/install/rviz_marker_tools/lib'
[1.653s] Level 1:colcon.colcon_core.shell:create_environment_hook('rviz_marker_tools', 'ld_library_path_lib')
[1.653s] INFO:colcon.colcon_core.shell:Creating environment hook '/home/devika/robo_ws/install/rviz_marker_tools/share/rviz_marker_tools/hook/ld_library_path_lib.ps1'
[1.654s] INFO:colcon.colcon_core.shell:Creating environment descriptor '/home/devika/robo_ws/install/rviz_marker_tools/share/rviz_marker_tools/hook/ld_library_path_lib.dsv'
[1.655s] INFO:colcon.colcon_core.shell:Creating environment hook '/home/devika/robo_ws/install/rviz_marker_tools/share/rviz_marker_tools/hook/ld_library_path_lib.sh'
[1.655s] Level 1:colcon.colcon_core.environment:checking '/home/devika/robo_ws/install/rviz_marker_tools/bin'
[1.655s] Level 1:colcon.colcon_core.environment:checking '/home/devika/robo_ws/install/rviz_marker_tools/lib/pkgconfig/rviz_marker_tools.pc'
[1.656s] Level 1:colcon.colcon_core.environment:checking '/home/devika/robo_ws/install/rviz_marker_tools/lib/python3.10/site-packages'
[1.656s] Level 1:colcon.colcon_core.environment:checking '/home/devika/robo_ws/install/rviz_marker_tools/bin'
[1.657s] INFO:colcon.colcon_core.shell:Creating package script '/home/devika/robo_ws/install/rviz_marker_tools/share/rviz_marker_tools/package.ps1'
[1.658s] INFO:colcon.colcon_core.shell:Creating package descriptor '/home/devika/robo_ws/install/rviz_marker_tools/share/rviz_marker_tools/package.dsv'
[1.659s] INFO:colcon.colcon_core.shell:Creating package script '/home/devika/robo_ws/install/rviz_marker_tools/share/rviz_marker_tools/package.sh'
[1.661s] INFO:colcon.colcon_core.shell:Creating package script '/home/devika/robo_ws/install/rviz_marker_tools/share/rviz_marker_tools/package.bash'
[1.662s] INFO:colcon.colcon_core.shell:Creating package script '/home/devika/robo_ws/install/rviz_marker_tools/share/rviz_marker_tools/package.zsh'
[1.663s] Level 1:colcon.colcon_core.environment:create_file_with_runtime_dependencies(/home/devika/robo_ws/install/rviz_marker_tools/share/colcon-core/packages/rviz_marker_tools)
[1.664s] Level 1:colcon.colcon_core.environment:create_environment_scripts_only(rviz_marker_tools)
[1.664s] Level 1:colcon.colcon_core.environment:checking '/home/devika/robo_ws/install/rviz_marker_tools' for CMake module files
[1.665s] Level 1:colcon.colcon_core.environment:checking '/home/devika/robo_ws/install/rviz_marker_tools' for CMake config files
[1.665s] Level 1:colcon.colcon_core.shell:create_environment_hook('rviz_marker_tools', 'cmake_prefix_path')
[1.665s] INFO:colcon.colcon_core.shell:Creating environment hook '/home/devika/robo_ws/install/rviz_marker_tools/share/rviz_marker_tools/hook/cmake_prefix_path.ps1'
[1.666s] INFO:colcon.colcon_core.shell:Creating environment descriptor '/home/devika/robo_ws/install/rviz_marker_tools/share/rviz_marker_tools/hook/cmake_prefix_path.dsv'
[1.667s] INFO:colcon.colcon_core.shell:Creating environment hook '/home/devika/robo_ws/install/rviz_marker_tools/share/rviz_marker_tools/hook/cmake_prefix_path.sh'
[1.668s] Level 1:colcon.colcon_core.environment:checking '/home/devika/robo_ws/install/rviz_marker_tools/lib'
[1.668s] Level 1:colcon.colcon_core.shell:create_environment_hook('rviz_marker_tools', 'ld_library_path_lib')
[1.668s] INFO:colcon.colcon_core.shell:Creating environment hook '/home/devika/robo_ws/install/rviz_marker_tools/share/rviz_marker_tools/hook/ld_library_path_lib.ps1'
[1.669s] INFO:colcon.colcon_core.shell:Creating environment descriptor '/home/devika/robo_ws/install/rviz_marker_tools/share/rviz_marker_tools/hook/ld_library_path_lib.dsv'
[1.670s] INFO:colcon.colcon_core.shell:Creating environment hook '/home/devika/robo_ws/install/rviz_marker_tools/share/rviz_marker_tools/hook/ld_library_path_lib.sh'
[1.671s] Level 1:colcon.colcon_core.environment:checking '/home/devika/robo_ws/install/rviz_marker_tools/bin'
[1.671s] Level 1:colcon.colcon_core.environment:checking '/home/devika/robo_ws/install/rviz_marker_tools/lib/pkgconfig/rviz_marker_tools.pc'
[1.672s] Level 1:colcon.colcon_core.environment:checking '/home/devika/robo_ws/install/rviz_marker_tools/lib/python3.10/site-packages'
[1.672s] Level 1:colcon.colcon_core.environment:checking '/home/devika/robo_ws/install/rviz_marker_tools/bin'
[1.673s] INFO:colcon.colcon_core.shell:Creating package script '/home/devika/robo_ws/install/rviz_marker_tools/share/rviz_marker_tools/package.ps1'
[1.674s] INFO:colcon.colcon_core.shell:Creating package descriptor '/home/devika/robo_ws/install/rviz_marker_tools/share/rviz_marker_tools/package.dsv'
[1.674s] INFO:colcon.colcon_core.shell:Creating package script '/home/devika/robo_ws/install/rviz_marker_tools/share/rviz_marker_tools/package.sh'
[1.675s] INFO:colcon.colcon_core.shell:Creating package script '/home/devika/robo_ws/install/rviz_marker_tools/share/rviz_marker_tools/package.bash'
[1.676s] INFO:colcon.colcon_core.shell:Creating package script '/home/devika/robo_ws/install/rviz_marker_tools/share/rviz_marker_tools/package.zsh'
[1.677s] Level 1:colcon.colcon_core.environment:create_file_with_runtime_dependencies(/home/devika/robo_ws/install/rviz_marker_tools/share/colcon-core/packages/rviz_marker_tools)
[1.679s] Level 1:colcon.colcon_core.environment:create_environment_scripts_only(gazebo_ros2_control)
[1.679s] Level 1:colcon.colcon_core.environment:checking '/home/devika/robo_ws/install/gazebo_ros2_control' for CMake module files
[1.681s] DEBUG:colcon.colcon_core.event_handler.log_command:Invoked command in '/home/devika/robo_ws/build/gazebo_ros2_control' returned '0': CMAKE_PREFIX_PATH=${CMAKE_PREFIX_PATH}:/home/devika/robo_ws/install/perception_vision:/home/devika/robo_ws/install/cylinder_position_estimator:/opt/ros/humble /usr/bin/cmake --install /home/devika/robo_ws/build/gazebo_ros2_control
[1.682s] Level 1:colcon.colcon_core.environment:checking '/home/devika/robo_ws/install/gazebo_ros2_control' for CMake config files
[1.682s] Level 1:colcon.colcon_core.shell:create_environment_hook('gazebo_ros2_control', 'cmake_prefix_path')
[1.683s] INFO:colcon.colcon_core.shell:Creating environment hook '/home/devika/robo_ws/install/gazebo_ros2_control/share/gazebo_ros2_control/hook/cmake_prefix_path.ps1'
[1.684s] INFO:colcon.colcon_core.shell:Creating environment descriptor '/home/devika/robo_ws/install/gazebo_ros2_control/share/gazebo_ros2_control/hook/cmake_prefix_path.dsv'
[1.684s] INFO:colcon.colcon_core.shell:Creating environment hook '/home/devika/robo_ws/install/gazebo_ros2_control/share/gazebo_ros2_control/hook/cmake_prefix_path.sh'
[1.686s] Level 1:colcon.colcon_core.environment:checking '/home/devika/robo_ws/install/gazebo_ros2_control/lib'
[1.686s] Level 1:colcon.colcon_core.shell:create_environment_hook('gazebo_ros2_control', 'ld_library_path_lib')
[1.687s] INFO:colcon.colcon_core.shell:Creating environment hook '/home/devika/robo_ws/install/gazebo_ros2_control/share/gazebo_ros2_control/hook/ld_library_path_lib.ps1'
[1.688s] INFO:colcon.colcon_core.shell:Creating environment descriptor '/home/devika/robo_ws/install/gazebo_ros2_control/share/gazebo_ros2_control/hook/ld_library_path_lib.dsv'
[1.689s] INFO:colcon.colcon_core.shell:Creating environment hook '/home/devika/robo_ws/install/gazebo_ros2_control/share/gazebo_ros2_control/hook/ld_library_path_lib.sh'
[1.690s] Level 1:colcon.colcon_core.environment:checking '/home/devika/robo_ws/install/gazebo_ros2_control/bin'
[1.690s] Level 1:colcon.colcon_core.environment:checking '/home/devika/robo_ws/install/gazebo_ros2_control/lib/pkgconfig/gazebo_ros2_control.pc'
[1.690s] Level 1:colcon.colcon_core.environment:checking '/home/devika/robo_ws/install/gazebo_ros2_control/lib/python3.10/site-packages'
[1.691s] Level 1:colcon.colcon_core.environment:checking '/home/devika/robo_ws/install/gazebo_ros2_control/bin'
[1.692s] INFO:colcon.colcon_core.shell:Creating package script '/home/devika/robo_ws/install/gazebo_ros2_control/share/gazebo_ros2_control/package.ps1'
[1.693s] INFO:colcon.colcon_core.shell:Creating package descriptor '/home/devika/robo_ws/install/gazebo_ros2_control/share/gazebo_ros2_control/package.dsv'
[1.694s] INFO:colcon.colcon_core.shell:Creating package script '/home/devika/robo_ws/install/gazebo_ros2_control/share/gazebo_ros2_control/package.sh'
[1.695s] INFO:colcon.colcon_core.shell:Creating package script '/home/devika/robo_ws/install/gazebo_ros2_control/share/gazebo_ros2_control/package.bash'
[1.696s] INFO:colcon.colcon_core.shell:Creating package script '/home/devika/robo_ws/install/gazebo_ros2_control/share/gazebo_ros2_control/package.zsh'
[1.697s] Level 1:colcon.colcon_core.environment:create_file_with_runtime_dependencies(/home/devika/robo_ws/install/gazebo_ros2_control/share/colcon-core/packages/gazebo_ros2_control)
[1.698s] Level 1:colcon.colcon_core.environment:create_environment_scripts_only(gazebo_ros2_control)
[1.698s] Level 1:colcon.colcon_core.environment:checking '/home/devika/robo_ws/install/gazebo_ros2_control' for CMake module files
[1.699s] Level 1:colcon.colcon_core.environment:checking '/home/devika/robo_ws/install/gazebo_ros2_control' for CMake config files
[1.699s] Level 1:colcon.colcon_core.shell:create_environment_hook('gazebo_ros2_control', 'cmake_prefix_path')
[1.700s] INFO:colcon.colcon_core.shell:Creating environment hook '/home/devika/robo_ws/install/gazebo_ros2_control/share/gazebo_ros2_control/hook/cmake_prefix_path.ps1'
[1.706s] INFO:colcon.colcon_core.shell:Creating environment descriptor '/home/devika/robo_ws/install/gazebo_ros2_control/share/gazebo_ros2_control/hook/cmake_prefix_path.dsv'
[1.709s] INFO:colcon.colcon_core.shell:Creating environment hook '/home/devika/robo_ws/install/gazebo_ros2_control/share/gazebo_ros2_control/hook/cmake_prefix_path.sh'
[1.712s] Level 1:colcon.colcon_core.environment:checking '/home/devika/robo_ws/install/gazebo_ros2_control/lib'
[1.714s] Level 1:colcon.colcon_core.shell:create_environment_hook('gazebo_ros2_control', 'ld_library_path_lib')
[1.715s] INFO:colcon.colcon_core.shell:Creating environment hook '/home/devika/robo_ws/install/gazebo_ros2_control/share/gazebo_ros2_control/hook/ld_library_path_lib.ps1'
[1.716s] INFO:colcon.colcon_core.shell:Creating environment descriptor '/home/devika/robo_ws/install/gazebo_ros2_control/share/gazebo_ros2_control/hook/ld_library_path_lib.dsv'
[1.717s] INFO:colcon.colcon_core.shell:Creating environment hook '/home/devika/robo_ws/install/gazebo_ros2_control/share/gazebo_ros2_control/hook/ld_library_path_lib.sh'
[1.718s] Level 1:colcon.colcon_core.environment:checking '/home/devika/robo_ws/install/gazebo_ros2_control/bin'
[1.718s] Level 1:colcon.colcon_core.environment:checking '/home/devika/robo_ws/install/gazebo_ros2_control/lib/pkgconfig/gazebo_ros2_control.pc'
[1.718s] Level 1:colcon.colcon_core.environment:checking '/home/devika/robo_ws/install/gazebo_ros2_control/lib/python3.10/site-packages'
[1.719s] Level 1:colcon.colcon_core.environment:checking '/home/devika/robo_ws/install/gazebo_ros2_control/bin'
[1.719s] INFO:colcon.colcon_core.shell:Creating package script '/home/devika/robo_ws/install/gazebo_ros2_control/share/gazebo_ros2_control/package.ps1'
[1.721s] INFO:colcon.colcon_core.shell:Creating package descriptor '/home/devika/robo_ws/install/gazebo_ros2_control/share/gazebo_ros2_control/package.dsv'
[1.722s] INFO:colcon.colcon_core.shell:Creating package script '/home/devika/robo_ws/install/gazebo_ros2_control/share/gazebo_ros2_control/package.sh'
[1.723s] INFO:colcon.colcon_core.shell:Creating package script '/home/devika/robo_ws/install/gazebo_ros2_control/share/gazebo_ros2_control/package.bash'
[1.723s] INFO:colcon.colcon_core.shell:Creating package script '/home/devika/robo_ws/install/gazebo_ros2_control/share/gazebo_ros2_control/package.zsh'
[1.724s] Level 1:colcon.colcon_core.environment:create_file_with_runtime_dependencies(/home/devika/robo_ws/install/gazebo_ros2_control/share/colcon-core/packages/gazebo_ros2_control)
[1.725s] INFO:colcon.colcon_ros.task.ament_cmake.build:Building ROS package in '/home/devika/robo_ws/src/urdf_humble_test' with build type 'ament_cmake'
[1.725s] INFO:colcon.colcon_cmake.task.cmake.build:Building CMake package in '/home/devika/robo_ws/src/urdf_humble_test'
[1.725s] INFO:colcon.colcon_core.shell:Skip shell extension 'powershell' for command environment: Not usable outside of PowerShell
[1.726s] DEBUG:colcon.colcon_core.shell:Skip shell extension 'dsv' for command environment
[1.739s] Level 1:colcon.colcon_core.environment:create_environment_scripts_only(hello_moveit)
[1.740s] DEBUG:colcon.colcon_core.event_handler.log_command:Invoked command in '/home/devika/robo_ws/build/hello_moveit' returned '0': CMAKE_PREFIX_PATH=${CMAKE_PREFIX_PATH}:/home/devika/robo_ws/install/perception_vision:/home/devika/robo_ws/install/cylinder_position_estimator:/opt/ros/humble /usr/bin/cmake --install /home/devika/robo_ws/build/hello_moveit
[1.741s] Level 1:colcon.colcon_core.environment:checking '/home/devika/robo_ws/install/hello_moveit' for CMake module files
[1.742s] Level 1:colcon.colcon_core.environment:checking '/home/devika/robo_ws/install/hello_moveit' for CMake config files
[1.742s] Level 1:colcon.colcon_core.shell:create_environment_hook('hello_moveit', 'cmake_prefix_path')
[1.743s] INFO:colcon.colcon_core.shell:Creating environment hook '/home/devika/robo_ws/install/hello_moveit/share/hello_moveit/hook/cmake_prefix_path.ps1'
[1.744s] INFO:colcon.colcon_core.shell:Creating environment descriptor '/home/devika/robo_ws/install/hello_moveit/share/hello_moveit/hook/cmake_prefix_path.dsv'
[1.745s] INFO:colcon.colcon_core.shell:Creating environment hook '/home/devika/robo_ws/install/hello_moveit/share/hello_moveit/hook/cmake_prefix_path.sh'
[1.746s] Level 1:colcon.colcon_core.environment:checking '/home/devika/robo_ws/install/hello_moveit/lib'
[1.746s] Level 1:colcon.colcon_core.environment:checking '/home/devika/robo_ws/install/hello_moveit/bin'
[1.746s] Level 1:colcon.colcon_core.environment:checking '/home/devika/robo_ws/install/hello_moveit/lib/pkgconfig/hello_moveit.pc'
[1.746s] Level 1:colcon.colcon_core.environment:checking '/home/devika/robo_ws/install/hello_moveit/lib/python3.10/site-packages'
[1.747s] Level 1:colcon.colcon_core.environment:checking '/home/devika/robo_ws/install/hello_moveit/bin'
[1.747s] INFO:colcon.colcon_core.shell:Creating package script '/home/devika/robo_ws/install/hello_moveit/share/hello_moveit/package.ps1'
[1.748s] INFO:colcon.colcon_core.shell:Creating package descriptor '/home/devika/robo_ws/install/hello_moveit/share/hello_moveit/package.dsv'
[1.749s] INFO:colcon.colcon_core.shell:Creating package script '/home/devika/robo_ws/install/hello_moveit/share/hello_moveit/package.sh'
[1.750s] INFO:colcon.colcon_core.shell:Creating package script '/home/devika/robo_ws/install/hello_moveit/share/hello_moveit/package.bash'
[1.751s] INFO:colcon.colcon_core.shell:Creating package script '/home/devika/robo_ws/install/hello_moveit/share/hello_moveit/package.zsh'
[1.751s] Level 1:colcon.colcon_core.environment:create_file_with_runtime_dependencies(/home/devika/robo_ws/install/hello_moveit/share/colcon-core/packages/hello_moveit)
[1.752s] Level 1:colcon.colcon_core.environment:create_environment_scripts_only(hello_moveit)
[1.753s] Level 1:colcon.colcon_core.environment:checking '/home/devika/robo_ws/install/hello_moveit' for CMake module files
[1.754s] Level 1:colcon.colcon_core.environment:checking '/home/devika/robo_ws/install/hello_moveit' for CMake config files
[1.754s] Level 1:colcon.colcon_core.shell:create_environment_hook('hello_moveit', 'cmake_prefix_path')
[1.755s] INFO:colcon.colcon_core.shell:Creating environment hook '/home/devika/robo_ws/install/hello_moveit/share/hello_moveit/hook/cmake_prefix_path.ps1'
[1.756s] INFO:colcon.colcon_core.shell:Creating environment descriptor '/home/devika/robo_ws/install/hello_moveit/share/hello_moveit/hook/cmake_prefix_path.dsv'
[1.756s] INFO:colcon.colcon_core.shell:Creating environment hook '/home/devika/robo_ws/install/hello_moveit/share/hello_moveit/hook/cmake_prefix_path.sh'
[1.757s] Level 1:colcon.colcon_core.environment:checking '/home/devika/robo_ws/install/hello_moveit/lib'
[1.757s] Level 1:colcon.colcon_core.environment:checking '/home/devika/robo_ws/install/hello_moveit/bin'
[1.757s] Level 1:colcon.colcon_core.environment:checking '/home/devika/robo_ws/install/hello_moveit/lib/pkgconfig/hello_moveit.pc'
[1.758s] Level 1:colcon.colcon_core.environment:checking '/home/devika/robo_ws/install/hello_moveit/lib/python3.10/site-packages'
[1.758s] Level 1:colcon.colcon_core.environment:checking '/home/devika/robo_ws/install/hello_moveit/bin'
[1.758s] INFO:colcon.colcon_core.shell:Creating package script '/home/devika/robo_ws/install/hello_moveit/share/hello_moveit/package.ps1'
[1.759s] INFO:colcon.colcon_core.shell:Creating package descriptor '/home/devika/robo_ws/install/hello_moveit/share/hello_moveit/package.dsv'
[1.760s] INFO:colcon.colcon_core.shell:Creating package script '/home/devika/robo_ws/install/hello_moveit/share/hello_moveit/package.sh'
[1.761s] INFO:colcon.colcon_core.shell:Creating package script '/home/devika/robo_ws/install/hello_moveit/share/hello_moveit/package.bash'
[1.762s] INFO:colcon.colcon_core.shell:Creating package script '/home/devika/robo_ws/install/hello_moveit/share/hello_moveit/package.zsh'
[1.762s] Level 1:colcon.colcon_core.environment:create_file_with_runtime_dependencies(/home/devika/robo_ws/install/hello_moveit/share/colcon-core/packages/hello_moveit)
[1.763s] Level 1:colcon.colcon_core.environment:create_environment_scripts_only(warehouse_ros_mongo)
[1.764s] Level 1:colcon.colcon_core.environment:checking '/home/devika/robo_ws/install/warehouse_ros_mongo' for CMake module files
[1.766s] DEBUG:colcon.colcon_core.event_handler.log_command:Invoked command in '/home/devika/robo_ws/build/warehouse_ros_mongo' returned '0': CMAKE_PREFIX_PATH=${CMAKE_PREFIX_PATH}:/home/devika/robo_ws/install/perception_vision:/home/devika/robo_ws/install/cylinder_position_estimator:/opt/ros/humble /usr/bin/cmake --install /home/devika/robo_ws/build/warehouse_ros_mongo
[1.766s] Level 1:colcon.colcon_core.shell:create_environment_hook('warehouse_ros_mongo', 'cmake_module_path')
[1.767s] INFO:colcon.colcon_core.shell:Creating environment hook '/home/devika/robo_ws/install/warehouse_ros_mongo/share/warehouse_ros_mongo/hook/cmake_module_path.ps1'
[1.768s] INFO:colcon.colcon_core.shell:Creating environment descriptor '/home/devika/robo_ws/install/warehouse_ros_mongo/share/warehouse_ros_mongo/hook/cmake_module_path.dsv'
[1.769s] INFO:colcon.colcon_core.shell:Creating environment hook '/home/devika/robo_ws/install/warehouse_ros_mongo/share/warehouse_ros_mongo/hook/cmake_module_path.sh'
[1.770s] Level 1:colcon.colcon_core.environment:checking '/home/devika/robo_ws/install/warehouse_ros_mongo' for CMake config files
[1.770s] Level 1:colcon.colcon_core.shell:create_environment_hook('warehouse_ros_mongo', 'cmake_prefix_path')
[1.771s] INFO:colcon.colcon_core.shell:Creating environment hook '/home/devika/robo_ws/install/warehouse_ros_mongo/share/warehouse_ros_mongo/hook/cmake_prefix_path.ps1'
[1.771s] INFO:colcon.colcon_core.shell:Creating environment descriptor '/home/devika/robo_ws/install/warehouse_ros_mongo/share/warehouse_ros_mongo/hook/cmake_prefix_path.dsv'
[1.772s] INFO:colcon.colcon_core.shell:Creating environment hook '/home/devika/robo_ws/install/warehouse_ros_mongo/share/warehouse_ros_mongo/hook/cmake_prefix_path.sh'
[1.773s] Level 1:colcon.colcon_core.environment:checking '/home/devika/robo_ws/install/warehouse_ros_mongo/lib'
[1.773s] Level 1:colcon.colcon_core.shell:create_environment_hook('warehouse_ros_mongo', 'ld_library_path_lib')
[1.773s] INFO:colcon.colcon_core.shell:Creating environment hook '/home/devika/robo_ws/install/warehouse_ros_mongo/share/warehouse_ros_mongo/hook/ld_library_path_lib.ps1'
[1.774s] INFO:colcon.colcon_core.shell:Creating environment descriptor '/home/devika/robo_ws/install/warehouse_ros_mongo/share/warehouse_ros_mongo/hook/ld_library_path_lib.dsv'
[1.775s] INFO:colcon.colcon_core.shell:Creating environment hook '/home/devika/robo_ws/install/warehouse_ros_mongo/share/warehouse_ros_mongo/hook/ld_library_path_lib.sh'
[1.775s] Level 1:colcon.colcon_core.environment:checking '/home/devika/robo_ws/install/warehouse_ros_mongo/bin'
[1.775s] Level 1:colcon.colcon_core.environment:checking '/home/devika/robo_ws/install/warehouse_ros_mongo/lib/pkgconfig/warehouse_ros_mongo.pc'
[1.776s] Level 1:colcon.colcon_core.environment:checking '/home/devika/robo_ws/install/warehouse_ros_mongo/lib/python3.10/site-packages'
[1.776s] Level 1:colcon.colcon_core.environment:checking '/home/devika/robo_ws/install/warehouse_ros_mongo/bin'
[1.776s] INFO:colcon.colcon_core.shell:Creating package script '/home/devika/robo_ws/install/warehouse_ros_mongo/share/warehouse_ros_mongo/package.ps1'
[1.777s] INFO:colcon.colcon_core.shell:Creating package descriptor '/home/devika/robo_ws/install/warehouse_ros_mongo/share/warehouse_ros_mongo/package.dsv'
[1.778s] INFO:colcon.colcon_core.shell:Creating package script '/home/devika/robo_ws/install/warehouse_ros_mongo/share/warehouse_ros_mongo/package.sh'
[1.779s] INFO:colcon.colcon_core.shell:Creating package script '/home/devika/robo_ws/install/warehouse_ros_mongo/share/warehouse_ros_mongo/package.bash'
[1.779s] INFO:colcon.colcon_core.shell:Creating package script '/home/devika/robo_ws/install/warehouse_ros_mongo/share/warehouse_ros_mongo/package.zsh'
[1.780s] Level 1:colcon.colcon_core.environment:create_file_with_runtime_dependencies(/home/devika/robo_ws/install/warehouse_ros_mongo/share/colcon-core/packages/warehouse_ros_mongo)
[1.781s] Level 1:colcon.colcon_core.environment:create_environment_scripts_only(warehouse_ros_mongo)
[1.781s] Level 1:colcon.colcon_core.environment:checking '/home/devika/robo_ws/install/warehouse_ros_mongo' for CMake module files
[1.782s] Level 1:colcon.colcon_core.shell:create_environment_hook('warehouse_ros_mongo', 'cmake_module_path')
[1.783s] INFO:colcon.colcon_core.shell:Creating environment hook '/home/devika/robo_ws/install/warehouse_ros_mongo/share/warehouse_ros_mongo/hook/cmake_module_path.ps1'
[1.784s] INFO:colcon.colcon_core.shell:Creating environment descriptor '/home/devika/robo_ws/install/warehouse_ros_mongo/share/warehouse_ros_mongo/hook/cmake_module_path.dsv'
[1.784s] INFO:colcon.colcon_core.shell:Creating environment hook '/home/devika/robo_ws/install/warehouse_ros_mongo/share/warehouse_ros_mongo/hook/cmake_module_path.sh'
[1.785s] Level 1:colcon.colcon_core.environment:checking '/home/devika/robo_ws/install/warehouse_ros_mongo' for CMake config files
[1.785s] Level 1:colcon.colcon_core.shell:create_environment_hook('warehouse_ros_mongo', 'cmake_prefix_path')
[1.786s] INFO:colcon.colcon_core.shell:Creating environment hook '/home/devika/robo_ws/install/warehouse_ros_mongo/share/warehouse_ros_mongo/hook/cmake_prefix_path.ps1'
[1.786s] INFO:colcon.colcon_core.shell:Creating environment descriptor '/home/devika/robo_ws/install/warehouse_ros_mongo/share/warehouse_ros_mongo/hook/cmake_prefix_path.dsv'
[1.787s] INFO:colcon.colcon_core.shell:Creating environment hook '/home/devika/robo_ws/install/warehouse_ros_mongo/share/warehouse_ros_mongo/hook/cmake_prefix_path.sh'
[1.788s] Level 1:colcon.colcon_core.environment:checking '/home/devika/robo_ws/install/warehouse_ros_mongo/lib'
[1.788s] Level 1:colcon.colcon_core.shell:create_environment_hook('warehouse_ros_mongo', 'ld_library_path_lib')
[1.788s] INFO:colcon.colcon_core.shell:Creating environment hook '/home/devika/robo_ws/install/warehouse_ros_mongo/share/warehouse_ros_mongo/hook/ld_library_path_lib.ps1'
[1.789s] INFO:colcon.colcon_core.shell:Creating environment descriptor '/home/devika/robo_ws/install/warehouse_ros_mongo/share/warehouse_ros_mongo/hook/ld_library_path_lib.dsv'
[1.790s] INFO:colcon.colcon_core.shell:Creating environment hook '/home/devika/robo_ws/install/warehouse_ros_mongo/share/warehouse_ros_mongo/hook/ld_library_path_lib.sh'
[1.791s] Level 1:colcon.colcon_core.environment:checking '/home/devika/robo_ws/install/warehouse_ros_mongo/bin'
[1.791s] Level 1:colcon.colcon_core.environment:checking '/home/devika/robo_ws/install/warehouse_ros_mongo/lib/pkgconfig/warehouse_ros_mongo.pc'
[1.791s] Level 1:colcon.colcon_core.environment:checking '/home/devika/robo_ws/install/warehouse_ros_mongo/lib/python3.10/site-packages'
[1.791s] Level 1:colcon.colcon_core.environment:checking '/home/devika/robo_ws/install/warehouse_ros_mongo/bin'
[1.792s] INFO:colcon.colcon_core.shell:Creating package script '/home/devika/robo_ws/install/warehouse_ros_mongo/share/warehouse_ros_mongo/package.ps1'
[1.793s] INFO:colcon.colcon_core.shell:Creating package descriptor '/home/devika/robo_ws/install/warehouse_ros_mongo/share/warehouse_ros_mongo/package.dsv'
[1.794s] INFO:colcon.colcon_core.shell:Creating package script '/home/devika/robo_ws/install/warehouse_ros_mongo/share/warehouse_ros_mongo/package.sh'
[1.795s] INFO:colcon.colcon_core.shell:Creating package script '/home/devika/robo_ws/install/warehouse_ros_mongo/share/warehouse_ros_mongo/package.bash'
[1.796s] INFO:colcon.colcon_core.shell:Creating package script '/home/devika/robo_ws/install/warehouse_ros_mongo/share/warehouse_ros_mongo/package.zsh'
[1.797s] Level 1:colcon.colcon_core.environment:create_file_with_runtime_dependencies(/home/devika/robo_ws/install/warehouse_ros_mongo/share/colcon-core/packages/warehouse_ros_mongo)
[1.805s] DEBUG:colcon.colcon_core.event_handler.log_command:Invoking command in '/home/devika/robo_ws/build/urdf_humble_test': CMAKE_PREFIX_PATH=/home/devika/robo_ws/install/gazebo_ros2_control:/home/devika/robo_ws/install/urdf_humble_test_moveit_config:/home/devika/robo_ws/install/warehouse_ros_mongo:/home/devika/robo_ws/install/urdf_humble_test:/home/devika/robo_ws/install/moveit_task_constructor_visualization:/home/devika/robo_ws/install/moveit_task_constructor_demo:/home/devika/robo_ws/install/moveit_task_constructor_capabilities:/home/devika/robo_ws/install/hello_moveit_task_constructor:/home/devika/robo_ws/install/moveit_task_constructor_core:/home/devika/robo_ws/install/rviz_marker_tools:/home/devika/robo_ws/install/moveit_task_constructor_msgs:/home/devika/robo_ws/install/hello_moveit:/home/devika/manga_ws/install/urdf_humble_test_moveit_config:/home/devika/manga_ws/install/urdf_humble_test:/home/devika/manga_ws/install/hello_moveit:/home/devika/some_ws/install/motoman_hc10_support:/home/devika/some_ws/install/motoman_resources:/home/devika/some_ws/install/hello_moveit:/home/devika/some_ws/install/hc20_sim_moveit_config:/home/devika/some_ws/install/hc20_moveit_config:/home/devika/some_ws/install/hc10_movit2v3:/home/devika/some_ws/install/hc10dt_moveit_config:/home/devika/robo_ws/install/perception_vision:/home/devika/robo_ws/install/cylinder_position_estimator:/opt/ros/humble LD_LIBRARY_PATH=/home/devika/robo_ws/install/gazebo_ros2_control/lib:/home/devika/robo_ws/install/warehouse_ros_mongo/lib:/home/devika/robo_ws/install/moveit_task_constructor_visualization/lib:/home/devika/robo_ws/install/moveit_task_constructor_demo/lib:/home/devika/robo_ws/install/moveit_task_constructor_capabilities/lib:/home/devika/robo_ws/install/hello_moveit_task_constructor/lib:/home/devika/robo_ws/install/moveit_task_constructor_core/lib:/home/devika/robo_ws/install/rviz_marker_tools/lib:/home/devika/robo_ws/install/moveit_task_constructor_msgs/lib:/usr/lib/x86_64-linux-gnu/gazebo-11/plugins:/opt/ros/humble/opt/rviz_ogre_vendor/lib:/opt/ros/humble/lib/x86_64-linux-gnu:/opt/ros/humble/lib:/usr/lib/x86_64-linux-gnu/gazebo-11/plugins:/usr/lib/x86_64-linux-gnu/gazebo-11/plugins:/usr/lib/x86_64-linux-gnu/gazebo-11/plugins:/usr/lib/x86_64-linux-gnu/gazebo-11/plugins:/usr/lib/x86_64-linux-gnu/gazebo-11/plugins:/usr/lib/x86_64-linux-gnu/gazebo-11/plugins:/usr/lib/x86_64-linux-gnu/gazebo-11/plugins:/usr/lib/x86_64-linux-gnu/gazebo-11/plugins:/usr/lib/x86_64-linux-gnu/gazebo-11/plugins:/usr/lib/x86_64-linux-gnu/gazebo-11/plugins /usr/bin/cmake --build /home/devika/robo_ws/build/urdf_humble_test
[1.885s] DEBUG:colcon.colcon_core.event_handler.log_command:Invoked command in '/home/devika/robo_ws/build/urdf_humble_test' returned '0': CMAKE_PREFIX_PATH=/home/devika/robo_ws/install/gazebo_ros2_control:/home/devika/robo_ws/install/urdf_humble_test_moveit_config:/home/devika/robo_ws/install/warehouse_ros_mongo:/home/devika/robo_ws/install/urdf_humble_test:/home/devika/robo_ws/install/moveit_task_constructor_visualization:/home/devika/robo_ws/install/moveit_task_constructor_demo:/home/devika/robo_ws/install/moveit_task_constructor_capabilities:/home/devika/robo_ws/install/hello_moveit_task_constructor:/home/devika/robo_ws/install/moveit_task_constructor_core:/home/devika/robo_ws/install/rviz_marker_tools:/home/devika/robo_ws/install/moveit_task_constructor_msgs:/home/devika/robo_ws/install/hello_moveit:/home/devika/manga_ws/install/urdf_humble_test_moveit_config:/home/devika/manga_ws/install/urdf_humble_test:/home/devika/manga_ws/install/hello_moveit:/home/devika/some_ws/install/motoman_hc10_support:/home/devika/some_ws/install/motoman_resources:/home/devika/some_ws/install/hello_moveit:/home/devika/some_ws/install/hc20_sim_moveit_config:/home/devika/some_ws/install/hc20_moveit_config:/home/devika/some_ws/install/hc10_movit2v3:/home/devika/some_ws/install/hc10dt_moveit_config:/home/devika/robo_ws/install/perception_vision:/home/devika/robo_ws/install/cylinder_position_estimator:/opt/ros/humble LD_LIBRARY_PATH=/home/devika/robo_ws/install/gazebo_ros2_control/lib:/home/devika/robo_ws/install/warehouse_ros_mongo/lib:/home/devika/robo_ws/install/moveit_task_constructor_visualization/lib:/home/devika/robo_ws/install/moveit_task_constructor_demo/lib:/home/devika/robo_ws/install/moveit_task_constructor_capabilities/lib:/home/devika/robo_ws/install/hello_moveit_task_constructor/lib:/home/devika/robo_ws/install/moveit_task_constructor_core/lib:/home/devika/robo_ws/install/rviz_marker_tools/lib:/home/devika/robo_ws/install/moveit_task_constructor_msgs/lib:/usr/lib/x86_64-linux-gnu/gazebo-11/plugins:/opt/ros/humble/opt/rviz_ogre_vendor/lib:/opt/ros/humble/lib/x86_64-linux-gnu:/opt/ros/humble/lib:/usr/lib/x86_64-linux-gnu/gazebo-11/plugins:/usr/lib/x86_64-linux-gnu/gazebo-11/plugins:/usr/lib/x86_64-linux-gnu/gazebo-11/plugins:/usr/lib/x86_64-linux-gnu/gazebo-11/plugins:/usr/lib/x86_64-linux-gnu/gazebo-11/plugins:/usr/lib/x86_64-linux-gnu/gazebo-11/plugins:/usr/lib/x86_64-linux-gnu/gazebo-11/plugins:/usr/lib/x86_64-linux-gnu/gazebo-11/plugins:/usr/lib/x86_64-linux-gnu/gazebo-11/plugins:/usr/lib/x86_64-linux-gnu/gazebo-11/plugins /usr/bin/cmake --build /home/devika/robo_ws/build/urdf_humble_test
[1.888s] DEBUG:colcon.colcon_core.event_handler.log_command:Invoking command in '/home/devika/robo_ws/build/urdf_humble_test': CMAKE_PREFIX_PATH=/home/devika/robo_ws/install/gazebo_ros2_control:/home/devika/robo_ws/install/urdf_humble_test_moveit_config:/home/devika/robo_ws/install/warehouse_ros_mongo:/home/devika/robo_ws/install/urdf_humble_test:/home/devika/robo_ws/install/moveit_task_constructor_visualization:/home/devika/robo_ws/install/moveit_task_constructor_demo:/home/devika/robo_ws/install/moveit_task_constructor_capabilities:/home/devika/robo_ws/install/hello_moveit_task_constructor:/home/devika/robo_ws/install/moveit_task_constructor_core:/home/devika/robo_ws/install/rviz_marker_tools:/home/devika/robo_ws/install/moveit_task_constructor_msgs:/home/devika/robo_ws/install/hello_moveit:/home/devika/manga_ws/install/urdf_humble_test_moveit_config:/home/devika/manga_ws/install/urdf_humble_test:/home/devika/manga_ws/install/hello_moveit:/home/devika/some_ws/install/motoman_hc10_support:/home/devika/some_ws/install/motoman_resources:/home/devika/some_ws/install/hello_moveit:/home/devika/some_ws/install/hc20_sim_moveit_config:/home/devika/some_ws/install/hc20_moveit_config:/home/devika/some_ws/install/hc10_movit2v3:/home/devika/some_ws/install/hc10dt_moveit_config:/home/devika/robo_ws/install/perception_vision:/home/devika/robo_ws/install/cylinder_position_estimator:/opt/ros/humble LD_LIBRARY_PATH=/home/devika/robo_ws/install/gazebo_ros2_control/lib:/home/devika/robo_ws/install/warehouse_ros_mongo/lib:/home/devika/robo_ws/install/moveit_task_constructor_visualization/lib:/home/devika/robo_ws/install/moveit_task_constructor_demo/lib:/home/devika/robo_ws/install/moveit_task_constructor_capabilities/lib:/home/devika/robo_ws/install/hello_moveit_task_constructor/lib:/home/devika/robo_ws/install/moveit_task_constructor_core/lib:/home/devika/robo_ws/install/rviz_marker_tools/lib:/home/devika/robo_ws/install/moveit_task_constructor_msgs/lib:/usr/lib/x86_64-linux-gnu/gazebo-11/plugins:/opt/ros/humble/opt/rviz_ogre_vendor/lib:/opt/ros/humble/lib/x86_64-linux-gnu:/opt/ros/humble/lib:/usr/lib/x86_64-linux-gnu/gazebo-11/plugins:/usr/lib/x86_64-linux-gnu/gazebo-11/plugins:/usr/lib/x86_64-linux-gnu/gazebo-11/plugins:/usr/lib/x86_64-linux-gnu/gazebo-11/plugins:/usr/lib/x86_64-linux-gnu/gazebo-11/plugins:/usr/lib/x86_64-linux-gnu/gazebo-11/plugins:/usr/lib/x86_64-linux-gnu/gazebo-11/plugins:/usr/lib/x86_64-linux-gnu/gazebo-11/plugins:/usr/lib/x86_64-linux-gnu/gazebo-11/plugins:/usr/lib/x86_64-linux-gnu/gazebo-11/plugins /usr/bin/cmake --install /home/devika/robo_ws/build/urdf_humble_test
[1.907s] Level 1:colcon.colcon_core.environment:create_environment_scripts_only(urdf_humble_test)
[1.908s] Level 1:colcon.colcon_core.environment:checking '/home/devika/robo_ws/install/urdf_humble_test' for CMake module files
[1.914s] Level 1:colcon.colcon_core.environment:checking '/home/devika/robo_ws/install/urdf_humble_test' for CMake config files
[1.915s] DEBUG:colcon.colcon_core.event_handler.log_command:Invoked command in '/home/devika/robo_ws/build/urdf_humble_test' returned '0': CMAKE_PREFIX_PATH=/home/devika/robo_ws/install/gazebo_ros2_control:/home/devika/robo_ws/install/urdf_humble_test_moveit_config:/home/devika/robo_ws/install/warehouse_ros_mongo:/home/devika/robo_ws/install/urdf_humble_test:/home/devika/robo_ws/install/moveit_task_constructor_visualization:/home/devika/robo_ws/install/moveit_task_constructor_demo:/home/devika/robo_ws/install/moveit_task_constructor_capabilities:/home/devika/robo_ws/install/hello_moveit_task_constructor:/home/devika/robo_ws/install/moveit_task_constructor_core:/home/devika/robo_ws/install/rviz_marker_tools:/home/devika/robo_ws/install/moveit_task_constructor_msgs:/home/devika/robo_ws/install/hello_moveit:/home/devika/manga_ws/install/urdf_humble_test_moveit_config:/home/devika/manga_ws/install/urdf_humble_test:/home/devika/manga_ws/install/hello_moveit:/home/devika/some_ws/install/motoman_hc10_support:/home/devika/some_ws/install/motoman_resources:/home/devika/some_ws/install/hello_moveit:/home/devika/some_ws/install/hc20_sim_moveit_config:/home/devika/some_ws/install/hc20_moveit_config:/home/devika/some_ws/install/hc10_movit2v3:/home/devika/some_ws/install/hc10dt_moveit_config:/home/devika/robo_ws/install/perception_vision:/home/devika/robo_ws/install/cylinder_position_estimator:/opt/ros/humble LD_LIBRARY_PATH=/home/devika/robo_ws/install/gazebo_ros2_control/lib:/home/devika/robo_ws/install/warehouse_ros_mongo/lib:/home/devika/robo_ws/install/moveit_task_constructor_visualization/lib:/home/devika/robo_ws/install/moveit_task_constructor_demo/lib:/home/devika/robo_ws/install/moveit_task_constructor_capabilities/lib:/home/devika/robo_ws/install/hello_moveit_task_constructor/lib:/home/devika/robo_ws/install/moveit_task_constructor_core/lib:/home/devika/robo_ws/install/rviz_marker_tools/lib:/home/devika/robo_ws/install/moveit_task_constructor_msgs/lib:/usr/lib/x86_64-linux-gnu/gazebo-11/plugins:/opt/ros/humble/opt/rviz_ogre_vendor/lib:/opt/ros/humble/lib/x86_64-linux-gnu:/opt/ros/humble/lib:/usr/lib/x86_64-linux-gnu/gazebo-11/plugins:/usr/lib/x86_64-linux-gnu/gazebo-11/plugins:/usr/lib/x86_64-linux-gnu/gazebo-11/plugins:/usr/lib/x86_64-linux-gnu/gazebo-11/plugins:/usr/lib/x86_64-linux-gnu/gazebo-11/plugins:/usr/lib/x86_64-linux-gnu/gazebo-11/plugins:/usr/lib/x86_64-linux-gnu/gazebo-11/plugins:/usr/lib/x86_64-linux-gnu/gazebo-11/plugins:/usr/lib/x86_64-linux-gnu/gazebo-11/plugins:/usr/lib/x86_64-linux-gnu/gazebo-11/plugins /usr/bin/cmake --install /home/devika/robo_ws/build/urdf_humble_test
[1.915s] Level 1:colcon.colcon_core.shell:create_environment_hook('urdf_humble_test', 'cmake_prefix_path')
[1.916s] INFO:colcon.colcon_core.shell:Creating environment hook '/home/devika/robo_ws/install/urdf_humble_test/share/urdf_humble_test/hook/cmake_prefix_path.ps1'
[1.917s] INFO:colcon.colcon_core.shell:Creating environment descriptor '/home/devika/robo_ws/install/urdf_humble_test/share/urdf_humble_test/hook/cmake_prefix_path.dsv'
[1.917s] INFO:colcon.colcon_core.shell:Creating environment hook '/home/devika/robo_ws/install/urdf_humble_test/share/urdf_humble_test/hook/cmake_prefix_path.sh'
[1.918s] Level 1:colcon.colcon_core.environment:checking '/home/devika/robo_ws/install/urdf_humble_test/bin'
[1.918s] Level 1:colcon.colcon_core.environment:checking '/home/devika/robo_ws/install/urdf_humble_test/lib/pkgconfig/urdf_humble_test.pc'
[1.919s] Level 1:colcon.colcon_core.environment:checking '/home/devika/robo_ws/install/urdf_humble_test/lib/python3.10/site-packages'
[1.919s] Level 1:colcon.colcon_core.environment:checking '/home/devika/robo_ws/install/urdf_humble_test/bin'
[1.919s] INFO:colcon.colcon_core.shell:Creating package script '/home/devika/robo_ws/install/urdf_humble_test/share/urdf_humble_test/package.ps1'
[1.920s] INFO:colcon.colcon_core.shell:Creating package descriptor '/home/devika/robo_ws/install/urdf_humble_test/share/urdf_humble_test/package.dsv'
[1.921s] INFO:colcon.colcon_core.shell:Creating package script '/home/devika/robo_ws/install/urdf_humble_test/share/urdf_humble_test/package.sh'
[1.922s] INFO:colcon.colcon_core.shell:Creating package script '/home/devika/robo_ws/install/urdf_humble_test/share/urdf_humble_test/package.bash'
[1.922s] INFO:colcon.colcon_core.shell:Creating package script '/home/devika/robo_ws/install/urdf_humble_test/share/urdf_humble_test/package.zsh'
[1.923s] Level 1:colcon.colcon_core.environment:create_file_with_runtime_dependencies(/home/devika/robo_ws/install/urdf_humble_test/share/colcon-core/packages/urdf_humble_test)
[1.924s] Level 1:colcon.colcon_core.environment:create_environment_scripts_only(urdf_humble_test)
[1.924s] Level 1:colcon.colcon_core.environment:checking '/home/devika/robo_ws/install/urdf_humble_test' for CMake module files
[1.925s] Level 1:colcon.colcon_core.environment:checking '/home/devika/robo_ws/install/urdf_humble_test' for CMake config files
[1.925s] Level 1:colcon.colcon_core.shell:create_environment_hook('urdf_humble_test', 'cmake_prefix_path')
[1.926s] INFO:colcon.colcon_core.shell:Creating environment hook '/home/devika/robo_ws/install/urdf_humble_test/share/urdf_humble_test/hook/cmake_prefix_path.ps1'
[1.927s] INFO:colcon.colcon_core.shell:Creating environment descriptor '/home/devika/robo_ws/install/urdf_humble_test/share/urdf_humble_test/hook/cmake_prefix_path.dsv'
[1.927s] INFO:colcon.colcon_core.shell:Creating environment hook '/home/devika/robo_ws/install/urdf_humble_test/share/urdf_humble_test/hook/cmake_prefix_path.sh'
[1.928s] Level 1:colcon.colcon_core.environment:checking '/home/devika/robo_ws/install/urdf_humble_test/bin'
[1.928s] Level 1:colcon.colcon_core.environment:checking '/home/devika/robo_ws/install/urdf_humble_test/lib/pkgconfig/urdf_humble_test.pc'
[1.928s] Level 1:colcon.colcon_core.environment:checking '/home/devika/robo_ws/install/urdf_humble_test/lib/python3.10/site-packages'
[1.929s] Level 1:colcon.colcon_core.environment:checking '/home/devika/robo_ws/install/urdf_humble_test/bin'
[1.929s] INFO:colcon.colcon_core.shell:Creating package script '/home/devika/robo_ws/install/urdf_humble_test/share/urdf_humble_test/package.ps1'
[1.930s] INFO:colcon.colcon_core.shell:Creating package descriptor '/home/devika/robo_ws/install/urdf_humble_test/share/urdf_humble_test/package.dsv'
[1.931s] INFO:colcon.colcon_core.shell:Creating package script '/home/devika/robo_ws/install/urdf_humble_test/share/urdf_humble_test/package.sh'
[1.932s] INFO:colcon.colcon_core.shell:Creating package script '/home/devika/robo_ws/install/urdf_humble_test/share/urdf_humble_test/package.bash'
[1.932s] INFO:colcon.colcon_core.shell:Creating package script '/home/devika/robo_ws/install/urdf_humble_test/share/urdf_humble_test/package.zsh'
[1.933s] Level 1:colcon.colcon_core.environment:create_file_with_runtime_dependencies(/home/devika/robo_ws/install/urdf_humble_test/share/colcon-core/packages/urdf_humble_test)
[1.934s] INFO:colcon.colcon_ros.task.ament_cmake.build:Building ROS package in '/home/devika/robo_ws/src/urdf_humble_test_moveit_config' with build type 'ament_cmake'
[1.934s] INFO:colcon.colcon_cmake.task.cmake.build:Building CMake package in '/home/devika/robo_ws/src/urdf_humble_test_moveit_config'
[1.934s] INFO:colcon.colcon_core.shell:Skip shell extension 'powershell' for command environment: Not usable outside of PowerShell
[1.934s] DEBUG:colcon.colcon_core.shell:Skip shell extension 'dsv' for command environment
[1.965s] DEBUG:colcon.colcon_core.event_handler.log_command:Invoking command in '/home/devika/robo_ws/build/urdf_humble_test_moveit_config': CMAKE_PREFIX_PATH=/home/devika/robo_ws/install/urdf_humble_test:/home/devika/robo_ws/install/warehouse_ros_mongo:/home/devika/robo_ws/install/gazebo_ros2_control:/home/devika/robo_ws/install/urdf_humble_test_moveit_config:/home/devika/robo_ws/install/moveit_task_constructor_visualization:/home/devika/robo_ws/install/moveit_task_constructor_demo:/home/devika/robo_ws/install/moveit_task_constructor_capabilities:/home/devika/robo_ws/install/hello_moveit_task_constructor:/home/devika/robo_ws/install/moveit_task_constructor_core:/home/devika/robo_ws/install/rviz_marker_tools:/home/devika/robo_ws/install/moveit_task_constructor_msgs:/home/devika/robo_ws/install/hello_moveit:/home/devika/manga_ws/install/urdf_humble_test_moveit_config:/home/devika/manga_ws/install/urdf_humble_test:/home/devika/manga_ws/install/hello_moveit:/home/devika/some_ws/install/motoman_hc10_support:/home/devika/some_ws/install/motoman_resources:/home/devika/some_ws/install/hello_moveit:/home/devika/some_ws/install/hc20_sim_moveit_config:/home/devika/some_ws/install/hc20_moveit_config:/home/devika/some_ws/install/hc10_movit2v3:/home/devika/some_ws/install/hc10dt_moveit_config:/home/devika/robo_ws/install/perception_vision:/home/devika/robo_ws/install/cylinder_position_estimator:/opt/ros/humble LD_LIBRARY_PATH=/home/devika/robo_ws/install/warehouse_ros_mongo/lib:/home/devika/robo_ws/install/gazebo_ros2_control/lib:/home/devika/robo_ws/install/moveit_task_constructor_visualization/lib:/home/devika/robo_ws/install/moveit_task_constructor_demo/lib:/home/devika/robo_ws/install/moveit_task_constructor_capabilities/lib:/home/devika/robo_ws/install/hello_moveit_task_constructor/lib:/home/devika/robo_ws/install/moveit_task_constructor_core/lib:/home/devika/robo_ws/install/rviz_marker_tools/lib:/home/devika/robo_ws/install/moveit_task_constructor_msgs/lib:/usr/lib/x86_64-linux-gnu/gazebo-11/plugins:/opt/ros/humble/opt/rviz_ogre_vendor/lib:/opt/ros/humble/lib/x86_64-linux-gnu:/opt/ros/humble/lib:/usr/lib/x86_64-linux-gnu/gazebo-11/plugins:/usr/lib/x86_64-linux-gnu/gazebo-11/plugins:/usr/lib/x86_64-linux-gnu/gazebo-11/plugins:/usr/lib/x86_64-linux-gnu/gazebo-11/plugins:/usr/lib/x86_64-linux-gnu/gazebo-11/plugins:/usr/lib/x86_64-linux-gnu/gazebo-11/plugins:/usr/lib/x86_64-linux-gnu/gazebo-11/plugins:/usr/lib/x86_64-linux-gnu/gazebo-11/plugins:/usr/lib/x86_64-linux-gnu/gazebo-11/plugins:/usr/lib/x86_64-linux-gnu/gazebo-11/plugins /usr/bin/cmake --build /home/devika/robo_ws/build/urdf_humble_test_moveit_config
[2.030s] DEBUG:colcon.colcon_core.event_handler.log_command:Invoked command in '/home/devika/robo_ws/build/moveit_task_constructor_msgs' returned '0': CMAKE_PREFIX_PATH=${CMAKE_PREFIX_PATH}:/home/devika/robo_ws/install/perception_vision:/home/devika/robo_ws/install/cylinder_position_estimator:/opt/ros/humble /usr/bin/cmake --build /home/devika/robo_ws/build/moveit_task_constructor_msgs
[2.033s] DEBUG:colcon.colcon_core.event_handler.log_command:Invoking command in '/home/devika/robo_ws/build/moveit_task_constructor_msgs': CMAKE_PREFIX_PATH=${CMAKE_PREFIX_PATH}:/home/devika/robo_ws/install/perception_vision:/home/devika/robo_ws/install/cylinder_position_estimator:/opt/ros/humble /usr/bin/cmake --install /home/devika/robo_ws/build/moveit_task_constructor_msgs
[2.035s] DEBUG:colcon.colcon_core.event_handler.log_command:Invoked command in '/home/devika/robo_ws/build/urdf_humble_test_moveit_config' returned '0': CMAKE_PREFIX_PATH=/home/devika/robo_ws/install/urdf_humble_test:/home/devika/robo_ws/install/warehouse_ros_mongo:/home/devika/robo_ws/install/gazebo_ros2_control:/home/devika/robo_ws/install/urdf_humble_test_moveit_config:/home/devika/robo_ws/install/moveit_task_constructor_visualization:/home/devika/robo_ws/install/moveit_task_constructor_demo:/home/devika/robo_ws/install/moveit_task_constructor_capabilities:/home/devika/robo_ws/install/hello_moveit_task_constructor:/home/devika/robo_ws/install/moveit_task_constructor_core:/home/devika/robo_ws/install/rviz_marker_tools:/home/devika/robo_ws/install/moveit_task_constructor_msgs:/home/devika/robo_ws/install/hello_moveit:/home/devika/manga_ws/install/urdf_humble_test_moveit_config:/home/devika/manga_ws/install/urdf_humble_test:/home/devika/manga_ws/install/hello_moveit:/home/devika/some_ws/install/motoman_hc10_support:/home/devika/some_ws/install/motoman_resources:/home/devika/some_ws/install/hello_moveit:/home/devika/some_ws/install/hc20_sim_moveit_config:/home/devika/some_ws/install/hc20_moveit_config:/home/devika/some_ws/install/hc10_movit2v3:/home/devika/some_ws/install/hc10dt_moveit_config:/home/devika/robo_ws/install/perception_vision:/home/devika/robo_ws/install/cylinder_position_estimator:/opt/ros/humble LD_LIBRARY_PATH=/home/devika/robo_ws/install/warehouse_ros_mongo/lib:/home/devika/robo_ws/install/gazebo_ros2_control/lib:/home/devika/robo_ws/install/moveit_task_constructor_visualization/lib:/home/devika/robo_ws/install/moveit_task_constructor_demo/lib:/home/devika/robo_ws/install/moveit_task_constructor_capabilities/lib:/home/devika/robo_ws/install/hello_moveit_task_constructor/lib:/home/devika/robo_ws/install/moveit_task_constructor_core/lib:/home/devika/robo_ws/install/rviz_marker_tools/lib:/home/devika/robo_ws/install/moveit_task_constructor_msgs/lib:/usr/lib/x86_64-linux-gnu/gazebo-11/plugins:/opt/ros/humble/opt/rviz_ogre_vendor/lib:/opt/ros/humble/lib/x86_64-linux-gnu:/opt/ros/humble/lib:/usr/lib/x86_64-linux-gnu/gazebo-11/plugins:/usr/lib/x86_64-linux-gnu/gazebo-11/plugins:/usr/lib/x86_64-linux-gnu/gazebo-11/plugins:/usr/lib/x86_64-linux-gnu/gazebo-11/plugins:/usr/lib/x86_64-linux-gnu/gazebo-11/plugins:/usr/lib/x86_64-linux-gnu/gazebo-11/plugins:/usr/lib/x86_64-linux-gnu/gazebo-11/plugins:/usr/lib/x86_64-linux-gnu/gazebo-11/plugins:/usr/lib/x86_64-linux-gnu/gazebo-11/plugins:/usr/lib/x86_64-linux-gnu/gazebo-11/plugins /usr/bin/cmake --build /home/devika/robo_ws/build/urdf_humble_test_moveit_config
[2.038s] DEBUG:colcon.colcon_core.event_handler.log_command:Invoking command in '/home/devika/robo_ws/build/urdf_humble_test_moveit_config': CMAKE_PREFIX_PATH=/home/devika/robo_ws/install/urdf_humble_test:/home/devika/robo_ws/install/warehouse_ros_mongo:/home/devika/robo_ws/install/gazebo_ros2_control:/home/devika/robo_ws/install/urdf_humble_test_moveit_config:/home/devika/robo_ws/install/moveit_task_constructor_visualization:/home/devika/robo_ws/install/moveit_task_constructor_demo:/home/devika/robo_ws/install/moveit_task_constructor_capabilities:/home/devika/robo_ws/install/hello_moveit_task_constructor:/home/devika/robo_ws/install/moveit_task_constructor_core:/home/devika/robo_ws/install/rviz_marker_tools:/home/devika/robo_ws/install/moveit_task_constructor_msgs:/home/devika/robo_ws/install/hello_moveit:/home/devika/manga_ws/install/urdf_humble_test_moveit_config:/home/devika/manga_ws/install/urdf_humble_test:/home/devika/manga_ws/install/hello_moveit:/home/devika/some_ws/install/motoman_hc10_support:/home/devika/some_ws/install/motoman_resources:/home/devika/some_ws/install/hello_moveit:/home/devika/some_ws/install/hc20_sim_moveit_config:/home/devika/some_ws/install/hc20_moveit_config:/home/devika/some_ws/install/hc10_movit2v3:/home/devika/some_ws/install/hc10dt_moveit_config:/home/devika/robo_ws/install/perception_vision:/home/devika/robo_ws/install/cylinder_position_estimator:/opt/ros/humble LD_LIBRARY_PATH=/home/devika/robo_ws/install/warehouse_ros_mongo/lib:/home/devika/robo_ws/install/gazebo_ros2_control/lib:/home/devika/robo_ws/install/moveit_task_constructor_visualization/lib:/home/devika/robo_ws/install/moveit_task_constructor_demo/lib:/home/devika/robo_ws/install/moveit_task_constructor_capabilities/lib:/home/devika/robo_ws/install/hello_moveit_task_constructor/lib:/home/devika/robo_ws/install/moveit_task_constructor_core/lib:/home/devika/robo_ws/install/rviz_marker_tools/lib:/home/devika/robo_ws/install/moveit_task_constructor_msgs/lib:/usr/lib/x86_64-linux-gnu/gazebo-11/plugins:/opt/ros/humble/opt/rviz_ogre_vendor/lib:/opt/ros/humble/lib/x86_64-linux-gnu:/opt/ros/humble/lib:/usr/lib/x86_64-linux-gnu/gazebo-11/plugins:/usr/lib/x86_64-linux-gnu/gazebo-11/plugins:/usr/lib/x86_64-linux-gnu/gazebo-11/plugins:/usr/lib/x86_64-linux-gnu/gazebo-11/plugins:/usr/lib/x86_64-linux-gnu/gazebo-11/plugins:/usr/lib/x86_64-linux-gnu/gazebo-11/plugins:/usr/lib/x86_64-linux-gnu/gazebo-11/plugins:/usr/lib/x86_64-linux-gnu/gazebo-11/plugins:/usr/lib/x86_64-linux-gnu/gazebo-11/plugins:/usr/lib/x86_64-linux-gnu/gazebo-11/plugins /usr/bin/cmake --install /home/devika/robo_ws/build/urdf_humble_test_moveit_config
[2.060s] Level 1:colcon.colcon_core.environment:create_environment_scripts_only(urdf_humble_test_moveit_config)
[2.063s] Level 1:colcon.colcon_core.environment:checking '/home/devika/robo_ws/install/urdf_humble_test_moveit_config' for CMake module files
[2.067s] Level 1:colcon.colcon_core.environment:checking '/home/devika/robo_ws/install/urdf_humble_test_moveit_config' for CMake config files
[2.087s] Level 1:colcon.colcon_core.shell:create_environment_hook('urdf_humble_test_moveit_config', 'cmake_prefix_path')
[2.088s] INFO:colcon.colcon_core.shell:Creating environment hook '/home/devika/robo_ws/install/urdf_humble_test_moveit_config/share/urdf_humble_test_moveit_config/hook/cmake_prefix_path.ps1'
[2.091s] INFO:colcon.colcon_core.shell:Creating environment descriptor '/home/devika/robo_ws/install/urdf_humble_test_moveit_config/share/urdf_humble_test_moveit_config/hook/cmake_prefix_path.dsv'
[2.093s] INFO:colcon.colcon_core.shell:Creating environment hook '/home/devika/robo_ws/install/urdf_humble_test_moveit_config/share/urdf_humble_test_moveit_config/hook/cmake_prefix_path.sh'
[2.097s] Level 1:colcon.colcon_core.environment:checking '/home/devika/robo_ws/install/urdf_humble_test_moveit_config/bin'
[2.097s] Level 1:colcon.colcon_core.environment:checking '/home/devika/robo_ws/install/urdf_humble_test_moveit_config/lib/pkgconfig/urdf_humble_test_moveit_config.pc'
[2.098s] Level 1:colcon.colcon_core.environment:checking '/home/devika/robo_ws/install/urdf_humble_test_moveit_config/lib/python3.10/site-packages'
[2.099s] Level 1:colcon.colcon_core.environment:checking '/home/devika/robo_ws/install/urdf_humble_test_moveit_config/bin'
[2.101s] INFO:colcon.colcon_core.shell:Creating package script '/home/devika/robo_ws/install/urdf_humble_test_moveit_config/share/urdf_humble_test_moveit_config/package.ps1'
[2.104s] INFO:colcon.colcon_core.shell:Creating package descriptor '/home/devika/robo_ws/install/urdf_humble_test_moveit_config/share/urdf_humble_test_moveit_config/package.dsv'
[2.108s] DEBUG:colcon.colcon_core.event_handler.log_command:Invoked command in '/home/devika/robo_ws/build/urdf_humble_test_moveit_config' returned '0': CMAKE_PREFIX_PATH=/home/devika/robo_ws/install/urdf_humble_test:/home/devika/robo_ws/install/warehouse_ros_mongo:/home/devika/robo_ws/install/gazebo_ros2_control:/home/devika/robo_ws/install/urdf_humble_test_moveit_config:/home/devika/robo_ws/install/moveit_task_constructor_visualization:/home/devika/robo_ws/install/moveit_task_constructor_demo:/home/devika/robo_ws/install/moveit_task_constructor_capabilities:/home/devika/robo_ws/install/hello_moveit_task_constructor:/home/devika/robo_ws/install/moveit_task_constructor_core:/home/devika/robo_ws/install/rviz_marker_tools:/home/devika/robo_ws/install/moveit_task_constructor_msgs:/home/devika/robo_ws/install/hello_moveit:/home/devika/manga_ws/install/urdf_humble_test_moveit_config:/home/devika/manga_ws/install/urdf_humble_test:/home/devika/manga_ws/install/hello_moveit:/home/devika/some_ws/install/motoman_hc10_support:/home/devika/some_ws/install/motoman_resources:/home/devika/some_ws/install/hello_moveit:/home/devika/some_ws/install/hc20_sim_moveit_config:/home/devika/some_ws/install/hc20_moveit_config:/home/devika/some_ws/install/hc10_movit2v3:/home/devika/some_ws/install/hc10dt_moveit_config:/home/devika/robo_ws/install/perception_vision:/home/devika/robo_ws/install/cylinder_position_estimator:/opt/ros/humble LD_LIBRARY_PATH=/home/devika/robo_ws/install/warehouse_ros_mongo/lib:/home/devika/robo_ws/install/gazebo_ros2_control/lib:/home/devika/robo_ws/install/moveit_task_constructor_visualization/lib:/home/devika/robo_ws/install/moveit_task_constructor_demo/lib:/home/devika/robo_ws/install/moveit_task_constructor_capabilities/lib:/home/devika/robo_ws/install/hello_moveit_task_constructor/lib:/home/devika/robo_ws/install/moveit_task_constructor_core/lib:/home/devika/robo_ws/install/rviz_marker_tools/lib:/home/devika/robo_ws/install/moveit_task_constructor_msgs/lib:/usr/lib/x86_64-linux-gnu/gazebo-11/plugins:/opt/ros/humble/opt/rviz_ogre_vendor/lib:/opt/ros/humble/lib/x86_64-linux-gnu:/opt/ros/humble/lib:/usr/lib/x86_64-linux-gnu/gazebo-11/plugins:/usr/lib/x86_64-linux-gnu/gazebo-11/plugins:/usr/lib/x86_64-linux-gnu/gazebo-11/plugins:/usr/lib/x86_64-linux-gnu/gazebo-11/plugins:/usr/lib/x86_64-linux-gnu/gazebo-11/plugins:/usr/lib/x86_64-linux-gnu/gazebo-11/plugins:/usr/lib/x86_64-linux-gnu/gazebo-11/plugins:/usr/lib/x86_64-linux-gnu/gazebo-11/plugins:/usr/lib/x86_64-linux-gnu/gazebo-11/plugins:/usr/lib/x86_64-linux-gnu/gazebo-11/plugins /usr/bin/cmake --install /home/devika/robo_ws/build/urdf_humble_test_moveit_config
[2.109s] INFO:colcon.colcon_core.shell:Creating package script '/home/devika/robo_ws/install/urdf_humble_test_moveit_config/share/urdf_humble_test_moveit_config/package.sh'
[2.112s] INFO:colcon.colcon_core.shell:Creating package script '/home/devika/robo_ws/install/urdf_humble_test_moveit_config/share/urdf_humble_test_moveit_config/package.bash'
[2.116s] INFO:colcon.colcon_core.shell:Creating package script '/home/devika/robo_ws/install/urdf_humble_test_moveit_config/share/urdf_humble_test_moveit_config/package.zsh'
[2.120s] Level 1:colcon.colcon_core.environment:create_file_with_runtime_dependencies(/home/devika/robo_ws/install/urdf_humble_test_moveit_config/share/colcon-core/packages/urdf_humble_test_moveit_config)
[2.126s] Level 1:colcon.colcon_core.environment:create_environment_scripts_only(urdf_humble_test_moveit_config)
[2.127s] Level 1:colcon.colcon_core.environment:checking '/home/devika/robo_ws/install/urdf_humble_test_moveit_config' for CMake module files
[2.131s] Level 1:colcon.colcon_core.environment:checking '/home/devika/robo_ws/install/urdf_humble_test_moveit_config' for CMake config files
[2.138s] Level 1:colcon.colcon_core.shell:create_environment_hook('urdf_humble_test_moveit_config', 'cmake_prefix_path')
[2.139s] INFO:colcon.colcon_core.shell:Creating environment hook '/home/devika/robo_ws/install/urdf_humble_test_moveit_config/share/urdf_humble_test_moveit_config/hook/cmake_prefix_path.ps1'
[2.141s] INFO:colcon.colcon_core.shell:Creating environment descriptor '/home/devika/robo_ws/install/urdf_humble_test_moveit_config/share/urdf_humble_test_moveit_config/hook/cmake_prefix_path.dsv'
[2.142s] INFO:colcon.colcon_core.shell:Creating environment hook '/home/devika/robo_ws/install/urdf_humble_test_moveit_config/share/urdf_humble_test_moveit_config/hook/cmake_prefix_path.sh'
[2.144s] Level 1:colcon.colcon_core.environment:checking '/home/devika/robo_ws/install/urdf_humble_test_moveit_config/bin'
[2.144s] Level 1:colcon.colcon_core.environment:checking '/home/devika/robo_ws/install/urdf_humble_test_moveit_config/lib/pkgconfig/urdf_humble_test_moveit_config.pc'
[2.144s] Level 1:colcon.colcon_core.environment:checking '/home/devika/robo_ws/install/urdf_humble_test_moveit_config/lib/python3.10/site-packages'
[2.145s] Level 1:colcon.colcon_core.environment:checking '/home/devika/robo_ws/install/urdf_humble_test_moveit_config/bin'
[2.147s] INFO:colcon.colcon_core.shell:Creating package script '/home/devika/robo_ws/install/urdf_humble_test_moveit_config/share/urdf_humble_test_moveit_config/package.ps1'
[2.151s] INFO:colcon.colcon_core.shell:Creating package descriptor '/home/devika/robo_ws/install/urdf_humble_test_moveit_config/share/urdf_humble_test_moveit_config/package.dsv'
[2.158s] INFO:colcon.colcon_core.shell:Creating package script '/home/devika/robo_ws/install/urdf_humble_test_moveit_config/share/urdf_humble_test_moveit_config/package.sh'
[2.162s] INFO:colcon.colcon_core.shell:Creating package script '/home/devika/robo_ws/install/urdf_humble_test_moveit_config/share/urdf_humble_test_moveit_config/package.bash'
[2.163s] INFO:colcon.colcon_core.shell:Creating package script '/home/devika/robo_ws/install/urdf_humble_test_moveit_config/share/urdf_humble_test_moveit_config/package.zsh'
[2.165s] Level 1:colcon.colcon_core.environment:create_file_with_runtime_dependencies(/home/devika/robo_ws/install/urdf_humble_test_moveit_config/share/colcon-core/packages/urdf_humble_test_moveit_config)
[2.167s] Level 1:colcon.colcon_core.environment:create_environment_scripts_only(moveit_task_constructor_msgs)
[2.168s] DEBUG:colcon.colcon_core.event_handler.log_command:Invoked command in '/home/devika/robo_ws/build/moveit_task_constructor_msgs' returned '0': CMAKE_PREFIX_PATH=${CMAKE_PREFIX_PATH}:/home/devika/robo_ws/install/perception_vision:/home/devika/robo_ws/install/cylinder_position_estimator:/opt/ros/humble /usr/bin/cmake --install /home/devika/robo_ws/build/moveit_task_constructor_msgs
[2.169s] Level 1:colcon.colcon_core.environment:checking '/home/devika/robo_ws/install/moveit_task_constructor_msgs' for CMake module files
[2.171s] Level 1:colcon.colcon_core.environment:checking '/home/devika/robo_ws/install/moveit_task_constructor_msgs' for CMake config files
[2.174s] Level 1:colcon.colcon_core.shell:create_environment_hook('moveit_task_constructor_msgs', 'cmake_prefix_path')
[2.174s] INFO:colcon.colcon_core.shell:Creating environment hook '/home/devika/robo_ws/install/moveit_task_constructor_msgs/share/moveit_task_constructor_msgs/hook/cmake_prefix_path.ps1'
[2.176s] INFO:colcon.colcon_core.shell:Creating environment descriptor '/home/devika/robo_ws/install/moveit_task_constructor_msgs/share/moveit_task_constructor_msgs/hook/cmake_prefix_path.dsv'
[2.177s] INFO:colcon.colcon_core.shell:Creating environment hook '/home/devika/robo_ws/install/moveit_task_constructor_msgs/share/moveit_task_constructor_msgs/hook/cmake_prefix_path.sh'
[2.178s] Level 1:colcon.colcon_core.environment:checking '/home/devika/robo_ws/install/moveit_task_constructor_msgs/lib'
[2.179s] Level 1:colcon.colcon_core.shell:create_environment_hook('moveit_task_constructor_msgs', 'ld_library_path_lib')
[2.179s] INFO:colcon.colcon_core.shell:Creating environment hook '/home/devika/robo_ws/install/moveit_task_constructor_msgs/share/moveit_task_constructor_msgs/hook/ld_library_path_lib.ps1'
[2.181s] INFO:colcon.colcon_core.shell:Creating environment descriptor '/home/devika/robo_ws/install/moveit_task_constructor_msgs/share/moveit_task_constructor_msgs/hook/ld_library_path_lib.dsv'
[2.182s] INFO:colcon.colcon_core.shell:Creating environment hook '/home/devika/robo_ws/install/moveit_task_constructor_msgs/share/moveit_task_constructor_msgs/hook/ld_library_path_lib.sh'
[2.182s] Level 1:colcon.colcon_core.environment:checking '/home/devika/robo_ws/install/moveit_task_constructor_msgs/bin'
[2.183s] Level 1:colcon.colcon_core.environment:checking '/home/devika/robo_ws/install/moveit_task_constructor_msgs/lib/pkgconfig/moveit_task_constructor_msgs.pc'
[2.183s] Level 1:colcon.colcon_core.environment:checking '/home/devika/robo_ws/install/moveit_task_constructor_msgs/lib/python3.10/site-packages'
[2.183s] Level 1:colcon.colcon_core.environment:checking '/home/devika/robo_ws/install/moveit_task_constructor_msgs/bin'
[2.184s] INFO:colcon.colcon_core.shell:Creating package script '/home/devika/robo_ws/install/moveit_task_constructor_msgs/share/moveit_task_constructor_msgs/package.ps1'
[2.185s] INFO:colcon.colcon_core.shell:Creating package descriptor '/home/devika/robo_ws/install/moveit_task_constructor_msgs/share/moveit_task_constructor_msgs/package.dsv'
[2.185s] INFO:colcon.colcon_core.shell:Creating package script '/home/devika/robo_ws/install/moveit_task_constructor_msgs/share/moveit_task_constructor_msgs/package.sh'
[2.186s] INFO:colcon.colcon_core.shell:Creating package script '/home/devika/robo_ws/install/moveit_task_constructor_msgs/share/moveit_task_constructor_msgs/package.bash'
[2.186s] INFO:colcon.colcon_core.shell:Creating package script '/home/devika/robo_ws/install/moveit_task_constructor_msgs/share/moveit_task_constructor_msgs/package.zsh'
[2.187s] Level 1:colcon.colcon_core.environment:create_file_with_runtime_dependencies(/home/devika/robo_ws/install/moveit_task_constructor_msgs/share/colcon-core/packages/moveit_task_constructor_msgs)
[2.188s] Level 1:colcon.colcon_core.environment:create_environment_scripts_only(moveit_task_constructor_msgs)
[2.188s] Level 1:colcon.colcon_core.environment:checking '/home/devika/robo_ws/install/moveit_task_constructor_msgs' for CMake module files
[2.189s] Level 1:colcon.colcon_core.environment:checking '/home/devika/robo_ws/install/moveit_task_constructor_msgs' for CMake config files
[2.190s] Level 1:colcon.colcon_core.shell:create_environment_hook('moveit_task_constructor_msgs', 'cmake_prefix_path')
[2.190s] INFO:colcon.colcon_core.shell:Creating environment hook '/home/devika/robo_ws/install/moveit_task_constructor_msgs/share/moveit_task_constructor_msgs/hook/cmake_prefix_path.ps1'
[2.191s] INFO:colcon.colcon_core.shell:Creating environment descriptor '/home/devika/robo_ws/install/moveit_task_constructor_msgs/share/moveit_task_constructor_msgs/hook/cmake_prefix_path.dsv'
[2.191s] INFO:colcon.colcon_core.shell:Creating environment hook '/home/devika/robo_ws/install/moveit_task_constructor_msgs/share/moveit_task_constructor_msgs/hook/cmake_prefix_path.sh'
[2.192s] Level 1:colcon.colcon_core.environment:checking '/home/devika/robo_ws/install/moveit_task_constructor_msgs/lib'
[2.192s] Level 1:colcon.colcon_core.shell:create_environment_hook('moveit_task_constructor_msgs', 'ld_library_path_lib')
[2.193s] INFO:colcon.colcon_core.shell:Creating environment hook '/home/devika/robo_ws/install/moveit_task_constructor_msgs/share/moveit_task_constructor_msgs/hook/ld_library_path_lib.ps1'
[2.193s] INFO:colcon.colcon_core.shell:Creating environment descriptor '/home/devika/robo_ws/install/moveit_task_constructor_msgs/share/moveit_task_constructor_msgs/hook/ld_library_path_lib.dsv'
[2.194s] INFO:colcon.colcon_core.shell:Creating environment hook '/home/devika/robo_ws/install/moveit_task_constructor_msgs/share/moveit_task_constructor_msgs/hook/ld_library_path_lib.sh'
[2.194s] Level 1:colcon.colcon_core.environment:checking '/home/devika/robo_ws/install/moveit_task_constructor_msgs/bin'
[2.195s] Level 1:colcon.colcon_core.environment:checking '/home/devika/robo_ws/install/moveit_task_constructor_msgs/lib/pkgconfig/moveit_task_constructor_msgs.pc'
[2.195s] Level 1:colcon.colcon_core.environment:checking '/home/devika/robo_ws/install/moveit_task_constructor_msgs/lib/python3.10/site-packages'
[2.195s] Level 1:colcon.colcon_core.environment:checking '/home/devika/robo_ws/install/moveit_task_constructor_msgs/bin'
[2.196s] INFO:colcon.colcon_core.shell:Creating package script '/home/devika/robo_ws/install/moveit_task_constructor_msgs/share/moveit_task_constructor_msgs/package.ps1'
[2.196s] INFO:colcon.colcon_core.shell:Creating package descriptor '/home/devika/robo_ws/install/moveit_task_constructor_msgs/share/moveit_task_constructor_msgs/package.dsv'
[2.197s] INFO:colcon.colcon_core.shell:Creating package script '/home/devika/robo_ws/install/moveit_task_constructor_msgs/share/moveit_task_constructor_msgs/package.sh'
[2.198s] INFO:colcon.colcon_core.shell:Creating package script '/home/devika/robo_ws/install/moveit_task_constructor_msgs/share/moveit_task_constructor_msgs/package.bash'
[2.199s] INFO:colcon.colcon_core.shell:Creating package script '/home/devika/robo_ws/install/moveit_task_constructor_msgs/share/moveit_task_constructor_msgs/package.zsh'
[2.199s] Level 1:colcon.colcon_core.environment:create_file_with_runtime_dependencies(/home/devika/robo_ws/install/moveit_task_constructor_msgs/share/colcon-core/packages/moveit_task_constructor_msgs)
[2.200s] INFO:colcon.colcon_ros.task.ament_cmake.build:Building ROS package in '/home/devika/robo_ws/src/moveit_task_constructor/core' with build type 'ament_cmake'
[2.200s] INFO:colcon.colcon_cmake.task.cmake.build:Building CMake package in '/home/devika/robo_ws/src/moveit_task_constructor/core'
[2.201s] INFO:colcon.colcon_core.shell:Skip shell extension 'powershell' for command environment: Not usable outside of PowerShell
[2.201s] DEBUG:colcon.colcon_core.shell:Skip shell extension 'dsv' for command environment
[2.235s] DEBUG:colcon.colcon_core.event_handler.log_command:Invoking command in '/home/devika/robo_ws/build/moveit_task_constructor_core': CMAKE_PREFIX_PATH=/home/devika/robo_ws/install/rviz_marker_tools:/home/devika/robo_ws/install/moveit_task_constructor_msgs:/home/devika/robo_ws/install/urdf_humble_test_moveit_config:/home/devika/robo_ws/install/warehouse_ros_mongo:/home/devika/robo_ws/install/urdf_humble_test:/home/devika/robo_ws/install/moveit_task_constructor_visualization:/home/devika/robo_ws/install/moveit_task_constructor_demo:/home/devika/robo_ws/install/moveit_task_constructor_capabilities:/home/devika/robo_ws/install/hello_moveit_task_constructor:/home/devika/robo_ws/install/moveit_task_constructor_core:/home/devika/robo_ws/install/hello_moveit:/home/devika/robo_ws/install/gazebo_ros2_control:/home/devika/manga_ws/install/urdf_humble_test_moveit_config:/home/devika/manga_ws/install/urdf_humble_test:/home/devika/manga_ws/install/hello_moveit:/home/devika/some_ws/install/motoman_hc10_support:/home/devika/some_ws/install/motoman_resources:/home/devika/some_ws/install/hello_moveit:/home/devika/some_ws/install/hc20_sim_moveit_config:/home/devika/some_ws/install/hc20_moveit_config:/home/devika/some_ws/install/hc10_movit2v3:/home/devika/some_ws/install/hc10dt_moveit_config:/home/devika/robo_ws/install/perception_vision:/home/devika/robo_ws/install/cylinder_position_estimator:/opt/ros/humble LD_LIBRARY_PATH=/home/devika/robo_ws/install/rviz_marker_tools/lib:/home/devika/robo_ws/install/moveit_task_constructor_msgs/lib:/home/devika/robo_ws/install/warehouse_ros_mongo/lib:/home/devika/robo_ws/install/moveit_task_constructor_visualization/lib:/home/devika/robo_ws/install/moveit_task_constructor_demo/lib:/home/devika/robo_ws/install/moveit_task_constructor_capabilities/lib:/home/devika/robo_ws/install/hello_moveit_task_constructor/lib:/home/devika/robo_ws/install/moveit_task_constructor_core/lib:/home/devika/robo_ws/install/gazebo_ros2_control/lib:/usr/lib/x86_64-linux-gnu/gazebo-11/plugins:/opt/ros/humble/opt/rviz_ogre_vendor/lib:/opt/ros/humble/lib/x86_64-linux-gnu:/opt/ros/humble/lib:/usr/lib/x86_64-linux-gnu/gazebo-11/plugins:/usr/lib/x86_64-linux-gnu/gazebo-11/plugins:/usr/lib/x86_64-linux-gnu/gazebo-11/plugins:/usr/lib/x86_64-linux-gnu/gazebo-11/plugins:/usr/lib/x86_64-linux-gnu/gazebo-11/plugins:/usr/lib/x86_64-linux-gnu/gazebo-11/plugins:/usr/lib/x86_64-linux-gnu/gazebo-11/plugins:/usr/lib/x86_64-linux-gnu/gazebo-11/plugins:/usr/lib/x86_64-linux-gnu/gazebo-11/plugins:/usr/lib/x86_64-linux-gnu/gazebo-11/plugins /usr/bin/cmake --build /home/devika/robo_ws/build/moveit_task_constructor_core
[2.428s] DEBUG:colcon.colcon_core.event_handler.log_command:Invoking command in '/home/devika/robo_ws/src/cylinder_position_estimator': PYTHONPATH=/home/devika/robo_ws/build/cylinder_position_estimator/prefix_override:/usr/lib/python3/dist-packages/colcon_core/task/python/colcon_distutils_commands:/home/devika/robo_ws/install/cylinder_position_estimator/lib/python3.10/site-packages:${PYTHONPATH} /usr/bin/python3 -W ignore:setup.py install is deprecated -W ignore:easy_install command is deprecated setup.py egg_info --egg-base ../../build/cylinder_position_estimator build --build-base /home/devika/robo_ws/build/cylinder_position_estimator/build install --record /home/devika/robo_ws/build/cylinder_position_estimator/install.log --single-version-externally-managed install_data
[2.470s] DEBUG:colcon.colcon_core.event_handler.log_command:Invoking command in '/home/devika/robo_ws/src/perception_vision': PYTHONPATH=/home/devika/robo_ws/build/perception_vision/prefix_override:/usr/lib/python3/dist-packages/colcon_core/task/python/colcon_distutils_commands:/home/devika/robo_ws/install/perception_vision/lib/python3.10/site-packages:${PYTHONPATH} /usr/bin/python3 -W ignore:setup.py install is deprecated -W ignore:easy_install command is deprecated setup.py egg_info --egg-base ../../build/perception_vision build --build-base /home/devika/robo_ws/build/perception_vision/build install --record /home/devika/robo_ws/build/perception_vision/install.log --single-version-externally-managed install_data
[2.905s] Level 1:colcon.colcon_core.environment:checking '/home/devika/robo_ws/install/cylinder_position_estimator' for CMake module files
[2.905s] DEBUG:colcon.colcon_core.event_handler.log_command:Invoked command in '/home/devika/robo_ws/src/cylinder_position_estimator' returned '0': PYTHONPATH=/home/devika/robo_ws/build/cylinder_position_estimator/prefix_override:/usr/lib/python3/dist-packages/colcon_core/task/python/colcon_distutils_commands:/home/devika/robo_ws/install/cylinder_position_estimator/lib/python3.10/site-packages:${PYTHONPATH} /usr/bin/python3 -W ignore:setup.py install is deprecated -W ignore:easy_install command is deprecated setup.py egg_info --egg-base ../../build/cylinder_position_estimator build --build-base /home/devika/robo_ws/build/cylinder_position_estimator/build install --record /home/devika/robo_ws/build/cylinder_position_estimator/install.log --single-version-externally-managed install_data
[2.906s] Level 1:colcon.colcon_core.environment:checking '/home/devika/robo_ws/install/cylinder_position_estimator' for CMake config files
[2.908s] Level 1:colcon.colcon_core.environment:checking '/home/devika/robo_ws/install/cylinder_position_estimator/lib'
[2.908s] Level 1:colcon.colcon_core.environment:checking '/home/devika/robo_ws/install/cylinder_position_estimator/bin'
[2.908s] Level 1:colcon.colcon_core.environment:checking '/home/devika/robo_ws/install/cylinder_position_estimator/lib/pkgconfig/cylinder_position_estimator.pc'
[2.908s] Level 1:colcon.colcon_core.environment:checking '/home/devika/robo_ws/install/cylinder_position_estimator/lib/python3.10/site-packages'
[2.908s] Level 1:colcon.colcon_core.shell:create_environment_hook('cylinder_position_estimator', 'pythonpath')
[2.909s] INFO:colcon.colcon_core.shell:Creating environment hook '/home/devika/robo_ws/install/cylinder_position_estimator/share/cylinder_position_estimator/hook/pythonpath.ps1'
[2.910s] INFO:colcon.colcon_core.shell:Creating environment descriptor '/home/devika/robo_ws/install/cylinder_position_estimator/share/cylinder_position_estimator/hook/pythonpath.dsv'
[2.910s] INFO:colcon.colcon_core.shell:Creating environment hook '/home/devika/robo_ws/install/cylinder_position_estimator/share/cylinder_position_estimator/hook/pythonpath.sh'
[2.911s] Level 1:colcon.colcon_core.environment:checking '/home/devika/robo_ws/install/cylinder_position_estimator/bin'
[2.912s] Level 1:colcon.colcon_core.environment:create_environment_scripts_only(cylinder_position_estimator)
[2.912s] INFO:colcon.colcon_core.shell:Creating package script '/home/devika/robo_ws/install/cylinder_position_estimator/share/cylinder_position_estimator/package.ps1'
[2.913s] INFO:colcon.colcon_core.shell:Creating package descriptor '/home/devika/robo_ws/install/cylinder_position_estimator/share/cylinder_position_estimator/package.dsv'
[2.914s] INFO:colcon.colcon_core.shell:Creating package script '/home/devika/robo_ws/install/cylinder_position_estimator/share/cylinder_position_estimator/package.sh'
[2.914s] INFO:colcon.colcon_core.shell:Creating package script '/home/devika/robo_ws/install/cylinder_position_estimator/share/cylinder_position_estimator/package.bash'
[2.915s] INFO:colcon.colcon_core.shell:Creating package script '/home/devika/robo_ws/install/cylinder_position_estimator/share/cylinder_position_estimator/package.zsh'
[2.915s] Level 1:colcon.colcon_core.environment:create_file_with_runtime_dependencies(/home/devika/robo_ws/install/cylinder_position_estimator/share/colcon-core/packages/cylinder_position_estimator)
[2.963s] Level 1:colcon.colcon_core.environment:checking '/home/devika/robo_ws/install/perception_vision' for CMake module files
[2.965s] DEBUG:colcon.colcon_core.event_handler.log_command:Invoked command in '/home/devika/robo_ws/src/perception_vision' returned '0': PYTHONPATH=/home/devika/robo_ws/build/perception_vision/prefix_override:/usr/lib/python3/dist-packages/colcon_core/task/python/colcon_distutils_commands:/home/devika/robo_ws/install/perception_vision/lib/python3.10/site-packages:${PYTHONPATH} /usr/bin/python3 -W ignore:setup.py install is deprecated -W ignore:easy_install command is deprecated setup.py egg_info --egg-base ../../build/perception_vision build --build-base /home/devika/robo_ws/build/perception_vision/build install --record /home/devika/robo_ws/build/perception_vision/install.log --single-version-externally-managed install_data
[2.965s] Level 1:colcon.colcon_core.environment:checking '/home/devika/robo_ws/install/perception_vision' for CMake config files
[2.967s] Level 1:colcon.colcon_core.environment:checking '/home/devika/robo_ws/install/perception_vision/lib'
[2.967s] Level 1:colcon.colcon_core.environment:checking '/home/devika/robo_ws/install/perception_vision/bin'
[2.967s] Level 1:colcon.colcon_core.environment:checking '/home/devika/robo_ws/install/perception_vision/lib/pkgconfig/perception_vision.pc'
[2.968s] Level 1:colcon.colcon_core.environment:checking '/home/devika/robo_ws/install/perception_vision/lib/python3.10/site-packages'
[2.968s] Level 1:colcon.colcon_core.shell:create_environment_hook('perception_vision', 'pythonpath')
[2.969s] INFO:colcon.colcon_core.shell:Creating environment hook '/home/devika/robo_ws/install/perception_vision/share/perception_vision/hook/pythonpath.ps1'
[2.970s] INFO:colcon.colcon_core.shell:Creating environment descriptor '/home/devika/robo_ws/install/perception_vision/share/perception_vision/hook/pythonpath.dsv'
[2.972s] INFO:colcon.colcon_core.shell:Creating environment hook '/home/devika/robo_ws/install/perception_vision/share/perception_vision/hook/pythonpath.sh'
[2.974s] Level 1:colcon.colcon_core.environment:checking '/home/devika/robo_ws/install/perception_vision/bin'
[2.974s] Level 1:colcon.colcon_core.environment:create_environment_scripts_only(perception_vision)
[2.975s] INFO:colcon.colcon_core.shell:Creating package script '/home/devika/robo_ws/install/perception_vision/share/perception_vision/package.ps1'
[2.977s] INFO:colcon.colcon_core.shell:Creating package descriptor '/home/devika/robo_ws/install/perception_vision/share/perception_vision/package.dsv'
[2.978s] INFO:colcon.colcon_core.shell:Creating package script '/home/devika/robo_ws/install/perception_vision/share/perception_vision/package.sh'
[2.979s] INFO:colcon.colcon_core.shell:Creating package script '/home/devika/robo_ws/install/perception_vision/share/perception_vision/package.bash'
[2.980s] INFO:colcon.colcon_core.shell:Creating package script '/home/devika/robo_ws/install/perception_vision/share/perception_vision/package.zsh'
[2.981s] Level 1:colcon.colcon_core.environment:create_file_with_runtime_dependencies(/home/devika/robo_ws/install/perception_vision/share/colcon-core/packages/perception_vision)
[4.482s] DEBUG:colcon.colcon_core.event_handler.log_command:Invoked command in '/home/devika/robo_ws/build/moveit_task_constructor_core' returned '0': CMAKE_PREFIX_PATH=/home/devika/robo_ws/install/rviz_marker_tools:/home/devika/robo_ws/install/moveit_task_constructor_msgs:/home/devika/robo_ws/install/urdf_humble_test_moveit_config:/home/devika/robo_ws/install/warehouse_ros_mongo:/home/devika/robo_ws/install/urdf_humble_test:/home/devika/robo_ws/install/moveit_task_constructor_visualization:/home/devika/robo_ws/install/moveit_task_constructor_demo:/home/devika/robo_ws/install/moveit_task_constructor_capabilities:/home/devika/robo_ws/install/hello_moveit_task_constructor:/home/devika/robo_ws/install/moveit_task_constructor_core:/home/devika/robo_ws/install/hello_moveit:/home/devika/robo_ws/install/gazebo_ros2_control:/home/devika/manga_ws/install/urdf_humble_test_moveit_config:/home/devika/manga_ws/install/urdf_humble_test:/home/devika/manga_ws/install/hello_moveit:/home/devika/some_ws/install/motoman_hc10_support:/home/devika/some_ws/install/motoman_resources:/home/devika/some_ws/install/hello_moveit:/home/devika/some_ws/install/hc20_sim_moveit_config:/home/devika/some_ws/install/hc20_moveit_config:/home/devika/some_ws/install/hc10_movit2v3:/home/devika/some_ws/install/hc10dt_moveit_config:/home/devika/robo_ws/install/perception_vision:/home/devika/robo_ws/install/cylinder_position_estimator:/opt/ros/humble LD_LIBRARY_PATH=/home/devika/robo_ws/install/rviz_marker_tools/lib:/home/devika/robo_ws/install/moveit_task_constructor_msgs/lib:/home/devika/robo_ws/install/warehouse_ros_mongo/lib:/home/devika/robo_ws/install/moveit_task_constructor_visualization/lib:/home/devika/robo_ws/install/moveit_task_constructor_demo/lib:/home/devika/robo_ws/install/moveit_task_constructor_capabilities/lib:/home/devika/robo_ws/install/hello_moveit_task_constructor/lib:/home/devika/robo_ws/install/moveit_task_constructor_core/lib:/home/devika/robo_ws/install/gazebo_ros2_control/lib:/usr/lib/x86_64-linux-gnu/gazebo-11/plugins:/opt/ros/humble/opt/rviz_ogre_vendor/lib:/opt/ros/humble/lib/x86_64-linux-gnu:/opt/ros/humble/lib:/usr/lib/x86_64-linux-gnu/gazebo-11/plugins:/usr/lib/x86_64-linux-gnu/gazebo-11/plugins:/usr/lib/x86_64-linux-gnu/gazebo-11/plugins:/usr/lib/x86_64-linux-gnu/gazebo-11/plugins:/usr/lib/x86_64-linux-gnu/gazebo-11/plugins:/usr/lib/x86_64-linux-gnu/gazebo-11/plugins:/usr/lib/x86_64-linux-gnu/gazebo-11/plugins:/usr/lib/x86_64-linux-gnu/gazebo-11/plugins:/usr/lib/x86_64-linux-gnu/gazebo-11/plugins:/usr/lib/x86_64-linux-gnu/gazebo-11/plugins /usr/bin/cmake --build /home/devika/robo_ws/build/moveit_task_constructor_core
[4.485s] DEBUG:colcon.colcon_core.event_handler.log_command:Invoking command in '/home/devika/robo_ws/build/moveit_task_constructor_core': CMAKE_PREFIX_PATH=/home/devika/robo_ws/install/rviz_marker_tools:/home/devika/robo_ws/install/moveit_task_constructor_msgs:/home/devika/robo_ws/install/urdf_humble_test_moveit_config:/home/devika/robo_ws/install/warehouse_ros_mongo:/home/devika/robo_ws/install/urdf_humble_test:/home/devika/robo_ws/install/moveit_task_constructor_visualization:/home/devika/robo_ws/install/moveit_task_constructor_demo:/home/devika/robo_ws/install/moveit_task_constructor_capabilities:/home/devika/robo_ws/install/hello_moveit_task_constructor:/home/devika/robo_ws/install/moveit_task_constructor_core:/home/devika/robo_ws/install/hello_moveit:/home/devika/robo_ws/install/gazebo_ros2_control:/home/devika/manga_ws/install/urdf_humble_test_moveit_config:/home/devika/manga_ws/install/urdf_humble_test:/home/devika/manga_ws/install/hello_moveit:/home/devika/some_ws/install/motoman_hc10_support:/home/devika/some_ws/install/motoman_resources:/home/devika/some_ws/install/hello_moveit:/home/devika/some_ws/install/hc20_sim_moveit_config:/home/devika/some_ws/install/hc20_moveit_config:/home/devika/some_ws/install/hc10_movit2v3:/home/devika/some_ws/install/hc10dt_moveit_config:/home/devika/robo_ws/install/perception_vision:/home/devika/robo_ws/install/cylinder_position_estimator:/opt/ros/humble LD_LIBRARY_PATH=/home/devika/robo_ws/install/rviz_marker_tools/lib:/home/devika/robo_ws/install/moveit_task_constructor_msgs/lib:/home/devika/robo_ws/install/warehouse_ros_mongo/lib:/home/devika/robo_ws/install/moveit_task_constructor_visualization/lib:/home/devika/robo_ws/install/moveit_task_constructor_demo/lib:/home/devika/robo_ws/install/moveit_task_constructor_capabilities/lib:/home/devika/robo_ws/install/hello_moveit_task_constructor/lib:/home/devika/robo_ws/install/moveit_task_constructor_core/lib:/home/devika/robo_ws/install/gazebo_ros2_control/lib:/usr/lib/x86_64-linux-gnu/gazebo-11/plugins:/opt/ros/humble/opt/rviz_ogre_vendor/lib:/opt/ros/humble/lib/x86_64-linux-gnu:/opt/ros/humble/lib:/usr/lib/x86_64-linux-gnu/gazebo-11/plugins:/usr/lib/x86_64-linux-gnu/gazebo-11/plugins:/usr/lib/x86_64-linux-gnu/gazebo-11/plugins:/usr/lib/x86_64-linux-gnu/gazebo-11/plugins:/usr/lib/x86_64-linux-gnu/gazebo-11/plugins:/usr/lib/x86_64-linux-gnu/gazebo-11/plugins:/usr/lib/x86_64-linux-gnu/gazebo-11/plugins:/usr/lib/x86_64-linux-gnu/gazebo-11/plugins:/usr/lib/x86_64-linux-gnu/gazebo-11/plugins:/usr/lib/x86_64-linux-gnu/gazebo-11/plugins /usr/bin/cmake --install /home/devika/robo_ws/build/moveit_task_constructor_core
[4.583s] Level 1:colcon.colcon_core.environment:create_environment_scripts_only(moveit_task_constructor_core)
[4.583s] Level 1:colcon.colcon_core.environment:checking '/home/devika/robo_ws/install/moveit_task_constructor_core' for CMake module files
[4.587s] DEBUG:colcon.colcon_core.event_handler.log_command:Invoked command in '/home/devika/robo_ws/build/moveit_task_constructor_core' returned '0': CMAKE_PREFIX_PATH=/home/devika/robo_ws/install/rviz_marker_tools:/home/devika/robo_ws/install/moveit_task_constructor_msgs:/home/devika/robo_ws/install/urdf_humble_test_moveit_config:/home/devika/robo_ws/install/warehouse_ros_mongo:/home/devika/robo_ws/install/urdf_humble_test:/home/devika/robo_ws/install/moveit_task_constructor_visualization:/home/devika/robo_ws/install/moveit_task_constructor_demo:/home/devika/robo_ws/install/moveit_task_constructor_capabilities:/home/devika/robo_ws/install/hello_moveit_task_constructor:/home/devika/robo_ws/install/moveit_task_constructor_core:/home/devika/robo_ws/install/hello_moveit:/home/devika/robo_ws/install/gazebo_ros2_control:/home/devika/manga_ws/install/urdf_humble_test_moveit_config:/home/devika/manga_ws/install/urdf_humble_test:/home/devika/manga_ws/install/hello_moveit:/home/devika/some_ws/install/motoman_hc10_support:/home/devika/some_ws/install/motoman_resources:/home/devika/some_ws/install/hello_moveit:/home/devika/some_ws/install/hc20_sim_moveit_config:/home/devika/some_ws/install/hc20_moveit_config:/home/devika/some_ws/install/hc10_movit2v3:/home/devika/some_ws/install/hc10dt_moveit_config:/home/devika/robo_ws/install/perception_vision:/home/devika/robo_ws/install/cylinder_position_estimator:/opt/ros/humble LD_LIBRARY_PATH=/home/devika/robo_ws/install/rviz_marker_tools/lib:/home/devika/robo_ws/install/moveit_task_constructor_msgs/lib:/home/devika/robo_ws/install/warehouse_ros_mongo/lib:/home/devika/robo_ws/install/moveit_task_constructor_visualization/lib:/home/devika/robo_ws/install/moveit_task_constructor_demo/lib:/home/devika/robo_ws/install/moveit_task_constructor_capabilities/lib:/home/devika/robo_ws/install/hello_moveit_task_constructor/lib:/home/devika/robo_ws/install/moveit_task_constructor_core/lib:/home/devika/robo_ws/install/gazebo_ros2_control/lib:/usr/lib/x86_64-linux-gnu/gazebo-11/plugins:/opt/ros/humble/opt/rviz_ogre_vendor/lib:/opt/ros/humble/lib/x86_64-linux-gnu:/opt/ros/humble/lib:/usr/lib/x86_64-linux-gnu/gazebo-11/plugins:/usr/lib/x86_64-linux-gnu/gazebo-11/plugins:/usr/lib/x86_64-linux-gnu/gazebo-11/plugins:/usr/lib/x86_64-linux-gnu/gazebo-11/plugins:/usr/lib/x86_64-linux-gnu/gazebo-11/plugins:/usr/lib/x86_64-linux-gnu/gazebo-11/plugins:/usr/lib/x86_64-linux-gnu/gazebo-11/plugins:/usr/lib/x86_64-linux-gnu/gazebo-11/plugins:/usr/lib/x86_64-linux-gnu/gazebo-11/plugins:/usr/lib/x86_64-linux-gnu/gazebo-11/plugins /usr/bin/cmake --install /home/devika/robo_ws/build/moveit_task_constructor_core
[4.587s] Level 1:colcon.colcon_core.shell:create_environment_hook('moveit_task_constructor_core', 'cmake_module_path')
[4.588s] INFO:colcon.colcon_core.shell:Creating environment hook '/home/devika/robo_ws/install/moveit_task_constructor_core/share/moveit_task_constructor_core/hook/cmake_module_path.ps1'
[4.589s] INFO:colcon.colcon_core.shell:Creating environment descriptor '/home/devika/robo_ws/install/moveit_task_constructor_core/share/moveit_task_constructor_core/hook/cmake_module_path.dsv'
[4.590s] INFO:colcon.colcon_core.shell:Creating environment hook '/home/devika/robo_ws/install/moveit_task_constructor_core/share/moveit_task_constructor_core/hook/cmake_module_path.sh'
[4.591s] Level 1:colcon.colcon_core.environment:checking '/home/devika/robo_ws/install/moveit_task_constructor_core' for CMake config files
[4.593s] Level 1:colcon.colcon_core.shell:create_environment_hook('moveit_task_constructor_core', 'cmake_prefix_path')
[4.593s] INFO:colcon.colcon_core.shell:Creating environment hook '/home/devika/robo_ws/install/moveit_task_constructor_core/share/moveit_task_constructor_core/hook/cmake_prefix_path.ps1'
[4.594s] INFO:colcon.colcon_core.shell:Creating environment descriptor '/home/devika/robo_ws/install/moveit_task_constructor_core/share/moveit_task_constructor_core/hook/cmake_prefix_path.dsv'
[4.595s] INFO:colcon.colcon_core.shell:Creating environment hook '/home/devika/robo_ws/install/moveit_task_constructor_core/share/moveit_task_constructor_core/hook/cmake_prefix_path.sh'
[4.597s] Level 1:colcon.colcon_core.environment:checking '/home/devika/robo_ws/install/moveit_task_constructor_core/lib'
[4.597s] Level 1:colcon.colcon_core.shell:create_environment_hook('moveit_task_constructor_core', 'ld_library_path_lib')
[4.598s] INFO:colcon.colcon_core.shell:Creating environment hook '/home/devika/robo_ws/install/moveit_task_constructor_core/share/moveit_task_constructor_core/hook/ld_library_path_lib.ps1'
[4.599s] INFO:colcon.colcon_core.shell:Creating environment descriptor '/home/devika/robo_ws/install/moveit_task_constructor_core/share/moveit_task_constructor_core/hook/ld_library_path_lib.dsv'
[4.600s] INFO:colcon.colcon_core.shell:Creating environment hook '/home/devika/robo_ws/install/moveit_task_constructor_core/share/moveit_task_constructor_core/hook/ld_library_path_lib.sh'
[4.601s] Level 1:colcon.colcon_core.environment:checking '/home/devika/robo_ws/install/moveit_task_constructor_core/bin'
[4.601s] Level 1:colcon.colcon_core.environment:checking '/home/devika/robo_ws/install/moveit_task_constructor_core/lib/pkgconfig/moveit_task_constructor_core.pc'
[4.602s] Level 1:colcon.colcon_core.environment:checking '/home/devika/robo_ws/install/moveit_task_constructor_core/lib/python3.10/site-packages'
[4.602s] Level 1:colcon.colcon_core.environment:checking '/home/devika/robo_ws/install/moveit_task_constructor_core/bin'
[4.603s] INFO:colcon.colcon_core.shell:Creating package script '/home/devika/robo_ws/install/moveit_task_constructor_core/share/moveit_task_constructor_core/package.ps1'
[4.605s] INFO:colcon.colcon_core.shell:Creating package descriptor '/home/devika/robo_ws/install/moveit_task_constructor_core/share/moveit_task_constructor_core/package.dsv'
[4.606s] INFO:colcon.colcon_core.shell:Creating package script '/home/devika/robo_ws/install/moveit_task_constructor_core/share/moveit_task_constructor_core/package.sh'
[4.608s] INFO:colcon.colcon_core.shell:Creating package script '/home/devika/robo_ws/install/moveit_task_constructor_core/share/moveit_task_constructor_core/package.bash'
[4.609s] INFO:colcon.colcon_core.shell:Creating package script '/home/devika/robo_ws/install/moveit_task_constructor_core/share/moveit_task_constructor_core/package.zsh'
[4.610s] Level 1:colcon.colcon_core.environment:create_file_with_runtime_dependencies(/home/devika/robo_ws/install/moveit_task_constructor_core/share/colcon-core/packages/moveit_task_constructor_core)
[4.611s] Level 1:colcon.colcon_core.environment:create_environment_scripts_only(moveit_task_constructor_core)
[4.612s] Level 1:colcon.colcon_core.environment:checking '/home/devika/robo_ws/install/moveit_task_constructor_core' for CMake module files
[4.614s] Level 1:colcon.colcon_core.shell:create_environment_hook('moveit_task_constructor_core', 'cmake_module_path')
[4.614s] INFO:colcon.colcon_core.shell:Creating environment hook '/home/devika/robo_ws/install/moveit_task_constructor_core/share/moveit_task_constructor_core/hook/cmake_module_path.ps1'
[4.615s] INFO:colcon.colcon_core.shell:Creating environment descriptor '/home/devika/robo_ws/install/moveit_task_constructor_core/share/moveit_task_constructor_core/hook/cmake_module_path.dsv'
[4.616s] INFO:colcon.colcon_core.shell:Creating environment hook '/home/devika/robo_ws/install/moveit_task_constructor_core/share/moveit_task_constructor_core/hook/cmake_module_path.sh'
[4.617s] Level 1:colcon.colcon_core.environment:checking '/home/devika/robo_ws/install/moveit_task_constructor_core' for CMake config files
[4.619s] Level 1:colcon.colcon_core.shell:create_environment_hook('moveit_task_constructor_core', 'cmake_prefix_path')
[4.620s] INFO:colcon.colcon_core.shell:Creating environment hook '/home/devika/robo_ws/install/moveit_task_constructor_core/share/moveit_task_constructor_core/hook/cmake_prefix_path.ps1'
[4.621s] INFO:colcon.colcon_core.shell:Creating environment descriptor '/home/devika/robo_ws/install/moveit_task_constructor_core/share/moveit_task_constructor_core/hook/cmake_prefix_path.dsv'
[4.622s] INFO:colcon.colcon_core.shell:Creating environment hook '/home/devika/robo_ws/install/moveit_task_constructor_core/share/moveit_task_constructor_core/hook/cmake_prefix_path.sh'
[4.623s] Level 1:colcon.colcon_core.environment:checking '/home/devika/robo_ws/install/moveit_task_constructor_core/lib'
[4.624s] Level 1:colcon.colcon_core.shell:create_environment_hook('moveit_task_constructor_core', 'ld_library_path_lib')
[4.624s] INFO:colcon.colcon_core.shell:Creating environment hook '/home/devika/robo_ws/install/moveit_task_constructor_core/share/moveit_task_constructor_core/hook/ld_library_path_lib.ps1'
[4.625s] INFO:colcon.colcon_core.shell:Creating environment descriptor '/home/devika/robo_ws/install/moveit_task_constructor_core/share/moveit_task_constructor_core/hook/ld_library_path_lib.dsv'
[4.626s] INFO:colcon.colcon_core.shell:Creating environment hook '/home/devika/robo_ws/install/moveit_task_constructor_core/share/moveit_task_constructor_core/hook/ld_library_path_lib.sh'
[4.627s] Level 1:colcon.colcon_core.environment:checking '/home/devika/robo_ws/install/moveit_task_constructor_core/bin'
[4.627s] Level 1:colcon.colcon_core.environment:checking '/home/devika/robo_ws/install/moveit_task_constructor_core/lib/pkgconfig/moveit_task_constructor_core.pc'
[4.628s] Level 1:colcon.colcon_core.environment:checking '/home/devika/robo_ws/install/moveit_task_constructor_core/lib/python3.10/site-packages'
[4.629s] Level 1:colcon.colcon_core.environment:checking '/home/devika/robo_ws/install/moveit_task_constructor_core/bin'
[4.630s] INFO:colcon.colcon_core.shell:Creating package script '/home/devika/robo_ws/install/moveit_task_constructor_core/share/moveit_task_constructor_core/package.ps1'
[4.631s] INFO:colcon.colcon_core.shell:Creating package descriptor '/home/devika/robo_ws/install/moveit_task_constructor_core/share/moveit_task_constructor_core/package.dsv'
[4.633s] INFO:colcon.colcon_core.shell:Creating package script '/home/devika/robo_ws/install/moveit_task_constructor_core/share/moveit_task_constructor_core/package.sh'
[4.633s] INFO:colcon.colcon_core.shell:Creating package script '/home/devika/robo_ws/install/moveit_task_constructor_core/share/moveit_task_constructor_core/package.bash'
[4.634s] INFO:colcon.colcon_core.shell:Creating package script '/home/devika/robo_ws/install/moveit_task_constructor_core/share/moveit_task_constructor_core/package.zsh'
[4.634s] Level 1:colcon.colcon_core.environment:create_file_with_runtime_dependencies(/home/devika/robo_ws/install/moveit_task_constructor_core/share/colcon-core/packages/moveit_task_constructor_core)
[4.635s] INFO:colcon.colcon_ros.task.ament_cmake.build:Building ROS package in '/home/devika/robo_ws/src/moveit_task_constructor/capabilities' with build type 'ament_cmake'
[4.635s] INFO:colcon.colcon_cmake.task.cmake.build:Building CMake package in '/home/devika/robo_ws/src/moveit_task_constructor/capabilities'
[4.635s] INFO:colcon.colcon_core.shell:Skip shell extension 'powershell' for command environment: Not usable outside of PowerShell
[4.635s] DEBUG:colcon.colcon_core.shell:Skip shell extension 'dsv' for command environment
[4.643s] INFO:colcon.colcon_ros.task.ament_cmake.build:Building ROS package in '/home/devika/robo_ws/src/hello_moveit_task_constructor' with build type 'ament_cmake'
[4.643s] INFO:colcon.colcon_cmake.task.cmake.build:Building CMake package in '/home/devika/robo_ws/src/hello_moveit_task_constructor'
[4.644s] INFO:colcon.colcon_core.shell:Skip shell extension 'powershell' for command environment: Not usable outside of PowerShell
[4.644s] DEBUG:colcon.colcon_core.shell:Skip shell extension 'dsv' for command environment
[4.652s] INFO:colcon.colcon_ros.task.ament_cmake.build:Building ROS package in '/home/devika/robo_ws/src/moveit_task_constructor/visualization' with build type 'ament_cmake'
[4.652s] INFO:colcon.colcon_cmake.task.cmake.build:Building CMake package in '/home/devika/robo_ws/src/moveit_task_constructor/visualization'
[4.652s] INFO:colcon.colcon_core.shell:Skip shell extension 'powershell' for command environment: Not usable outside of PowerShell
[4.652s] DEBUG:colcon.colcon_core.shell:Skip shell extension 'dsv' for command environment
[4.702s] DEBUG:colcon.colcon_core.event_handler.log_command:Invoking command in '/home/devika/robo_ws/build/moveit_task_constructor_capabilities': CMAKE_MODULE_PATH=/home/devika/robo_ws/install/moveit_task_constructor_core/share/moveit_task_constructor_core/cmake:/home/devika/robo_ws/install/warehouse_ros_mongo/share/warehouse_ros_mongo/cmake CMAKE_PREFIX_PATH=/home/devika/robo_ws/install/moveit_task_constructor_core:/home/devika/robo_ws/install/rviz_marker_tools:/home/devika/robo_ws/install/moveit_task_constructor_msgs:/home/devika/robo_ws/install/urdf_humble_test_moveit_config:/home/devika/robo_ws/install/warehouse_ros_mongo:/home/devika/robo_ws/install/urdf_humble_test:/home/devika/robo_ws/install/moveit_task_constructor_visualization:/home/devika/robo_ws/install/moveit_task_constructor_demo:/home/devika/robo_ws/install/moveit_task_constructor_capabilities:/home/devika/robo_ws/install/hello_moveit_task_constructor:/home/devika/robo_ws/install/hello_moveit:/home/devika/robo_ws/install/gazebo_ros2_control:/home/devika/manga_ws/install/urdf_humble_test_moveit_config:/home/devika/manga_ws/install/urdf_humble_test:/home/devika/manga_ws/install/hello_moveit:/home/devika/some_ws/install/motoman_hc10_support:/home/devika/some_ws/install/motoman_resources:/home/devika/some_ws/install/hello_moveit:/home/devika/some_ws/install/hc20_sim_moveit_config:/home/devika/some_ws/install/hc20_moveit_config:/home/devika/some_ws/install/hc10_movit2v3:/home/devika/some_ws/install/hc10dt_moveit_config:/home/devika/robo_ws/install/perception_vision:/home/devika/robo_ws/install/cylinder_position_estimator:/opt/ros/humble LD_LIBRARY_PATH=/home/devika/robo_ws/install/moveit_task_constructor_core/lib:/home/devika/robo_ws/install/rviz_marker_tools/lib:/home/devika/robo_ws/install/moveit_task_constructor_msgs/lib:/home/devika/robo_ws/install/warehouse_ros_mongo/lib:/home/devika/robo_ws/install/moveit_task_constructor_visualization/lib:/home/devika/robo_ws/install/moveit_task_constructor_demo/lib:/home/devika/robo_ws/install/moveit_task_constructor_capabilities/lib:/home/devika/robo_ws/install/hello_moveit_task_constructor/lib:/home/devika/robo_ws/install/gazebo_ros2_control/lib:/usr/lib/x86_64-linux-gnu/gazebo-11/plugins:/opt/ros/humble/opt/rviz_ogre_vendor/lib:/opt/ros/humble/lib/x86_64-linux-gnu:/opt/ros/humble/lib:/usr/lib/x86_64-linux-gnu/gazebo-11/plugins:/usr/lib/x86_64-linux-gnu/gazebo-11/plugins:/usr/lib/x86_64-linux-gnu/gazebo-11/plugins:/usr/lib/x86_64-linux-gnu/gazebo-11/plugins:/usr/lib/x86_64-linux-gnu/gazebo-11/plugins:/usr/lib/x86_64-linux-gnu/gazebo-11/plugins:/usr/lib/x86_64-linux-gnu/gazebo-11/plugins:/usr/lib/x86_64-linux-gnu/gazebo-11/plugins:/usr/lib/x86_64-linux-gnu/gazebo-11/plugins:/usr/lib/x86_64-linux-gnu/gazebo-11/plugins /usr/bin/cmake --build /home/devika/robo_ws/build/moveit_task_constructor_capabilities
[4.708s] DEBUG:colcon.colcon_core.event_handler.log_command:Invoking command in '/home/devika/robo_ws/build/hello_moveit_task_constructor': CMAKE_MODULE_PATH=/home/devika/robo_ws/install/moveit_task_constructor_core/share/moveit_task_constructor_core/cmake:/home/devika/robo_ws/install/warehouse_ros_mongo/share/warehouse_ros_mongo/cmake CMAKE_PREFIX_PATH=/home/devika/robo_ws/install/moveit_task_constructor_core:/home/devika/robo_ws/install/rviz_marker_tools:/home/devika/robo_ws/install/moveit_task_constructor_msgs:/home/devika/robo_ws/install/urdf_humble_test_moveit_config:/home/devika/robo_ws/install/warehouse_ros_mongo:/home/devika/robo_ws/install/urdf_humble_test:/home/devika/robo_ws/install/moveit_task_constructor_visualization:/home/devika/robo_ws/install/moveit_task_constructor_demo:/home/devika/robo_ws/install/moveit_task_constructor_capabilities:/home/devika/robo_ws/install/hello_moveit_task_constructor:/home/devika/robo_ws/install/hello_moveit:/home/devika/robo_ws/install/gazebo_ros2_control:/home/devika/manga_ws/install/urdf_humble_test_moveit_config:/home/devika/manga_ws/install/urdf_humble_test:/home/devika/manga_ws/install/hello_moveit:/home/devika/some_ws/install/motoman_hc10_support:/home/devika/some_ws/install/motoman_resources:/home/devika/some_ws/install/hello_moveit:/home/devika/some_ws/install/hc20_sim_moveit_config:/home/devika/some_ws/install/hc20_moveit_config:/home/devika/some_ws/install/hc10_movit2v3:/home/devika/some_ws/install/hc10dt_moveit_config:/home/devika/robo_ws/install/perception_vision:/home/devika/robo_ws/install/cylinder_position_estimator:/opt/ros/humble LD_LIBRARY_PATH=/home/devika/robo_ws/install/moveit_task_constructor_core/lib:/home/devika/robo_ws/install/rviz_marker_tools/lib:/home/devika/robo_ws/install/moveit_task_constructor_msgs/lib:/home/devika/robo_ws/install/warehouse_ros_mongo/lib:/home/devika/robo_ws/install/moveit_task_constructor_visualization/lib:/home/devika/robo_ws/install/moveit_task_constructor_demo/lib:/home/devika/robo_ws/install/moveit_task_constructor_capabilities/lib:/home/devika/robo_ws/install/hello_moveit_task_constructor/lib:/home/devika/robo_ws/install/gazebo_ros2_control/lib:/usr/lib/x86_64-linux-gnu/gazebo-11/plugins:/opt/ros/humble/opt/rviz_ogre_vendor/lib:/opt/ros/humble/lib/x86_64-linux-gnu:/opt/ros/humble/lib:/usr/lib/x86_64-linux-gnu/gazebo-11/plugins:/usr/lib/x86_64-linux-gnu/gazebo-11/plugins:/usr/lib/x86_64-linux-gnu/gazebo-11/plugins:/usr/lib/x86_64-linux-gnu/gazebo-11/plugins:/usr/lib/x86_64-linux-gnu/gazebo-11/plugins:/usr/lib/x86_64-linux-gnu/gazebo-11/plugins:/usr/lib/x86_64-linux-gnu/gazebo-11/plugins:/usr/lib/x86_64-linux-gnu/gazebo-11/plugins:/usr/lib/x86_64-linux-gnu/gazebo-11/plugins:/usr/lib/x86_64-linux-gnu/gazebo-11/plugins /usr/bin/cmake --build /home/devika/robo_ws/build/hello_moveit_task_constructor
[4.712s] DEBUG:colcon.colcon_core.event_handler.log_command:Invoking command in '/home/devika/robo_ws/build/moveit_task_constructor_visualization': CMAKE_MODULE_PATH=/home/devika/robo_ws/install/moveit_task_constructor_core/share/moveit_task_constructor_core/cmake:/home/devika/robo_ws/install/warehouse_ros_mongo/share/warehouse_ros_mongo/cmake CMAKE_PREFIX_PATH=/home/devika/robo_ws/install/moveit_task_constructor_core:/home/devika/robo_ws/install/rviz_marker_tools:/home/devika/robo_ws/install/moveit_task_constructor_msgs:/home/devika/robo_ws/install/urdf_humble_test_moveit_config:/home/devika/robo_ws/install/warehouse_ros_mongo:/home/devika/robo_ws/install/urdf_humble_test:/home/devika/robo_ws/install/moveit_task_constructor_visualization:/home/devika/robo_ws/install/moveit_task_constructor_demo:/home/devika/robo_ws/install/moveit_task_constructor_capabilities:/home/devika/robo_ws/install/hello_moveit_task_constructor:/home/devika/robo_ws/install/hello_moveit:/home/devika/robo_ws/install/gazebo_ros2_control:/home/devika/manga_ws/install/urdf_humble_test_moveit_config:/home/devika/manga_ws/install/urdf_humble_test:/home/devika/manga_ws/install/hello_moveit:/home/devika/some_ws/install/motoman_hc10_support:/home/devika/some_ws/install/motoman_resources:/home/devika/some_ws/install/hello_moveit:/home/devika/some_ws/install/hc20_sim_moveit_config:/home/devika/some_ws/install/hc20_moveit_config:/home/devika/some_ws/install/hc10_movit2v3:/home/devika/some_ws/install/hc10dt_moveit_config:/home/devika/robo_ws/install/perception_vision:/home/devika/robo_ws/install/cylinder_position_estimator:/opt/ros/humble LD_LIBRARY_PATH=/home/devika/robo_ws/install/moveit_task_constructor_core/lib:/home/devika/robo_ws/install/rviz_marker_tools/lib:/home/devika/robo_ws/install/moveit_task_constructor_msgs/lib:/home/devika/robo_ws/install/warehouse_ros_mongo/lib:/home/devika/robo_ws/install/moveit_task_constructor_visualization/lib:/home/devika/robo_ws/install/moveit_task_constructor_demo/lib:/home/devika/robo_ws/install/moveit_task_constructor_capabilities/lib:/home/devika/robo_ws/install/hello_moveit_task_constructor/lib:/home/devika/robo_ws/install/gazebo_ros2_control/lib:/usr/lib/x86_64-linux-gnu/gazebo-11/plugins:/opt/ros/humble/opt/rviz_ogre_vendor/lib:/opt/ros/humble/lib/x86_64-linux-gnu:/opt/ros/humble/lib:/usr/lib/x86_64-linux-gnu/gazebo-11/plugins:/usr/lib/x86_64-linux-gnu/gazebo-11/plugins:/usr/lib/x86_64-linux-gnu/gazebo-11/plugins:/usr/lib/x86_64-linux-gnu/gazebo-11/plugins:/usr/lib/x86_64-linux-gnu/gazebo-11/plugins:/usr/lib/x86_64-linux-gnu/gazebo-11/plugins:/usr/lib/x86_64-linux-gnu/gazebo-11/plugins:/usr/lib/x86_64-linux-gnu/gazebo-11/plugins:/usr/lib/x86_64-linux-gnu/gazebo-11/plugins:/usr/lib/x86_64-linux-gnu/gazebo-11/plugins /usr/bin/cmake --build /home/devika/robo_ws/build/moveit_task_constructor_visualization
[4.840s] DEBUG:colcon.colcon_core.event_handler.log_command:Invoked command in '/home/devika/robo_ws/build/moveit_task_constructor_capabilities' returned '0': CMAKE_MODULE_PATH=/home/devika/robo_ws/install/moveit_task_constructor_core/share/moveit_task_constructor_core/cmake:/home/devika/robo_ws/install/warehouse_ros_mongo/share/warehouse_ros_mongo/cmake CMAKE_PREFIX_PATH=/home/devika/robo_ws/install/moveit_task_constructor_core:/home/devika/robo_ws/install/rviz_marker_tools:/home/devika/robo_ws/install/moveit_task_constructor_msgs:/home/devika/robo_ws/install/urdf_humble_test_moveit_config:/home/devika/robo_ws/install/warehouse_ros_mongo:/home/devika/robo_ws/install/urdf_humble_test:/home/devika/robo_ws/install/moveit_task_constructor_visualization:/home/devika/robo_ws/install/moveit_task_constructor_demo:/home/devika/robo_ws/install/moveit_task_constructor_capabilities:/home/devika/robo_ws/install/hello_moveit_task_constructor:/home/devika/robo_ws/install/hello_moveit:/home/devika/robo_ws/install/gazebo_ros2_control:/home/devika/manga_ws/install/urdf_humble_test_moveit_config:/home/devika/manga_ws/install/urdf_humble_test:/home/devika/manga_ws/install/hello_moveit:/home/devika/some_ws/install/motoman_hc10_support:/home/devika/some_ws/install/motoman_resources:/home/devika/some_ws/install/hello_moveit:/home/devika/some_ws/install/hc20_sim_moveit_config:/home/devika/some_ws/install/hc20_moveit_config:/home/devika/some_ws/install/hc10_movit2v3:/home/devika/some_ws/install/hc10dt_moveit_config:/home/devika/robo_ws/install/perception_vision:/home/devika/robo_ws/install/cylinder_position_estimator:/opt/ros/humble LD_LIBRARY_PATH=/home/devika/robo_ws/install/moveit_task_constructor_core/lib:/home/devika/robo_ws/install/rviz_marker_tools/lib:/home/devika/robo_ws/install/moveit_task_constructor_msgs/lib:/home/devika/robo_ws/install/warehouse_ros_mongo/lib:/home/devika/robo_ws/install/moveit_task_constructor_visualization/lib:/home/devika/robo_ws/install/moveit_task_constructor_demo/lib:/home/devika/robo_ws/install/moveit_task_constructor_capabilities/lib:/home/devika/robo_ws/install/hello_moveit_task_constructor/lib:/home/devika/robo_ws/install/gazebo_ros2_control/lib:/usr/lib/x86_64-linux-gnu/gazebo-11/plugins:/opt/ros/humble/opt/rviz_ogre_vendor/lib:/opt/ros/humble/lib/x86_64-linux-gnu:/opt/ros/humble/lib:/usr/lib/x86_64-linux-gnu/gazebo-11/plugins:/usr/lib/x86_64-linux-gnu/gazebo-11/plugins:/usr/lib/x86_64-linux-gnu/gazebo-11/plugins:/usr/lib/x86_64-linux-gnu/gazebo-11/plugins:/usr/lib/x86_64-linux-gnu/gazebo-11/plugins:/usr/lib/x86_64-linux-gnu/gazebo-11/plugins:/usr/lib/x86_64-linux-gnu/gazebo-11/plugins:/usr/lib/x86_64-linux-gnu/gazebo-11/plugins:/usr/lib/x86_64-linux-gnu/gazebo-11/plugins:/usr/lib/x86_64-linux-gnu/gazebo-11/plugins /usr/bin/cmake --build /home/devika/robo_ws/build/moveit_task_constructor_capabilities
[4.843s] DEBUG:colcon.colcon_core.event_handler.log_command:Invoking command in '/home/devika/robo_ws/build/moveit_task_constructor_capabilities': CMAKE_MODULE_PATH=/home/devika/robo_ws/install/moveit_task_constructor_core/share/moveit_task_constructor_core/cmake:/home/devika/robo_ws/install/warehouse_ros_mongo/share/warehouse_ros_mongo/cmake CMAKE_PREFIX_PATH=/home/devika/robo_ws/install/moveit_task_constructor_core:/home/devika/robo_ws/install/rviz_marker_tools:/home/devika/robo_ws/install/moveit_task_constructor_msgs:/home/devika/robo_ws/install/urdf_humble_test_moveit_config:/home/devika/robo_ws/install/warehouse_ros_mongo:/home/devika/robo_ws/install/urdf_humble_test:/home/devika/robo_ws/install/moveit_task_constructor_visualization:/home/devika/robo_ws/install/moveit_task_constructor_demo:/home/devika/robo_ws/install/moveit_task_constructor_capabilities:/home/devika/robo_ws/install/hello_moveit_task_constructor:/home/devika/robo_ws/install/hello_moveit:/home/devika/robo_ws/install/gazebo_ros2_control:/home/devika/manga_ws/install/urdf_humble_test_moveit_config:/home/devika/manga_ws/install/urdf_humble_test:/home/devika/manga_ws/install/hello_moveit:/home/devika/some_ws/install/motoman_hc10_support:/home/devika/some_ws/install/motoman_resources:/home/devika/some_ws/install/hello_moveit:/home/devika/some_ws/install/hc20_sim_moveit_config:/home/devika/some_ws/install/hc20_moveit_config:/home/devika/some_ws/install/hc10_movit2v3:/home/devika/some_ws/install/hc10dt_moveit_config:/home/devika/robo_ws/install/perception_vision:/home/devika/robo_ws/install/cylinder_position_estimator:/opt/ros/humble LD_LIBRARY_PATH=/home/devika/robo_ws/install/moveit_task_constructor_core/lib:/home/devika/robo_ws/install/rviz_marker_tools/lib:/home/devika/robo_ws/install/moveit_task_constructor_msgs/lib:/home/devika/robo_ws/install/warehouse_ros_mongo/lib:/home/devika/robo_ws/install/moveit_task_constructor_visualization/lib:/home/devika/robo_ws/install/moveit_task_constructor_demo/lib:/home/devika/robo_ws/install/moveit_task_constructor_capabilities/lib:/home/devika/robo_ws/install/hello_moveit_task_constructor/lib:/home/devika/robo_ws/install/gazebo_ros2_control/lib:/usr/lib/x86_64-linux-gnu/gazebo-11/plugins:/opt/ros/humble/opt/rviz_ogre_vendor/lib:/opt/ros/humble/lib/x86_64-linux-gnu:/opt/ros/humble/lib:/usr/lib/x86_64-linux-gnu/gazebo-11/plugins:/usr/lib/x86_64-linux-gnu/gazebo-11/plugins:/usr/lib/x86_64-linux-gnu/gazebo-11/plugins:/usr/lib/x86_64-linux-gnu/gazebo-11/plugins:/usr/lib/x86_64-linux-gnu/gazebo-11/plugins:/usr/lib/x86_64-linux-gnu/gazebo-11/plugins:/usr/lib/x86_64-linux-gnu/gazebo-11/plugins:/usr/lib/x86_64-linux-gnu/gazebo-11/plugins:/usr/lib/x86_64-linux-gnu/gazebo-11/plugins:/usr/lib/x86_64-linux-gnu/gazebo-11/plugins /usr/bin/cmake --install /home/devika/robo_ws/build/moveit_task_constructor_capabilities
[4.860s] Level 1:colcon.colcon_core.environment:create_environment_scripts_only(moveit_task_constructor_capabilities)
[4.861s] Level 1:colcon.colcon_core.environment:checking '/home/devika/robo_ws/install/moveit_task_constructor_capabilities' for CMake module files
[4.862s] DEBUG:colcon.colcon_core.event_handler.log_command:Invoked command in '/home/devika/robo_ws/build/moveit_task_constructor_capabilities' returned '0': CMAKE_MODULE_PATH=/home/devika/robo_ws/install/moveit_task_constructor_core/share/moveit_task_constructor_core/cmake:/home/devika/robo_ws/install/warehouse_ros_mongo/share/warehouse_ros_mongo/cmake CMAKE_PREFIX_PATH=/home/devika/robo_ws/install/moveit_task_constructor_core:/home/devika/robo_ws/install/rviz_marker_tools:/home/devika/robo_ws/install/moveit_task_constructor_msgs:/home/devika/robo_ws/install/urdf_humble_test_moveit_config:/home/devika/robo_ws/install/warehouse_ros_mongo:/home/devika/robo_ws/install/urdf_humble_test:/home/devika/robo_ws/install/moveit_task_constructor_visualization:/home/devika/robo_ws/install/moveit_task_constructor_demo:/home/devika/robo_ws/install/moveit_task_constructor_capabilities:/home/devika/robo_ws/install/hello_moveit_task_constructor:/home/devika/robo_ws/install/hello_moveit:/home/devika/robo_ws/install/gazebo_ros2_control:/home/devika/manga_ws/install/urdf_humble_test_moveit_config:/home/devika/manga_ws/install/urdf_humble_test:/home/devika/manga_ws/install/hello_moveit:/home/devika/some_ws/install/motoman_hc10_support:/home/devika/some_ws/install/motoman_resources:/home/devika/some_ws/install/hello_moveit:/home/devika/some_ws/install/hc20_sim_moveit_config:/home/devika/some_ws/install/hc20_moveit_config:/home/devika/some_ws/install/hc10_movit2v3:/home/devika/some_ws/install/hc10dt_moveit_config:/home/devika/robo_ws/install/perception_vision:/home/devika/robo_ws/install/cylinder_position_estimator:/opt/ros/humble LD_LIBRARY_PATH=/home/devika/robo_ws/install/moveit_task_constructor_core/lib:/home/devika/robo_ws/install/rviz_marker_tools/lib:/home/devika/robo_ws/install/moveit_task_constructor_msgs/lib:/home/devika/robo_ws/install/warehouse_ros_mongo/lib:/home/devika/robo_ws/install/moveit_task_constructor_visualization/lib:/home/devika/robo_ws/install/moveit_task_constructor_demo/lib:/home/devika/robo_ws/install/moveit_task_constructor_capabilities/lib:/home/devika/robo_ws/install/hello_moveit_task_constructor/lib:/home/devika/robo_ws/install/gazebo_ros2_control/lib:/usr/lib/x86_64-linux-gnu/gazebo-11/plugins:/opt/ros/humble/opt/rviz_ogre_vendor/lib:/opt/ros/humble/lib/x86_64-linux-gnu:/opt/ros/humble/lib:/usr/lib/x86_64-linux-gnu/gazebo-11/plugins:/usr/lib/x86_64-linux-gnu/gazebo-11/plugins:/usr/lib/x86_64-linux-gnu/gazebo-11/plugins:/usr/lib/x86_64-linux-gnu/gazebo-11/plugins:/usr/lib/x86_64-linux-gnu/gazebo-11/plugins:/usr/lib/x86_64-linux-gnu/gazebo-11/plugins:/usr/lib/x86_64-linux-gnu/gazebo-11/plugins:/usr/lib/x86_64-linux-gnu/gazebo-11/plugins:/usr/lib/x86_64-linux-gnu/gazebo-11/plugins:/usr/lib/x86_64-linux-gnu/gazebo-11/plugins /usr/bin/cmake --install /home/devika/robo_ws/build/moveit_task_constructor_capabilities
[4.862s] Level 1:colcon.colcon_core.environment:checking '/home/devika/robo_ws/install/moveit_task_constructor_capabilities' for CMake config files
[4.863s] Level 1:colcon.colcon_core.shell:create_environment_hook('moveit_task_constructor_capabilities', 'cmake_prefix_path')
[4.863s] INFO:colcon.colcon_core.shell:Creating environment hook '/home/devika/robo_ws/install/moveit_task_constructor_capabilities/share/moveit_task_constructor_capabilities/hook/cmake_prefix_path.ps1'
[4.864s] INFO:colcon.colcon_core.shell:Creating environment descriptor '/home/devika/robo_ws/install/moveit_task_constructor_capabilities/share/moveit_task_constructor_capabilities/hook/cmake_prefix_path.dsv'
[4.865s] INFO:colcon.colcon_core.shell:Creating environment hook '/home/devika/robo_ws/install/moveit_task_constructor_capabilities/share/moveit_task_constructor_capabilities/hook/cmake_prefix_path.sh'
[4.866s] Level 1:colcon.colcon_core.environment:checking '/home/devika/robo_ws/install/moveit_task_constructor_capabilities/lib'
[4.866s] Level 1:colcon.colcon_core.shell:create_environment_hook('moveit_task_constructor_capabilities', 'ld_library_path_lib')
[4.866s] INFO:colcon.colcon_core.shell:Creating environment hook '/home/devika/robo_ws/install/moveit_task_constructor_capabilities/share/moveit_task_constructor_capabilities/hook/ld_library_path_lib.ps1'
[4.867s] INFO:colcon.colcon_core.shell:Creating environment descriptor '/home/devika/robo_ws/install/moveit_task_constructor_capabilities/share/moveit_task_constructor_capabilities/hook/ld_library_path_lib.dsv'
[4.867s] INFO:colcon.colcon_core.shell:Creating environment hook '/home/devika/robo_ws/install/moveit_task_constructor_capabilities/share/moveit_task_constructor_capabilities/hook/ld_library_path_lib.sh'
[4.868s] Level 1:colcon.colcon_core.environment:checking '/home/devika/robo_ws/install/moveit_task_constructor_capabilities/bin'
[4.868s] Level 1:colcon.colcon_core.environment:checking '/home/devika/robo_ws/install/moveit_task_constructor_capabilities/lib/pkgconfig/moveit_task_constructor_capabilities.pc'
[4.868s] Level 1:colcon.colcon_core.environment:checking '/home/devika/robo_ws/install/moveit_task_constructor_capabilities/lib/python3.10/site-packages'
[4.869s] Level 1:colcon.colcon_core.environment:checking '/home/devika/robo_ws/install/moveit_task_constructor_capabilities/bin'
[4.869s] INFO:colcon.colcon_core.shell:Creating package script '/home/devika/robo_ws/install/moveit_task_constructor_capabilities/share/moveit_task_constructor_capabilities/package.ps1'
[4.870s] INFO:colcon.colcon_core.shell:Creating package descriptor '/home/devika/robo_ws/install/moveit_task_constructor_capabilities/share/moveit_task_constructor_capabilities/package.dsv'
[4.871s] INFO:colcon.colcon_core.shell:Creating package script '/home/devika/robo_ws/install/moveit_task_constructor_capabilities/share/moveit_task_constructor_capabilities/package.sh'
[4.872s] INFO:colcon.colcon_core.shell:Creating package script '/home/devika/robo_ws/install/moveit_task_constructor_capabilities/share/moveit_task_constructor_capabilities/package.bash'
[4.872s] INFO:colcon.colcon_core.shell:Creating package script '/home/devika/robo_ws/install/moveit_task_constructor_capabilities/share/moveit_task_constructor_capabilities/package.zsh'
[4.873s] Level 1:colcon.colcon_core.environment:create_file_with_runtime_dependencies(/home/devika/robo_ws/install/moveit_task_constructor_capabilities/share/colcon-core/packages/moveit_task_constructor_capabilities)
[4.874s] Level 1:colcon.colcon_core.environment:create_environment_scripts_only(moveit_task_constructor_capabilities)
[4.874s] Level 1:colcon.colcon_core.environment:checking '/home/devika/robo_ws/install/moveit_task_constructor_capabilities' for CMake module files
[4.874s] Level 1:colcon.colcon_core.environment:checking '/home/devika/robo_ws/install/moveit_task_constructor_capabilities' for CMake config files
[4.875s] Level 1:colcon.colcon_core.shell:create_environment_hook('moveit_task_constructor_capabilities', 'cmake_prefix_path')
[4.875s] INFO:colcon.colcon_core.shell:Creating environment hook '/home/devika/robo_ws/install/moveit_task_constructor_capabilities/share/moveit_task_constructor_capabilities/hook/cmake_prefix_path.ps1'
[4.876s] INFO:colcon.colcon_core.shell:Creating environment descriptor '/home/devika/robo_ws/install/moveit_task_constructor_capabilities/share/moveit_task_constructor_capabilities/hook/cmake_prefix_path.dsv'
[4.876s] INFO:colcon.colcon_core.shell:Creating environment hook '/home/devika/robo_ws/install/moveit_task_constructor_capabilities/share/moveit_task_constructor_capabilities/hook/cmake_prefix_path.sh'
[4.877s] Level 1:colcon.colcon_core.environment:checking '/home/devika/robo_ws/install/moveit_task_constructor_capabilities/lib'
[4.877s] Level 1:colcon.colcon_core.shell:create_environment_hook('moveit_task_constructor_capabilities', 'ld_library_path_lib')
[4.878s] INFO:colcon.colcon_core.shell:Creating environment hook '/home/devika/robo_ws/install/moveit_task_constructor_capabilities/share/moveit_task_constructor_capabilities/hook/ld_library_path_lib.ps1'
[4.878s] INFO:colcon.colcon_core.shell:Creating environment descriptor '/home/devika/robo_ws/install/moveit_task_constructor_capabilities/share/moveit_task_constructor_capabilities/hook/ld_library_path_lib.dsv'
[4.879s] INFO:colcon.colcon_core.shell:Creating environment hook '/home/devika/robo_ws/install/moveit_task_constructor_capabilities/share/moveit_task_constructor_capabilities/hook/ld_library_path_lib.sh'
[4.880s] Level 1:colcon.colcon_core.environment:checking '/home/devika/robo_ws/install/moveit_task_constructor_capabilities/bin'
[4.880s] Level 1:colcon.colcon_core.environment:checking '/home/devika/robo_ws/install/moveit_task_constructor_capabilities/lib/pkgconfig/moveit_task_constructor_capabilities.pc'
[4.880s] Level 1:colcon.colcon_core.environment:checking '/home/devika/robo_ws/install/moveit_task_constructor_capabilities/lib/python3.10/site-packages'
[4.880s] Level 1:colcon.colcon_core.environment:checking '/home/devika/robo_ws/install/moveit_task_constructor_capabilities/bin'
[4.881s] INFO:colcon.colcon_core.shell:Creating package script '/home/devika/robo_ws/install/moveit_task_constructor_capabilities/share/moveit_task_constructor_capabilities/package.ps1'
[4.882s] INFO:colcon.colcon_core.shell:Creating package descriptor '/home/devika/robo_ws/install/moveit_task_constructor_capabilities/share/moveit_task_constructor_capabilities/package.dsv'
[4.882s] INFO:colcon.colcon_core.shell:Creating package script '/home/devika/robo_ws/install/moveit_task_constructor_capabilities/share/moveit_task_constructor_capabilities/package.sh'
[4.883s] INFO:colcon.colcon_core.shell:Creating package script '/home/devika/robo_ws/install/moveit_task_constructor_capabilities/share/moveit_task_constructor_capabilities/package.bash'
[4.884s] INFO:colcon.colcon_core.shell:Creating package script '/home/devika/robo_ws/install/moveit_task_constructor_capabilities/share/moveit_task_constructor_capabilities/package.zsh'
[4.885s] Level 1:colcon.colcon_core.environment:create_file_with_runtime_dependencies(/home/devika/robo_ws/install/moveit_task_constructor_capabilities/share/colcon-core/packages/moveit_task_constructor_capabilities)
[4.886s] INFO:colcon.colcon_ros.task.ament_cmake.build:Building ROS package in '/home/devika/robo_ws/src/moveit_task_constructor/demo' with build type 'ament_cmake'
[4.886s] INFO:colcon.colcon_cmake.task.cmake.build:Building CMake package in '/home/devika/robo_ws/src/moveit_task_constructor/demo'
[4.886s] INFO:colcon.colcon_core.shell:Skip shell extension 'powershell' for command environment: Not usable outside of PowerShell
[4.886s] DEBUG:colcon.colcon_core.shell:Skip shell extension 'dsv' for command environment
[4.924s] DEBUG:colcon.colcon_core.event_handler.log_command:Invoking command in '/home/devika/robo_ws/build/moveit_task_constructor_demo': CMAKE_MODULE_PATH=/home/devika/robo_ws/install/moveit_task_constructor_core/share/moveit_task_constructor_core/cmake:/home/devika/robo_ws/install/warehouse_ros_mongo/share/warehouse_ros_mongo/cmake CMAKE_PREFIX_PATH=/home/devika/robo_ws/install/moveit_task_constructor_capabilities:/home/devika/robo_ws/install/moveit_task_constructor_core:/home/devika/robo_ws/install/rviz_marker_tools:/home/devika/robo_ws/install/moveit_task_constructor_msgs:/home/devika/robo_ws/install/urdf_humble_test_moveit_config:/home/devika/robo_ws/install/warehouse_ros_mongo:/home/devika/robo_ws/install/urdf_humble_test:/home/devika/robo_ws/install/moveit_task_constructor_visualization:/home/devika/robo_ws/install/moveit_task_constructor_demo:/home/devika/robo_ws/install/hello_moveit_task_constructor:/home/devika/robo_ws/install/hello_moveit:/home/devika/robo_ws/install/gazebo_ros2_control:/home/devika/manga_ws/install/urdf_humble_test_moveit_config:/home/devika/manga_ws/install/urdf_humble_test:/home/devika/manga_ws/install/hello_moveit:/home/devika/some_ws/install/motoman_hc10_support:/home/devika/some_ws/install/motoman_resources:/home/devika/some_ws/install/hello_moveit:/home/devika/some_ws/install/hc20_sim_moveit_config:/home/devika/some_ws/install/hc20_moveit_config:/home/devika/some_ws/install/hc10_movit2v3:/home/devika/some_ws/install/hc10dt_moveit_config:/home/devika/robo_ws/install/perception_vision:/home/devika/robo_ws/install/cylinder_position_estimator:/opt/ros/humble LD_LIBRARY_PATH=/home/devika/robo_ws/install/moveit_task_constructor_capabilities/lib:/home/devika/robo_ws/install/moveit_task_constructor_core/lib:/home/devika/robo_ws/install/rviz_marker_tools/lib:/home/devika/robo_ws/install/moveit_task_constructor_msgs/lib:/home/devika/robo_ws/install/warehouse_ros_mongo/lib:/home/devika/robo_ws/install/moveit_task_constructor_visualization/lib:/home/devika/robo_ws/install/moveit_task_constructor_demo/lib:/home/devika/robo_ws/install/hello_moveit_task_constructor/lib:/home/devika/robo_ws/install/gazebo_ros2_control/lib:/usr/lib/x86_64-linux-gnu/gazebo-11/plugins:/opt/ros/humble/opt/rviz_ogre_vendor/lib:/opt/ros/humble/lib/x86_64-linux-gnu:/opt/ros/humble/lib:/usr/lib/x86_64-linux-gnu/gazebo-11/plugins:/usr/lib/x86_64-linux-gnu/gazebo-11/plugins:/usr/lib/x86_64-linux-gnu/gazebo-11/plugins:/usr/lib/x86_64-linux-gnu/gazebo-11/plugins:/usr/lib/x86_64-linux-gnu/gazebo-11/plugins:/usr/lib/x86_64-linux-gnu/gazebo-11/plugins:/usr/lib/x86_64-linux-gnu/gazebo-11/plugins:/usr/lib/x86_64-linux-gnu/gazebo-11/plugins:/usr/lib/x86_64-linux-gnu/gazebo-11/plugins:/usr/lib/x86_64-linux-gnu/gazebo-11/plugins /usr/bin/cmake --build /home/devika/robo_ws/build/moveit_task_constructor_demo
[5.323s] DEBUG:colcon.colcon_core.event_handler.log_command:Invoked command in '/home/devika/robo_ws/build/hello_moveit_task_constructor' returned '0': CMAKE_MODULE_PATH=/home/devika/robo_ws/install/moveit_task_constructor_core/share/moveit_task_constructor_core/cmake:/home/devika/robo_ws/install/warehouse_ros_mongo/share/warehouse_ros_mongo/cmake CMAKE_PREFIX_PATH=/home/devika/robo_ws/install/moveit_task_constructor_core:/home/devika/robo_ws/install/rviz_marker_tools:/home/devika/robo_ws/install/moveit_task_constructor_msgs:/home/devika/robo_ws/install/urdf_humble_test_moveit_config:/home/devika/robo_ws/install/warehouse_ros_mongo:/home/devika/robo_ws/install/urdf_humble_test:/home/devika/robo_ws/install/moveit_task_constructor_visualization:/home/devika/robo_ws/install/moveit_task_constructor_demo:/home/devika/robo_ws/install/moveit_task_constructor_capabilities:/home/devika/robo_ws/install/hello_moveit_task_constructor:/home/devika/robo_ws/install/hello_moveit:/home/devika/robo_ws/install/gazebo_ros2_control:/home/devika/manga_ws/install/urdf_humble_test_moveit_config:/home/devika/manga_ws/install/urdf_humble_test:/home/devika/manga_ws/install/hello_moveit:/home/devika/some_ws/install/motoman_hc10_support:/home/devika/some_ws/install/motoman_resources:/home/devika/some_ws/install/hello_moveit:/home/devika/some_ws/install/hc20_sim_moveit_config:/home/devika/some_ws/install/hc20_moveit_config:/home/devika/some_ws/install/hc10_movit2v3:/home/devika/some_ws/install/hc10dt_moveit_config:/home/devika/robo_ws/install/perception_vision:/home/devika/robo_ws/install/cylinder_position_estimator:/opt/ros/humble LD_LIBRARY_PATH=/home/devika/robo_ws/install/moveit_task_constructor_core/lib:/home/devika/robo_ws/install/rviz_marker_tools/lib:/home/devika/robo_ws/install/moveit_task_constructor_msgs/lib:/home/devika/robo_ws/install/warehouse_ros_mongo/lib:/home/devika/robo_ws/install/moveit_task_constructor_visualization/lib:/home/devika/robo_ws/install/moveit_task_constructor_demo/lib:/home/devika/robo_ws/install/moveit_task_constructor_capabilities/lib:/home/devika/robo_ws/install/hello_moveit_task_constructor/lib:/home/devika/robo_ws/install/gazebo_ros2_control/lib:/usr/lib/x86_64-linux-gnu/gazebo-11/plugins:/opt/ros/humble/opt/rviz_ogre_vendor/lib:/opt/ros/humble/lib/x86_64-linux-gnu:/opt/ros/humble/lib:/usr/lib/x86_64-linux-gnu/gazebo-11/plugins:/usr/lib/x86_64-linux-gnu/gazebo-11/plugins:/usr/lib/x86_64-linux-gnu/gazebo-11/plugins:/usr/lib/x86_64-linux-gnu/gazebo-11/plugins:/usr/lib/x86_64-linux-gnu/gazebo-11/plugins:/usr/lib/x86_64-linux-gnu/gazebo-11/plugins:/usr/lib/x86_64-linux-gnu/gazebo-11/plugins:/usr/lib/x86_64-linux-gnu/gazebo-11/plugins:/usr/lib/x86_64-linux-gnu/gazebo-11/plugins:/usr/lib/x86_64-linux-gnu/gazebo-11/plugins /usr/bin/cmake --build /home/devika/robo_ws/build/hello_moveit_task_constructor
[5.326s] DEBUG:colcon.colcon_core.event_handler.log_command:Invoking command in '/home/devika/robo_ws/build/hello_moveit_task_constructor': CMAKE_MODULE_PATH=/home/devika/robo_ws/install/moveit_task_constructor_core/share/moveit_task_constructor_core/cmake:/home/devika/robo_ws/install/warehouse_ros_mongo/share/warehouse_ros_mongo/cmake CMAKE_PREFIX_PATH=/home/devika/robo_ws/install/moveit_task_constructor_core:/home/devika/robo_ws/install/rviz_marker_tools:/home/devika/robo_ws/install/moveit_task_constructor_msgs:/home/devika/robo_ws/install/urdf_humble_test_moveit_config:/home/devika/robo_ws/install/warehouse_ros_mongo:/home/devika/robo_ws/install/urdf_humble_test:/home/devika/robo_ws/install/moveit_task_constructor_visualization:/home/devika/robo_ws/install/moveit_task_constructor_demo:/home/devika/robo_ws/install/moveit_task_constructor_capabilities:/home/devika/robo_ws/install/hello_moveit_task_constructor:/home/devika/robo_ws/install/hello_moveit:/home/devika/robo_ws/install/gazebo_ros2_control:/home/devika/manga_ws/install/urdf_humble_test_moveit_config:/home/devika/manga_ws/install/urdf_humble_test:/home/devika/manga_ws/install/hello_moveit:/home/devika/some_ws/install/motoman_hc10_support:/home/devika/some_ws/install/motoman_resources:/home/devika/some_ws/install/hello_moveit:/home/devika/some_ws/install/hc20_sim_moveit_config:/home/devika/some_ws/install/hc20_moveit_config:/home/devika/some_ws/install/hc10_movit2v3:/home/devika/some_ws/install/hc10dt_moveit_config:/home/devika/robo_ws/install/perception_vision:/home/devika/robo_ws/install/cylinder_position_estimator:/opt/ros/humble LD_LIBRARY_PATH=/home/devika/robo_ws/install/moveit_task_constructor_core/lib:/home/devika/robo_ws/install/rviz_marker_tools/lib:/home/devika/robo_ws/install/moveit_task_constructor_msgs/lib:/home/devika/robo_ws/install/warehouse_ros_mongo/lib:/home/devika/robo_ws/install/moveit_task_constructor_visualization/lib:/home/devika/robo_ws/install/moveit_task_constructor_demo/lib:/home/devika/robo_ws/install/moveit_task_constructor_capabilities/lib:/home/devika/robo_ws/install/hello_moveit_task_constructor/lib:/home/devika/robo_ws/install/gazebo_ros2_control/lib:/usr/lib/x86_64-linux-gnu/gazebo-11/plugins:/opt/ros/humble/opt/rviz_ogre_vendor/lib:/opt/ros/humble/lib/x86_64-linux-gnu:/opt/ros/humble/lib:/usr/lib/x86_64-linux-gnu/gazebo-11/plugins:/usr/lib/x86_64-linux-gnu/gazebo-11/plugins:/usr/lib/x86_64-linux-gnu/gazebo-11/plugins:/usr/lib/x86_64-linux-gnu/gazebo-11/plugins:/usr/lib/x86_64-linux-gnu/gazebo-11/plugins:/usr/lib/x86_64-linux-gnu/gazebo-11/plugins:/usr/lib/x86_64-linux-gnu/gazebo-11/plugins:/usr/lib/x86_64-linux-gnu/gazebo-11/plugins:/usr/lib/x86_64-linux-gnu/gazebo-11/plugins:/usr/lib/x86_64-linux-gnu/gazebo-11/plugins /usr/bin/cmake --install /home/devika/robo_ws/build/hello_moveit_task_constructor
[5.347s] Level 1:colcon.colcon_core.environment:create_environment_scripts_only(hello_moveit_task_constructor)
[5.348s] Level 1:colcon.colcon_core.environment:checking '/home/devika/robo_ws/install/hello_moveit_task_constructor' for CMake module files
[5.348s] DEBUG:colcon.colcon_core.event_handler.log_command:Invoked command in '/home/devika/robo_ws/build/hello_moveit_task_constructor' returned '0': CMAKE_MODULE_PATH=/home/devika/robo_ws/install/moveit_task_constructor_core/share/moveit_task_constructor_core/cmake:/home/devika/robo_ws/install/warehouse_ros_mongo/share/warehouse_ros_mongo/cmake CMAKE_PREFIX_PATH=/home/devika/robo_ws/install/moveit_task_constructor_core:/home/devika/robo_ws/install/rviz_marker_tools:/home/devika/robo_ws/install/moveit_task_constructor_msgs:/home/devika/robo_ws/install/urdf_humble_test_moveit_config:/home/devika/robo_ws/install/warehouse_ros_mongo:/home/devika/robo_ws/install/urdf_humble_test:/home/devika/robo_ws/install/moveit_task_constructor_visualization:/home/devika/robo_ws/install/moveit_task_constructor_demo:/home/devika/robo_ws/install/moveit_task_constructor_capabilities:/home/devika/robo_ws/install/hello_moveit_task_constructor:/home/devika/robo_ws/install/hello_moveit:/home/devika/robo_ws/install/gazebo_ros2_control:/home/devika/manga_ws/install/urdf_humble_test_moveit_config:/home/devika/manga_ws/install/urdf_humble_test:/home/devika/manga_ws/install/hello_moveit:/home/devika/some_ws/install/motoman_hc10_support:/home/devika/some_ws/install/motoman_resources:/home/devika/some_ws/install/hello_moveit:/home/devika/some_ws/install/hc20_sim_moveit_config:/home/devika/some_ws/install/hc20_moveit_config:/home/devika/some_ws/install/hc10_movit2v3:/home/devika/some_ws/install/hc10dt_moveit_config:/home/devika/robo_ws/install/perception_vision:/home/devika/robo_ws/install/cylinder_position_estimator:/opt/ros/humble LD_LIBRARY_PATH=/home/devika/robo_ws/install/moveit_task_constructor_core/lib:/home/devika/robo_ws/install/rviz_marker_tools/lib:/home/devika/robo_ws/install/moveit_task_constructor_msgs/lib:/home/devika/robo_ws/install/warehouse_ros_mongo/lib:/home/devika/robo_ws/install/moveit_task_constructor_visualization/lib:/home/devika/robo_ws/install/moveit_task_constructor_demo/lib:/home/devika/robo_ws/install/moveit_task_constructor_capabilities/lib:/home/devika/robo_ws/install/hello_moveit_task_constructor/lib:/home/devika/robo_ws/install/gazebo_ros2_control/lib:/usr/lib/x86_64-linux-gnu/gazebo-11/plugins:/opt/ros/humble/opt/rviz_ogre_vendor/lib:/opt/ros/humble/lib/x86_64-linux-gnu:/opt/ros/humble/lib:/usr/lib/x86_64-linux-gnu/gazebo-11/plugins:/usr/lib/x86_64-linux-gnu/gazebo-11/plugins:/usr/lib/x86_64-linux-gnu/gazebo-11/plugins:/usr/lib/x86_64-linux-gnu/gazebo-11/plugins:/usr/lib/x86_64-linux-gnu/gazebo-11/plugins:/usr/lib/x86_64-linux-gnu/gazebo-11/plugins:/usr/lib/x86_64-linux-gnu/gazebo-11/plugins:/usr/lib/x86_64-linux-gnu/gazebo-11/plugins:/usr/lib/x86_64-linux-gnu/gazebo-11/plugins:/usr/lib/x86_64-linux-gnu/gazebo-11/plugins /usr/bin/cmake --install /home/devika/robo_ws/build/hello_moveit_task_constructor
[5.349s] Level 1:colcon.colcon_core.environment:checking '/home/devika/robo_ws/install/hello_moveit_task_constructor' for CMake config files
[5.350s] Level 1:colcon.colcon_core.shell:create_environment_hook('hello_moveit_task_constructor', 'cmake_prefix_path')
[5.350s] INFO:colcon.colcon_core.shell:Creating environment hook '/home/devika/robo_ws/install/hello_moveit_task_constructor/share/hello_moveit_task_constructor/hook/cmake_prefix_path.ps1'
[5.351s] INFO:colcon.colcon_core.shell:Creating environment descriptor '/home/devika/robo_ws/install/hello_moveit_task_constructor/share/hello_moveit_task_constructor/hook/cmake_prefix_path.dsv'
[5.352s] INFO:colcon.colcon_core.shell:Creating environment hook '/home/devika/robo_ws/install/hello_moveit_task_constructor/share/hello_moveit_task_constructor/hook/cmake_prefix_path.sh'
[5.353s] Level 1:colcon.colcon_core.environment:checking '/home/devika/robo_ws/install/hello_moveit_task_constructor/lib'
[5.353s] Level 1:colcon.colcon_core.shell:create_environment_hook('hello_moveit_task_constructor', 'ld_library_path_lib')
[5.354s] INFO:colcon.colcon_core.shell:Creating environment hook '/home/devika/robo_ws/install/hello_moveit_task_constructor/share/hello_moveit_task_constructor/hook/ld_library_path_lib.ps1'
[5.354s] INFO:colcon.colcon_core.shell:Creating environment descriptor '/home/devika/robo_ws/install/hello_moveit_task_constructor/share/hello_moveit_task_constructor/hook/ld_library_path_lib.dsv'
[5.355s] INFO:colcon.colcon_core.shell:Creating environment hook '/home/devika/robo_ws/install/hello_moveit_task_constructor/share/hello_moveit_task_constructor/hook/ld_library_path_lib.sh'
[5.356s] Level 1:colcon.colcon_core.environment:checking '/home/devika/robo_ws/install/hello_moveit_task_constructor/bin'
[5.356s] Level 1:colcon.colcon_core.environment:checking '/home/devika/robo_ws/install/hello_moveit_task_constructor/lib/pkgconfig/hello_moveit_task_constructor.pc'
[5.356s] Level 1:colcon.colcon_core.environment:checking '/home/devika/robo_ws/install/hello_moveit_task_constructor/lib/python3.10/site-packages'
[5.356s] Level 1:colcon.colcon_core.environment:checking '/home/devika/robo_ws/install/hello_moveit_task_constructor/bin'
[5.357s] INFO:colcon.colcon_core.shell:Creating package script '/home/devika/robo_ws/install/hello_moveit_task_constructor/share/hello_moveit_task_constructor/package.ps1'
[5.358s] INFO:colcon.colcon_core.shell:Creating package descriptor '/home/devika/robo_ws/install/hello_moveit_task_constructor/share/hello_moveit_task_constructor/package.dsv'
[5.359s] INFO:colcon.colcon_core.shell:Creating package script '/home/devika/robo_ws/install/hello_moveit_task_constructor/share/hello_moveit_task_constructor/package.sh'
[5.359s] INFO:colcon.colcon_core.shell:Creating package script '/home/devika/robo_ws/install/hello_moveit_task_constructor/share/hello_moveit_task_constructor/package.bash'
[5.360s] INFO:colcon.colcon_core.shell:Creating package script '/home/devika/robo_ws/install/hello_moveit_task_constructor/share/hello_moveit_task_constructor/package.zsh'
[5.361s] Level 1:colcon.colcon_core.environment:create_file_with_runtime_dependencies(/home/devika/robo_ws/install/hello_moveit_task_constructor/share/colcon-core/packages/hello_moveit_task_constructor)
[5.362s] Level 1:colcon.colcon_core.environment:create_environment_scripts_only(hello_moveit_task_constructor)
[5.362s] Level 1:colcon.colcon_core.environment:checking '/home/devika/robo_ws/install/hello_moveit_task_constructor' for CMake module files
[5.363s] Level 1:colcon.colcon_core.environment:checking '/home/devika/robo_ws/install/hello_moveit_task_constructor' for CMake config files
[5.363s] Level 1:colcon.colcon_core.shell:create_environment_hook('hello_moveit_task_constructor', 'cmake_prefix_path')
[5.364s] INFO:colcon.colcon_core.shell:Creating environment hook '/home/devika/robo_ws/install/hello_moveit_task_constructor/share/hello_moveit_task_constructor/hook/cmake_prefix_path.ps1'
[5.365s] INFO:colcon.colcon_core.shell:Creating environment descriptor '/home/devika/robo_ws/install/hello_moveit_task_constructor/share/hello_moveit_task_constructor/hook/cmake_prefix_path.dsv'
[5.365s] INFO:colcon.colcon_core.shell:Creating environment hook '/home/devika/robo_ws/install/hello_moveit_task_constructor/share/hello_moveit_task_constructor/hook/cmake_prefix_path.sh'
[5.366s] Level 1:colcon.colcon_core.environment:checking '/home/devika/robo_ws/install/hello_moveit_task_constructor/lib'
[5.366s] Level 1:colcon.colcon_core.shell:create_environment_hook('hello_moveit_task_constructor', 'ld_library_path_lib')
[5.367s] INFO:colcon.colcon_core.shell:Creating environment hook '/home/devika/robo_ws/install/hello_moveit_task_constructor/share/hello_moveit_task_constructor/hook/ld_library_path_lib.ps1'
[5.367s] INFO:colcon.colcon_core.shell:Creating environment descriptor '/home/devika/robo_ws/install/hello_moveit_task_constructor/share/hello_moveit_task_constructor/hook/ld_library_path_lib.dsv'
[5.368s] INFO:colcon.colcon_core.shell:Creating environment hook '/home/devika/robo_ws/install/hello_moveit_task_constructor/share/hello_moveit_task_constructor/hook/ld_library_path_lib.sh'
[5.369s] Level 1:colcon.colcon_core.environment:checking '/home/devika/robo_ws/install/hello_moveit_task_constructor/bin'
[5.369s] Level 1:colcon.colcon_core.environment:checking '/home/devika/robo_ws/install/hello_moveit_task_constructor/lib/pkgconfig/hello_moveit_task_constructor.pc'
[5.369s] Level 1:colcon.colcon_core.environment:checking '/home/devika/robo_ws/install/hello_moveit_task_constructor/lib/python3.10/site-packages'
[5.369s] Level 1:colcon.colcon_core.environment:checking '/home/devika/robo_ws/install/hello_moveit_task_constructor/bin'
[5.370s] INFO:colcon.colcon_core.shell:Creating package script '/home/devika/robo_ws/install/hello_moveit_task_constructor/share/hello_moveit_task_constructor/package.ps1'
[5.371s] INFO:colcon.colcon_core.shell:Creating package descriptor '/home/devika/robo_ws/install/hello_moveit_task_constructor/share/hello_moveit_task_constructor/package.dsv'
[5.372s] INFO:colcon.colcon_core.shell:Creating package script '/home/devika/robo_ws/install/hello_moveit_task_constructor/share/hello_moveit_task_constructor/package.sh'
[5.372s] INFO:colcon.colcon_core.shell:Creating package script '/home/devika/robo_ws/install/hello_moveit_task_constructor/share/hello_moveit_task_constructor/package.bash'
[5.373s] INFO:colcon.colcon_core.shell:Creating package script '/home/devika/robo_ws/install/hello_moveit_task_constructor/share/hello_moveit_task_constructor/package.zsh'
[5.374s] Level 1:colcon.colcon_core.environment:create_file_with_runtime_dependencies(/home/devika/robo_ws/install/hello_moveit_task_constructor/share/colcon-core/packages/hello_moveit_task_constructor)
[5.465s] DEBUG:colcon.colcon_core.event_handler.log_command:Invoked command in '/home/devika/robo_ws/build/moveit_task_constructor_demo' returned '0': CMAKE_MODULE_PATH=/home/devika/robo_ws/install/moveit_task_constructor_core/share/moveit_task_constructor_core/cmake:/home/devika/robo_ws/install/warehouse_ros_mongo/share/warehouse_ros_mongo/cmake CMAKE_PREFIX_PATH=/home/devika/robo_ws/install/moveit_task_constructor_capabilities:/home/devika/robo_ws/install/moveit_task_constructor_core:/home/devika/robo_ws/install/rviz_marker_tools:/home/devika/robo_ws/install/moveit_task_constructor_msgs:/home/devika/robo_ws/install/urdf_humble_test_moveit_config:/home/devika/robo_ws/install/warehouse_ros_mongo:/home/devika/robo_ws/install/urdf_humble_test:/home/devika/robo_ws/install/moveit_task_constructor_visualization:/home/devika/robo_ws/install/moveit_task_constructor_demo:/home/devika/robo_ws/install/hello_moveit_task_constructor:/home/devika/robo_ws/install/hello_moveit:/home/devika/robo_ws/install/gazebo_ros2_control:/home/devika/manga_ws/install/urdf_humble_test_moveit_config:/home/devika/manga_ws/install/urdf_humble_test:/home/devika/manga_ws/install/hello_moveit:/home/devika/some_ws/install/motoman_hc10_support:/home/devika/some_ws/install/motoman_resources:/home/devika/some_ws/install/hello_moveit:/home/devika/some_ws/install/hc20_sim_moveit_config:/home/devika/some_ws/install/hc20_moveit_config:/home/devika/some_ws/install/hc10_movit2v3:/home/devika/some_ws/install/hc10dt_moveit_config:/home/devika/robo_ws/install/perception_vision:/home/devika/robo_ws/install/cylinder_position_estimator:/opt/ros/humble LD_LIBRARY_PATH=/home/devika/robo_ws/install/moveit_task_constructor_capabilities/lib:/home/devika/robo_ws/install/moveit_task_constructor_core/lib:/home/devika/robo_ws/install/rviz_marker_tools/lib:/home/devika/robo_ws/install/moveit_task_constructor_msgs/lib:/home/devika/robo_ws/install/warehouse_ros_mongo/lib:/home/devika/robo_ws/install/moveit_task_constructor_visualization/lib:/home/devika/robo_ws/install/moveit_task_constructor_demo/lib:/home/devika/robo_ws/install/hello_moveit_task_constructor/lib:/home/devika/robo_ws/install/gazebo_ros2_control/lib:/usr/lib/x86_64-linux-gnu/gazebo-11/plugins:/opt/ros/humble/opt/rviz_ogre_vendor/lib:/opt/ros/humble/lib/x86_64-linux-gnu:/opt/ros/humble/lib:/usr/lib/x86_64-linux-gnu/gazebo-11/plugins:/usr/lib/x86_64-linux-gnu/gazebo-11/plugins:/usr/lib/x86_64-linux-gnu/gazebo-11/plugins:/usr/lib/x86_64-linux-gnu/gazebo-11/plugins:/usr/lib/x86_64-linux-gnu/gazebo-11/plugins:/usr/lib/x86_64-linux-gnu/gazebo-11/plugins:/usr/lib/x86_64-linux-gnu/gazebo-11/plugins:/usr/lib/x86_64-linux-gnu/gazebo-11/plugins:/usr/lib/x86_64-linux-gnu/gazebo-11/plugins:/usr/lib/x86_64-linux-gnu/gazebo-11/plugins /usr/bin/cmake --build /home/devika/robo_ws/build/moveit_task_constructor_demo
[5.468s] DEBUG:colcon.colcon_core.event_handler.log_command:Invoking command in '/home/devika/robo_ws/build/moveit_task_constructor_demo': CMAKE_MODULE_PATH=/home/devika/robo_ws/install/moveit_task_constructor_core/share/moveit_task_constructor_core/cmake:/home/devika/robo_ws/install/warehouse_ros_mongo/share/warehouse_ros_mongo/cmake CMAKE_PREFIX_PATH=/home/devika/robo_ws/install/moveit_task_constructor_capabilities:/home/devika/robo_ws/install/moveit_task_constructor_core:/home/devika/robo_ws/install/rviz_marker_tools:/home/devika/robo_ws/install/moveit_task_constructor_msgs:/home/devika/robo_ws/install/urdf_humble_test_moveit_config:/home/devika/robo_ws/install/warehouse_ros_mongo:/home/devika/robo_ws/install/urdf_humble_test:/home/devika/robo_ws/install/moveit_task_constructor_visualization:/home/devika/robo_ws/install/moveit_task_constructor_demo:/home/devika/robo_ws/install/hello_moveit_task_constructor:/home/devika/robo_ws/install/hello_moveit:/home/devika/robo_ws/install/gazebo_ros2_control:/home/devika/manga_ws/install/urdf_humble_test_moveit_config:/home/devika/manga_ws/install/urdf_humble_test:/home/devika/manga_ws/install/hello_moveit:/home/devika/some_ws/install/motoman_hc10_support:/home/devika/some_ws/install/motoman_resources:/home/devika/some_ws/install/hello_moveit:/home/devika/some_ws/install/hc20_sim_moveit_config:/home/devika/some_ws/install/hc20_moveit_config:/home/devika/some_ws/install/hc10_movit2v3:/home/devika/some_ws/install/hc10dt_moveit_config:/home/devika/robo_ws/install/perception_vision:/home/devika/robo_ws/install/cylinder_position_estimator:/opt/ros/humble LD_LIBRARY_PATH=/home/devika/robo_ws/install/moveit_task_constructor_capabilities/lib:/home/devika/robo_ws/install/moveit_task_constructor_core/lib:/home/devika/robo_ws/install/rviz_marker_tools/lib:/home/devika/robo_ws/install/moveit_task_constructor_msgs/lib:/home/devika/robo_ws/install/warehouse_ros_mongo/lib:/home/devika/robo_ws/install/moveit_task_constructor_visualization/lib:/home/devika/robo_ws/install/moveit_task_constructor_demo/lib:/home/devika/robo_ws/install/hello_moveit_task_constructor/lib:/home/devika/robo_ws/install/gazebo_ros2_control/lib:/usr/lib/x86_64-linux-gnu/gazebo-11/plugins:/opt/ros/humble/opt/rviz_ogre_vendor/lib:/opt/ros/humble/lib/x86_64-linux-gnu:/opt/ros/humble/lib:/usr/lib/x86_64-linux-gnu/gazebo-11/plugins:/usr/lib/x86_64-linux-gnu/gazebo-11/plugins:/usr/lib/x86_64-linux-gnu/gazebo-11/plugins:/usr/lib/x86_64-linux-gnu/gazebo-11/plugins:/usr/lib/x86_64-linux-gnu/gazebo-11/plugins:/usr/lib/x86_64-linux-gnu/gazebo-11/plugins:/usr/lib/x86_64-linux-gnu/gazebo-11/plugins:/usr/lib/x86_64-linux-gnu/gazebo-11/plugins:/usr/lib/x86_64-linux-gnu/gazebo-11/plugins:/usr/lib/x86_64-linux-gnu/gazebo-11/plugins /usr/bin/cmake --install /home/devika/robo_ws/build/moveit_task_constructor_demo
[5.492s] Level 1:colcon.colcon_core.environment:create_environment_scripts_only(moveit_task_constructor_demo)
[5.492s] Level 1:colcon.colcon_core.environment:checking '/home/devika/robo_ws/install/moveit_task_constructor_demo' for CMake module files
[5.494s] DEBUG:colcon.colcon_core.event_handler.log_command:Invoked command in '/home/devika/robo_ws/build/moveit_task_constructor_demo' returned '0': CMAKE_MODULE_PATH=/home/devika/robo_ws/install/moveit_task_constructor_core/share/moveit_task_constructor_core/cmake:/home/devika/robo_ws/install/warehouse_ros_mongo/share/warehouse_ros_mongo/cmake CMAKE_PREFIX_PATH=/home/devika/robo_ws/install/moveit_task_constructor_capabilities:/home/devika/robo_ws/install/moveit_task_constructor_core:/home/devika/robo_ws/install/rviz_marker_tools:/home/devika/robo_ws/install/moveit_task_constructor_msgs:/home/devika/robo_ws/install/urdf_humble_test_moveit_config:/home/devika/robo_ws/install/warehouse_ros_mongo:/home/devika/robo_ws/install/urdf_humble_test:/home/devika/robo_ws/install/moveit_task_constructor_visualization:/home/devika/robo_ws/install/moveit_task_constructor_demo:/home/devika/robo_ws/install/hello_moveit_task_constructor:/home/devika/robo_ws/install/hello_moveit:/home/devika/robo_ws/install/gazebo_ros2_control:/home/devika/manga_ws/install/urdf_humble_test_moveit_config:/home/devika/manga_ws/install/urdf_humble_test:/home/devika/manga_ws/install/hello_moveit:/home/devika/some_ws/install/motoman_hc10_support:/home/devika/some_ws/install/motoman_resources:/home/devika/some_ws/install/hello_moveit:/home/devika/some_ws/install/hc20_sim_moveit_config:/home/devika/some_ws/install/hc20_moveit_config:/home/devika/some_ws/install/hc10_movit2v3:/home/devika/some_ws/install/hc10dt_moveit_config:/home/devika/robo_ws/install/perception_vision:/home/devika/robo_ws/install/cylinder_position_estimator:/opt/ros/humble LD_LIBRARY_PATH=/home/devika/robo_ws/install/moveit_task_constructor_capabilities/lib:/home/devika/robo_ws/install/moveit_task_constructor_core/lib:/home/devika/robo_ws/install/rviz_marker_tools/lib:/home/devika/robo_ws/install/moveit_task_constructor_msgs/lib:/home/devika/robo_ws/install/warehouse_ros_mongo/lib:/home/devika/robo_ws/install/moveit_task_constructor_visualization/lib:/home/devika/robo_ws/install/moveit_task_constructor_demo/lib:/home/devika/robo_ws/install/hello_moveit_task_constructor/lib:/home/devika/robo_ws/install/gazebo_ros2_control/lib:/usr/lib/x86_64-linux-gnu/gazebo-11/plugins:/opt/ros/humble/opt/rviz_ogre_vendor/lib:/opt/ros/humble/lib/x86_64-linux-gnu:/opt/ros/humble/lib:/usr/lib/x86_64-linux-gnu/gazebo-11/plugins:/usr/lib/x86_64-linux-gnu/gazebo-11/plugins:/usr/lib/x86_64-linux-gnu/gazebo-11/plugins:/usr/lib/x86_64-linux-gnu/gazebo-11/plugins:/usr/lib/x86_64-linux-gnu/gazebo-11/plugins:/usr/lib/x86_64-linux-gnu/gazebo-11/plugins:/usr/lib/x86_64-linux-gnu/gazebo-11/plugins:/usr/lib/x86_64-linux-gnu/gazebo-11/plugins:/usr/lib/x86_64-linux-gnu/gazebo-11/plugins:/usr/lib/x86_64-linux-gnu/gazebo-11/plugins /usr/bin/cmake --install /home/devika/robo_ws/build/moveit_task_constructor_demo
[5.494s] Level 1:colcon.colcon_core.environment:checking '/home/devika/robo_ws/install/moveit_task_constructor_demo' for CMake config files
[5.495s] Level 1:colcon.colcon_core.shell:create_environment_hook('moveit_task_constructor_demo', 'cmake_prefix_path')
[5.495s] INFO:colcon.colcon_core.shell:Creating environment hook '/home/devika/robo_ws/install/moveit_task_constructor_demo/share/moveit_task_constructor_demo/hook/cmake_prefix_path.ps1'
[5.496s] INFO:colcon.colcon_core.shell:Creating environment descriptor '/home/devika/robo_ws/install/moveit_task_constructor_demo/share/moveit_task_constructor_demo/hook/cmake_prefix_path.dsv'
[5.497s] INFO:colcon.colcon_core.shell:Creating environment hook '/home/devika/robo_ws/install/moveit_task_constructor_demo/share/moveit_task_constructor_demo/hook/cmake_prefix_path.sh'
[5.498s] Level 1:colcon.colcon_core.environment:checking '/home/devika/robo_ws/install/moveit_task_constructor_demo/lib'
[5.498s] Level 1:colcon.colcon_core.shell:create_environment_hook('moveit_task_constructor_demo', 'ld_library_path_lib')
[5.498s] INFO:colcon.colcon_core.shell:Creating environment hook '/home/devika/robo_ws/install/moveit_task_constructor_demo/share/moveit_task_constructor_demo/hook/ld_library_path_lib.ps1'
[5.499s] INFO:colcon.colcon_core.shell:Creating environment descriptor '/home/devika/robo_ws/install/moveit_task_constructor_demo/share/moveit_task_constructor_demo/hook/ld_library_path_lib.dsv'
[5.499s] INFO:colcon.colcon_core.shell:Creating environment hook '/home/devika/robo_ws/install/moveit_task_constructor_demo/share/moveit_task_constructor_demo/hook/ld_library_path_lib.sh'
[5.500s] Level 1:colcon.colcon_core.environment:checking '/home/devika/robo_ws/install/moveit_task_constructor_demo/bin'
[5.500s] Level 1:colcon.colcon_core.environment:checking '/home/devika/robo_ws/install/moveit_task_constructor_demo/lib/pkgconfig/moveit_task_constructor_demo.pc'
[5.500s] Level 1:colcon.colcon_core.environment:checking '/home/devika/robo_ws/install/moveit_task_constructor_demo/lib/python3.10/site-packages'
[5.500s] Level 1:colcon.colcon_core.environment:checking '/home/devika/robo_ws/install/moveit_task_constructor_demo/bin'
[5.501s] INFO:colcon.colcon_core.shell:Creating package script '/home/devika/robo_ws/install/moveit_task_constructor_demo/share/moveit_task_constructor_demo/package.ps1'
[5.502s] INFO:colcon.colcon_core.shell:Creating package descriptor '/home/devika/robo_ws/install/moveit_task_constructor_demo/share/moveit_task_constructor_demo/package.dsv'
[5.503s] INFO:colcon.colcon_core.shell:Creating package script '/home/devika/robo_ws/install/moveit_task_constructor_demo/share/moveit_task_constructor_demo/package.sh'
[5.504s] INFO:colcon.colcon_core.shell:Creating package script '/home/devika/robo_ws/install/moveit_task_constructor_demo/share/moveit_task_constructor_demo/package.bash'
[5.504s] INFO:colcon.colcon_core.shell:Creating package script '/home/devika/robo_ws/install/moveit_task_constructor_demo/share/moveit_task_constructor_demo/package.zsh'
[5.505s] Level 1:colcon.colcon_core.environment:create_file_with_runtime_dependencies(/home/devika/robo_ws/install/moveit_task_constructor_demo/share/colcon-core/packages/moveit_task_constructor_demo)
[5.505s] Level 1:colcon.colcon_core.environment:create_environment_scripts_only(moveit_task_constructor_demo)
[5.506s] Level 1:colcon.colcon_core.environment:checking '/home/devika/robo_ws/install/moveit_task_constructor_demo' for CMake module files
[5.507s] Level 1:colcon.colcon_core.environment:checking '/home/devika/robo_ws/install/moveit_task_constructor_demo' for CMake config files
[5.507s] Level 1:colcon.colcon_core.shell:create_environment_hook('moveit_task_constructor_demo', 'cmake_prefix_path')
[5.507s] INFO:colcon.colcon_core.shell:Creating environment hook '/home/devika/robo_ws/install/moveit_task_constructor_demo/share/moveit_task_constructor_demo/hook/cmake_prefix_path.ps1'
[5.508s] INFO:colcon.colcon_core.shell:Creating environment descriptor '/home/devika/robo_ws/install/moveit_task_constructor_demo/share/moveit_task_constructor_demo/hook/cmake_prefix_path.dsv'
[5.508s] INFO:colcon.colcon_core.shell:Creating environment hook '/home/devika/robo_ws/install/moveit_task_constructor_demo/share/moveit_task_constructor_demo/hook/cmake_prefix_path.sh'
[5.509s] Level 1:colcon.colcon_core.environment:checking '/home/devika/robo_ws/install/moveit_task_constructor_demo/lib'
[5.509s] Level 1:colcon.colcon_core.shell:create_environment_hook('moveit_task_constructor_demo', 'ld_library_path_lib')
[5.510s] INFO:colcon.colcon_core.shell:Creating environment hook '/home/devika/robo_ws/install/moveit_task_constructor_demo/share/moveit_task_constructor_demo/hook/ld_library_path_lib.ps1'
[5.510s] INFO:colcon.colcon_core.shell:Creating environment descriptor '/home/devika/robo_ws/install/moveit_task_constructor_demo/share/moveit_task_constructor_demo/hook/ld_library_path_lib.dsv'
[5.510s] INFO:colcon.colcon_core.shell:Creating environment hook '/home/devika/robo_ws/install/moveit_task_constructor_demo/share/moveit_task_constructor_demo/hook/ld_library_path_lib.sh'
[5.511s] Level 1:colcon.colcon_core.environment:checking '/home/devika/robo_ws/install/moveit_task_constructor_demo/bin'
[5.511s] Level 1:colcon.colcon_core.environment:checking '/home/devika/robo_ws/install/moveit_task_constructor_demo/lib/pkgconfig/moveit_task_constructor_demo.pc'
[5.511s] Level 1:colcon.colcon_core.environment:checking '/home/devika/robo_ws/install/moveit_task_constructor_demo/lib/python3.10/site-packages'
[5.512s] Level 1:colcon.colcon_core.environment:checking '/home/devika/robo_ws/install/moveit_task_constructor_demo/bin'
[5.512s] INFO:colcon.colcon_core.shell:Creating package script '/home/devika/robo_ws/install/moveit_task_constructor_demo/share/moveit_task_constructor_demo/package.ps1'
[5.513s] INFO:colcon.colcon_core.shell:Creating package descriptor '/home/devika/robo_ws/install/moveit_task_constructor_demo/share/moveit_task_constructor_demo/package.dsv'
[5.514s] INFO:colcon.colcon_core.shell:Creating package script '/home/devika/robo_ws/install/moveit_task_constructor_demo/share/moveit_task_constructor_demo/package.sh'
[5.514s] INFO:colcon.colcon_core.shell:Creating package script '/home/devika/robo_ws/install/moveit_task_constructor_demo/share/moveit_task_constructor_demo/package.bash'
[5.515s] INFO:colcon.colcon_core.shell:Creating package script '/home/devika/robo_ws/install/moveit_task_constructor_demo/share/moveit_task_constructor_demo/package.zsh'
[5.515s] Level 1:colcon.colcon_core.environment:create_file_with_runtime_dependencies(/home/devika/robo_ws/install/moveit_task_constructor_demo/share/colcon-core/packages/moveit_task_constructor_demo)
[6.390s] DEBUG:colcon.colcon_core.event_handler.log_command:Invoked command in '/home/devika/robo_ws/build/moveit_task_constructor_visualization' returned '0': CMAKE_MODULE_PATH=/home/devika/robo_ws/install/moveit_task_constructor_core/share/moveit_task_constructor_core/cmake:/home/devika/robo_ws/install/warehouse_ros_mongo/share/warehouse_ros_mongo/cmake CMAKE_PREFIX_PATH=/home/devika/robo_ws/install/moveit_task_constructor_core:/home/devika/robo_ws/install/rviz_marker_tools:/home/devika/robo_ws/install/moveit_task_constructor_msgs:/home/devika/robo_ws/install/urdf_humble_test_moveit_config:/home/devika/robo_ws/install/warehouse_ros_mongo:/home/devika/robo_ws/install/urdf_humble_test:/home/devika/robo_ws/install/moveit_task_constructor_visualization:/home/devika/robo_ws/install/moveit_task_constructor_demo:/home/devika/robo_ws/install/moveit_task_constructor_capabilities:/home/devika/robo_ws/install/hello_moveit_task_constructor:/home/devika/robo_ws/install/hello_moveit:/home/devika/robo_ws/install/gazebo_ros2_control:/home/devika/manga_ws/install/urdf_humble_test_moveit_config:/home/devika/manga_ws/install/urdf_humble_test:/home/devika/manga_ws/install/hello_moveit:/home/devika/some_ws/install/motoman_hc10_support:/home/devika/some_ws/install/motoman_resources:/home/devika/some_ws/install/hello_moveit:/home/devika/some_ws/install/hc20_sim_moveit_config:/home/devika/some_ws/install/hc20_moveit_config:/home/devika/some_ws/install/hc10_movit2v3:/home/devika/some_ws/install/hc10dt_moveit_config:/home/devika/robo_ws/install/perception_vision:/home/devika/robo_ws/install/cylinder_position_estimator:/opt/ros/humble LD_LIBRARY_PATH=/home/devika/robo_ws/install/moveit_task_constructor_core/lib:/home/devika/robo_ws/install/rviz_marker_tools/lib:/home/devika/robo_ws/install/moveit_task_constructor_msgs/lib:/home/devika/robo_ws/install/warehouse_ros_mongo/lib:/home/devika/robo_ws/install/moveit_task_constructor_visualization/lib:/home/devika/robo_ws/install/moveit_task_constructor_demo/lib:/home/devika/robo_ws/install/moveit_task_constructor_capabilities/lib:/home/devika/robo_ws/install/hello_moveit_task_constructor/lib:/home/devika/robo_ws/install/gazebo_ros2_control/lib:/usr/lib/x86_64-linux-gnu/gazebo-11/plugins:/opt/ros/humble/opt/rviz_ogre_vendor/lib:/opt/ros/humble/lib/x86_64-linux-gnu:/opt/ros/humble/lib:/usr/lib/x86_64-linux-gnu/gazebo-11/plugins:/usr/lib/x86_64-linux-gnu/gazebo-11/plugins:/usr/lib/x86_64-linux-gnu/gazebo-11/plugins:/usr/lib/x86_64-linux-gnu/gazebo-11/plugins:/usr/lib/x86_64-linux-gnu/gazebo-11/plugins:/usr/lib/x86_64-linux-gnu/gazebo-11/plugins:/usr/lib/x86_64-linux-gnu/gazebo-11/plugins:/usr/lib/x86_64-linux-gnu/gazebo-11/plugins:/usr/lib/x86_64-linux-gnu/gazebo-11/plugins:/usr/lib/x86_64-linux-gnu/gazebo-11/plugins /usr/bin/cmake --build /home/devika/robo_ws/build/moveit_task_constructor_visualization
[6.395s] DEBUG:colcon.colcon_core.event_handler.log_command:Invoking command in '/home/devika/robo_ws/build/moveit_task_constructor_visualization': CMAKE_MODULE_PATH=/home/devika/robo_ws/install/moveit_task_constructor_core/share/moveit_task_constructor_core/cmake:/home/devika/robo_ws/install/warehouse_ros_mongo/share/warehouse_ros_mongo/cmake CMAKE_PREFIX_PATH=/home/devika/robo_ws/install/moveit_task_constructor_core:/home/devika/robo_ws/install/rviz_marker_tools:/home/devika/robo_ws/install/moveit_task_constructor_msgs:/home/devika/robo_ws/install/urdf_humble_test_moveit_config:/home/devika/robo_ws/install/warehouse_ros_mongo:/home/devika/robo_ws/install/urdf_humble_test:/home/devika/robo_ws/install/moveit_task_constructor_visualization:/home/devika/robo_ws/install/moveit_task_constructor_demo:/home/devika/robo_ws/install/moveit_task_constructor_capabilities:/home/devika/robo_ws/install/hello_moveit_task_constructor:/home/devika/robo_ws/install/hello_moveit:/home/devika/robo_ws/install/gazebo_ros2_control:/home/devika/manga_ws/install/urdf_humble_test_moveit_config:/home/devika/manga_ws/install/urdf_humble_test:/home/devika/manga_ws/install/hello_moveit:/home/devika/some_ws/install/motoman_hc10_support:/home/devika/some_ws/install/motoman_resources:/home/devika/some_ws/install/hello_moveit:/home/devika/some_ws/install/hc20_sim_moveit_config:/home/devika/some_ws/install/hc20_moveit_config:/home/devika/some_ws/install/hc10_movit2v3:/home/devika/some_ws/install/hc10dt_moveit_config:/home/devika/robo_ws/install/perception_vision:/home/devika/robo_ws/install/cylinder_position_estimator:/opt/ros/humble LD_LIBRARY_PATH=/home/devika/robo_ws/install/moveit_task_constructor_core/lib:/home/devika/robo_ws/install/rviz_marker_tools/lib:/home/devika/robo_ws/install/moveit_task_constructor_msgs/lib:/home/devika/robo_ws/install/warehouse_ros_mongo/lib:/home/devika/robo_ws/install/moveit_task_constructor_visualization/lib:/home/devika/robo_ws/install/moveit_task_constructor_demo/lib:/home/devika/robo_ws/install/moveit_task_constructor_capabilities/lib:/home/devika/robo_ws/install/hello_moveit_task_constructor/lib:/home/devika/robo_ws/install/gazebo_ros2_control/lib:/usr/lib/x86_64-linux-gnu/gazebo-11/plugins:/opt/ros/humble/opt/rviz_ogre_vendor/lib:/opt/ros/humble/lib/x86_64-linux-gnu:/opt/ros/humble/lib:/usr/lib/x86_64-linux-gnu/gazebo-11/plugins:/usr/lib/x86_64-linux-gnu/gazebo-11/plugins:/usr/lib/x86_64-linux-gnu/gazebo-11/plugins:/usr/lib/x86_64-linux-gnu/gazebo-11/plugins:/usr/lib/x86_64-linux-gnu/gazebo-11/plugins:/usr/lib/x86_64-linux-gnu/gazebo-11/plugins:/usr/lib/x86_64-linux-gnu/gazebo-11/plugins:/usr/lib/x86_64-linux-gnu/gazebo-11/plugins:/usr/lib/x86_64-linux-gnu/gazebo-11/plugins:/usr/lib/x86_64-linux-gnu/gazebo-11/plugins /usr/bin/cmake --install /home/devika/robo_ws/build/moveit_task_constructor_visualization
[6.414s] Level 1:colcon.colcon_core.environment:create_environment_scripts_only(moveit_task_constructor_visualization)
[6.415s] DEBUG:colcon.colcon_core.event_handler.log_command:Invoked command in '/home/devika/robo_ws/build/moveit_task_constructor_visualization' returned '0': CMAKE_MODULE_PATH=/home/devika/robo_ws/install/moveit_task_constructor_core/share/moveit_task_constructor_core/cmake:/home/devika/robo_ws/install/warehouse_ros_mongo/share/warehouse_ros_mongo/cmake CMAKE_PREFIX_PATH=/home/devika/robo_ws/install/moveit_task_constructor_core:/home/devika/robo_ws/install/rviz_marker_tools:/home/devika/robo_ws/install/moveit_task_constructor_msgs:/home/devika/robo_ws/install/urdf_humble_test_moveit_config:/home/devika/robo_ws/install/warehouse_ros_mongo:/home/devika/robo_ws/install/urdf_humble_test:/home/devika/robo_ws/install/moveit_task_constructor_visualization:/home/devika/robo_ws/install/moveit_task_constructor_demo:/home/devika/robo_ws/install/moveit_task_constructor_capabilities:/home/devika/robo_ws/install/hello_moveit_task_constructor:/home/devika/robo_ws/install/hello_moveit:/home/devika/robo_ws/install/gazebo_ros2_control:/home/devika/manga_ws/install/urdf_humble_test_moveit_config:/home/devika/manga_ws/install/urdf_humble_test:/home/devika/manga_ws/install/hello_moveit:/home/devika/some_ws/install/motoman_hc10_support:/home/devika/some_ws/install/motoman_resources:/home/devika/some_ws/install/hello_moveit:/home/devika/some_ws/install/hc20_sim_moveit_config:/home/devika/some_ws/install/hc20_moveit_config:/home/devika/some_ws/install/hc10_movit2v3:/home/devika/some_ws/install/hc10dt_moveit_config:/home/devika/robo_ws/install/perception_vision:/home/devika/robo_ws/install/cylinder_position_estimator:/opt/ros/humble LD_LIBRARY_PATH=/home/devika/robo_ws/install/moveit_task_constructor_core/lib:/home/devika/robo_ws/install/rviz_marker_tools/lib:/home/devika/robo_ws/install/moveit_task_constructor_msgs/lib:/home/devika/robo_ws/install/warehouse_ros_mongo/lib:/home/devika/robo_ws/install/moveit_task_constructor_visualization/lib:/home/devika/robo_ws/install/moveit_task_constructor_demo/lib:/home/devika/robo_ws/install/moveit_task_constructor_capabilities/lib:/home/devika/robo_ws/install/hello_moveit_task_constructor/lib:/home/devika/robo_ws/install/gazebo_ros2_control/lib:/usr/lib/x86_64-linux-gnu/gazebo-11/plugins:/opt/ros/humble/opt/rviz_ogre_vendor/lib:/opt/ros/humble/lib/x86_64-linux-gnu:/opt/ros/humble/lib:/usr/lib/x86_64-linux-gnu/gazebo-11/plugins:/usr/lib/x86_64-linux-gnu/gazebo-11/plugins:/usr/lib/x86_64-linux-gnu/gazebo-11/plugins:/usr/lib/x86_64-linux-gnu/gazebo-11/plugins:/usr/lib/x86_64-linux-gnu/gazebo-11/plugins:/usr/lib/x86_64-linux-gnu/gazebo-11/plugins:/usr/lib/x86_64-linux-gnu/gazebo-11/plugins:/usr/lib/x86_64-linux-gnu/gazebo-11/plugins:/usr/lib/x86_64-linux-gnu/gazebo-11/plugins:/usr/lib/x86_64-linux-gnu/gazebo-11/plugins /usr/bin/cmake --install /home/devika/robo_ws/build/moveit_task_constructor_visualization
[6.416s] Level 1:colcon.colcon_core.environment:checking '/home/devika/robo_ws/install/moveit_task_constructor_visualization' for CMake module files
[6.417s] Level 1:colcon.colcon_core.environment:checking '/home/devika/robo_ws/install/moveit_task_constructor_visualization' for CMake config files
[6.418s] Level 1:colcon.colcon_core.shell:create_environment_hook('moveit_task_constructor_visualization', 'cmake_prefix_path')
[6.419s] INFO:colcon.colcon_core.shell:Creating environment hook '/home/devika/robo_ws/install/moveit_task_constructor_visualization/share/moveit_task_constructor_visualization/hook/cmake_prefix_path.ps1'
[6.421s] INFO:colcon.colcon_core.shell:Creating environment descriptor '/home/devika/robo_ws/install/moveit_task_constructor_visualization/share/moveit_task_constructor_visualization/hook/cmake_prefix_path.dsv'
[6.422s] INFO:colcon.colcon_core.shell:Creating environment hook '/home/devika/robo_ws/install/moveit_task_constructor_visualization/share/moveit_task_constructor_visualization/hook/cmake_prefix_path.sh'
[6.423s] Level 1:colcon.colcon_core.environment:checking '/home/devika/robo_ws/install/moveit_task_constructor_visualization/lib'
[6.424s] Level 1:colcon.colcon_core.shell:create_environment_hook('moveit_task_constructor_visualization', 'ld_library_path_lib')
[6.424s] INFO:colcon.colcon_core.shell:Creating environment hook '/home/devika/robo_ws/install/moveit_task_constructor_visualization/share/moveit_task_constructor_visualization/hook/ld_library_path_lib.ps1'
[6.426s] INFO:colcon.colcon_core.shell:Creating environment descriptor '/home/devika/robo_ws/install/moveit_task_constructor_visualization/share/moveit_task_constructor_visualization/hook/ld_library_path_lib.dsv'
[6.427s] INFO:colcon.colcon_core.shell:Creating environment hook '/home/devika/robo_ws/install/moveit_task_constructor_visualization/share/moveit_task_constructor_visualization/hook/ld_library_path_lib.sh'
[6.428s] Level 1:colcon.colcon_core.environment:checking '/home/devika/robo_ws/install/moveit_task_constructor_visualization/bin'
[6.428s] Level 1:colcon.colcon_core.environment:checking '/home/devika/robo_ws/install/moveit_task_constructor_visualization/lib/pkgconfig/moveit_task_constructor_visualization.pc'
[6.429s] Level 1:colcon.colcon_core.environment:checking '/home/devika/robo_ws/install/moveit_task_constructor_visualization/lib/python3.10/site-packages'
[6.429s] Level 1:colcon.colcon_core.environment:checking '/home/devika/robo_ws/install/moveit_task_constructor_visualization/bin'
[6.430s] INFO:colcon.colcon_core.shell:Creating package script '/home/devika/robo_ws/install/moveit_task_constructor_visualization/share/moveit_task_constructor_visualization/package.ps1'
[6.432s] INFO:colcon.colcon_core.shell:Creating package descriptor '/home/devika/robo_ws/install/moveit_task_constructor_visualization/share/moveit_task_constructor_visualization/package.dsv'
[6.433s] INFO:colcon.colcon_core.shell:Creating package script '/home/devika/robo_ws/install/moveit_task_constructor_visualization/share/moveit_task_constructor_visualization/package.sh'
[6.435s] INFO:colcon.colcon_core.shell:Creating package script '/home/devika/robo_ws/install/moveit_task_constructor_visualization/share/moveit_task_constructor_visualization/package.bash'
[6.436s] INFO:colcon.colcon_core.shell:Creating package script '/home/devika/robo_ws/install/moveit_task_constructor_visualization/share/moveit_task_constructor_visualization/package.zsh'
[6.437s] Level 1:colcon.colcon_core.environment:create_file_with_runtime_dependencies(/home/devika/robo_ws/install/moveit_task_constructor_visualization/share/colcon-core/packages/moveit_task_constructor_visualization)
[6.439s] Level 1:colcon.colcon_core.environment:create_environment_scripts_only(moveit_task_constructor_visualization)
[6.439s] Level 1:colcon.colcon_core.environment:checking '/home/devika/robo_ws/install/moveit_task_constructor_visualization' for CMake module files
[6.441s] Level 1:colcon.colcon_core.environment:checking '/home/devika/robo_ws/install/moveit_task_constructor_visualization' for CMake config files
[6.442s] Level 1:colcon.colcon_core.shell:create_environment_hook('moveit_task_constructor_visualization', 'cmake_prefix_path')
[6.442s] INFO:colcon.colcon_core.shell:Creating environment hook '/home/devika/robo_ws/install/moveit_task_constructor_visualization/share/moveit_task_constructor_visualization/hook/cmake_prefix_path.ps1'
[6.443s] INFO:colcon.colcon_core.shell:Creating environment descriptor '/home/devika/robo_ws/install/moveit_task_constructor_visualization/share/moveit_task_constructor_visualization/hook/cmake_prefix_path.dsv'
[6.444s] INFO:colcon.colcon_core.shell:Creating environment hook '/home/devika/robo_ws/install/moveit_task_constructor_visualization/share/moveit_task_constructor_visualization/hook/cmake_prefix_path.sh'
[6.446s] Level 1:colcon.colcon_core.environment:checking '/home/devika/robo_ws/install/moveit_task_constructor_visualization/lib'
[6.446s] Level 1:colcon.colcon_core.shell:create_environment_hook('moveit_task_constructor_visualization', 'ld_library_path_lib')
[6.447s] INFO:colcon.colcon_core.shell:Creating environment hook '/home/devika/robo_ws/install/moveit_task_constructor_visualization/share/moveit_task_constructor_visualization/hook/ld_library_path_lib.ps1'
[6.448s] INFO:colcon.colcon_core.shell:Creating environment descriptor '/home/devika/robo_ws/install/moveit_task_constructor_visualization/share/moveit_task_constructor_visualization/hook/ld_library_path_lib.dsv'
[6.449s] INFO:colcon.colcon_core.shell:Creating environment hook '/home/devika/robo_ws/install/moveit_task_constructor_visualization/share/moveit_task_constructor_visualization/hook/ld_library_path_lib.sh'
[6.450s] Level 1:colcon.colcon_core.environment:checking '/home/devika/robo_ws/install/moveit_task_constructor_visualization/bin'
[6.450s] Level 1:colcon.colcon_core.environment:checking '/home/devika/robo_ws/install/moveit_task_constructor_visualization/lib/pkgconfig/moveit_task_constructor_visualization.pc'
[6.451s] Level 1:colcon.colcon_core.environment:checking '/home/devika/robo_ws/install/moveit_task_constructor_visualization/lib/python3.10/site-packages'
[6.451s] Level 1:colcon.colcon_core.environment:checking '/home/devika/robo_ws/install/moveit_task_constructor_visualization/bin'
[6.452s] INFO:colcon.colcon_core.shell:Creating package script '/home/devika/robo_ws/install/moveit_task_constructor_visualization/share/moveit_task_constructor_visualization/package.ps1'
[6.454s] INFO:colcon.colcon_core.shell:Creating package descriptor '/home/devika/robo_ws/install/moveit_task_constructor_visualization/share/moveit_task_constructor_visualization/package.dsv'
[6.456s] INFO:colcon.colcon_core.shell:Creating package script '/home/devika/robo_ws/install/moveit_task_constructor_visualization/share/moveit_task_constructor_visualization/package.sh'
[6.458s] INFO:colcon.colcon_core.shell:Creating package script '/home/devika/robo_ws/install/moveit_task_constructor_visualization/share/moveit_task_constructor_visualization/package.bash'
[6.459s] INFO:colcon.colcon_core.shell:Creating package script '/home/devika/robo_ws/install/moveit_task_constructor_visualization/share/moveit_task_constructor_visualization/package.zsh'
[6.460s] Level 1:colcon.colcon_core.environment:create_file_with_runtime_dependencies(/home/devika/robo_ws/install/moveit_task_constructor_visualization/share/colcon-core/packages/moveit_task_constructor_visualization)
[6.461s] DEBUG:colcon.colcon_parallel_executor.executor.parallel:closing loop
[6.461s] DEBUG:colcon.colcon_parallel_executor.executor.parallel:loop closed
[6.461s] DEBUG:colcon.colcon_parallel_executor.executor.parallel:run_until_complete finished with '0'
[6.462s] DEBUG:colcon.colcon_core.event_reactor:joining thread
[6.474s] INFO:colcon.colcon_core.plugin_system:Skipping extension 'colcon_notification.desktop_notification.terminal_notifier': Not used on non-Darwin systems
[6.474s] INFO:colcon.colcon_core.plugin_system:Skipping extension 'colcon_notification.desktop_notification.win32': Not used on non-Windows systems
[6.475s] INFO:colcon.colcon_notification.desktop_notification:Sending desktop notification using 'notify2'
[6.506s] DEBUG:colcon.colcon_core.event_reactor:joined thread
[6.507s] INFO:colcon.colcon_core.shell:Creating prefix script '/home/devika/robo_ws/install/local_setup.ps1'
[6.510s] INFO:colcon.colcon_core.shell:Creating prefix util module '/home/devika/robo_ws/install/_local_setup_util_ps1.py'
[6.514s] INFO:colcon.colcon_core.shell:Creating prefix chain script '/home/devika/robo_ws/install/setup.ps1'
[6.520s] INFO:colcon.colcon_core.shell:Creating prefix script '/home/devika/robo_ws/install/local_setup.sh'
[6.521s] INFO:colcon.colcon_core.shell:Creating prefix util module '/home/devika/robo_ws/install/_local_setup_util_sh.py'
[6.523s] INFO:colcon.colcon_core.shell:Creating prefix chain script '/home/devika/robo_ws/install/setup.sh'
[6.530s] INFO:colcon.colcon_core.shell:Creating prefix script '/home/devika/robo_ws/install/local_setup.bash'
[6.531s] INFO:colcon.colcon_core.shell:Creating prefix chain script '/home/devika/robo_ws/install/setup.bash'
[6.537s] INFO:colcon.colcon_core.shell:Creating prefix script '/home/devika/robo_ws/install/local_setup.zsh'
[6.539s] INFO:colcon.colcon_core.shell:Creating prefix chain script '/home/devika/robo_ws/install/setup.zsh'
