[0.423s] DEBUG:colcon:Command line arguments: ['/usr/bin/colcon', 'build']
[0.423s] DEBUG:colcon:Parsed command line arguments: Namespace(log_base=None, log_level=None, verb_name='build', build_base='build', install_base='install', merge_install=False, symlink_install=False, test_result_base=None, continue_on_error=False, executor='parallel', parallel_workers=8, event_handlers=None, ignore_user_meta=False, metas=['./colcon.meta'], base_paths=['.'], packages_ignore=None, packages_ignore_regex=None, paths=None, packages_up_to=None, packages_up_to_regex=None, packages_above=None, packages_above_and_dependencies=None, packages_above_depth=None, packages_select_by_dep=None, packages_skip_by_dep=None, packages_skip_up_to=None, packages_select_build_failed=False, packages_skip_build_finished=False, packages_select_test_failures=False, packages_skip_test_passed=False, packages_select=None, packages_skip=None, packages_select_regex=None, packages_skip_regex=None, packages_start=None, packages_end=None, allow_overriding=[], cmake_args=None, cmake_target=None, cmake_target_skip_unavailable=False, cmake_clean_cache=False, cmake_clean_first=False, cmake_force_configure=False, ament_cmake_args=None, catkin_cmake_args=None, catkin_skip_building_tests=False, mixin_files=None, mixin=None, verb_parser=<colcon_mixin.mixin.mixin_argument.MixinArgumentDecorator object at 0x76cfde18dd80>, verb_extension=<colcon_core.verb.build.BuildVerb object at 0x76cfde18d8d0>, main=<bound method BuildVerb.main of <colcon_core.verb.build.BuildVerb object at 0x76cfde18d8d0>>, mixin_verb=('build',))
[1.280s] Level 1:colcon.colcon_core.package_discovery:discover_packages(colcon_meta) check parameters
[1.280s] Level 1:colcon.colcon_core.package_discovery:discover_packages(recursive) check parameters
[1.280s] Level 1:colcon.colcon_core.package_discovery:discover_packages(ignore) check parameters
[1.280s] Level 1:colcon.colcon_core.package_discovery:discover_packages(path) check parameters
[1.280s] Level 1:colcon.colcon_core.package_discovery:discover_packages(colcon_meta) discover
[1.280s] Level 1:colcon.colcon_core.package_discovery:discover_packages(recursive) discover
[1.280s] INFO:colcon.colcon_core.package_discovery:Crawling recursively for packages in '/home/devika/robo_ws'
[1.281s] Level 1:colcon.colcon_core.package_identification:_identify(.) by extensions ['ignore', 'ignore_ament_install']
[1.281s] Level 1:colcon.colcon_core.package_identification:_identify(.) by extension 'ignore'
[1.281s] Level 1:colcon.colcon_core.package_identification:_identify(.) by extension 'ignore_ament_install'
[1.281s] Level 1:colcon.colcon_core.package_identification:_identify(.) by extensions ['colcon_pkg']
[1.281s] Level 1:colcon.colcon_core.package_identification:_identify(.) by extension 'colcon_pkg'
[1.281s] Level 1:colcon.colcon_core.package_identification:_identify(.) by extensions ['colcon_meta']
[1.281s] Level 1:colcon.colcon_core.package_identification:_identify(.) by extension 'colcon_meta'
[1.282s] Level 1:colcon.colcon_core.package_identification:_identify(.) by extensions ['ros']
[1.282s] Level 1:colcon.colcon_core.package_identification:_identify(.) by extension 'ros'
[1.333s] Level 1:colcon.colcon_core.package_identification:_identify(.) by extensions ['cmake', 'python']
[1.333s] Level 1:colcon.colcon_core.package_identification:_identify(.) by extension 'cmake'
[1.333s] Level 1:colcon.colcon_core.package_identification:_identify(.) by extension 'python'
[1.333s] Level 1:colcon.colcon_core.package_identification:_identify(.) by extensions ['python_setup_py']
[1.333s] Level 1:colcon.colcon_core.package_identification:_identify(.) by extension 'python_setup_py'
[1.334s] Level 1:colcon.colcon_core.package_identification:_identify(build) by extensions ['ignore', 'ignore_ament_install']
[1.334s] Level 1:colcon.colcon_core.package_identification:_identify(build) by extension 'ignore'
[1.334s] Level 1:colcon.colcon_core.package_identification:_identify(build) ignored
[1.335s] Level 1:colcon.colcon_core.package_identification:_identify(install) by extensions ['ignore', 'ignore_ament_install']
[1.335s] Level 1:colcon.colcon_core.package_identification:_identify(install) by extension 'ignore'
[1.335s] Level 1:colcon.colcon_core.package_identification:_identify(install) ignored
[1.335s] Level 1:colcon.colcon_core.package_identification:_identify(log) by extensions ['ignore', 'ignore_ament_install']
[1.335s] Level 1:colcon.colcon_core.package_identification:_identify(log) by extension 'ignore'
[1.336s] Level 1:colcon.colcon_core.package_identification:_identify(log) ignored
[1.336s] Level 1:colcon.colcon_core.package_identification:_identify(src) by extensions ['ignore', 'ignore_ament_install']
[1.336s] Level 1:colcon.colcon_core.package_identification:_identify(src) by extension 'ignore'
[1.336s] Level 1:colcon.colcon_core.package_identification:_identify(src) by extension 'ignore_ament_install'
[1.336s] Level 1:colcon.colcon_core.package_identification:_identify(src) by extensions ['colcon_pkg']
[1.336s] Level 1:colcon.colcon_core.package_identification:_identify(src) by extension 'colcon_pkg'
[1.336s] Level 1:colcon.colcon_core.package_identification:_identify(src) by extensions ['colcon_meta']
[1.336s] Level 1:colcon.colcon_core.package_identification:_identify(src) by extension 'colcon_meta'
[1.336s] Level 1:colcon.colcon_core.package_identification:_identify(src) by extensions ['ros']
[1.336s] Level 1:colcon.colcon_core.package_identification:_identify(src) by extension 'ros'
[1.337s] Level 1:colcon.colcon_core.package_identification:_identify(src) by extensions ['cmake', 'python']
[1.337s] Level 1:colcon.colcon_core.package_identification:_identify(src) by extension 'cmake'
[1.337s] Level 1:colcon.colcon_core.package_identification:_identify(src) by extension 'python'
[1.337s] Level 1:colcon.colcon_core.package_identification:_identify(src) by extensions ['python_setup_py']
[1.337s] Level 1:colcon.colcon_core.package_identification:_identify(src) by extension 'python_setup_py'
[1.337s] Level 1:colcon.colcon_core.package_identification:_identify(src/cylinder_position_estimator) by extensions ['ignore', 'ignore_ament_install']
[1.337s] Level 1:colcon.colcon_core.package_identification:_identify(src/cylinder_position_estimator) by extension 'ignore'
[1.337s] Level 1:colcon.colcon_core.package_identification:_identify(src/cylinder_position_estimator) by extension 'ignore_ament_install'
[1.337s] Level 1:colcon.colcon_core.package_identification:_identify(src/cylinder_position_estimator) by extensions ['colcon_pkg']
[1.337s] Level 1:colcon.colcon_core.package_identification:_identify(src/cylinder_position_estimator) by extension 'colcon_pkg'
[1.338s] Level 1:colcon.colcon_core.package_identification:_identify(src/cylinder_position_estimator) by extensions ['colcon_meta']
[1.338s] Level 1:colcon.colcon_core.package_identification:_identify(src/cylinder_position_estimator) by extension 'colcon_meta'
[1.338s] Level 1:colcon.colcon_core.package_identification:_identify(src/cylinder_position_estimator) by extensions ['ros']
[1.338s] Level 1:colcon.colcon_core.package_identification:_identify(src/cylinder_position_estimator) by extension 'ros'
[1.344s] DEBUG:colcon.colcon_core.package_identification:Package 'src/cylinder_position_estimator' with type 'ros.ament_python' and name 'cylinder_position_estimator'
[1.344s] Level 1:colcon.colcon_core.package_identification:_identify(src/gazebo_ros2_control) by extensions ['ignore', 'ignore_ament_install']
[1.344s] Level 1:colcon.colcon_core.package_identification:_identify(src/gazebo_ros2_control) by extension 'ignore'
[1.345s] Level 1:colcon.colcon_core.package_identification:_identify(src/gazebo_ros2_control) by extension 'ignore_ament_install'
[1.345s] Level 1:colcon.colcon_core.package_identification:_identify(src/gazebo_ros2_control) by extensions ['colcon_pkg']
[1.345s] Level 1:colcon.colcon_core.package_identification:_identify(src/gazebo_ros2_control) by extension 'colcon_pkg'
[1.345s] Level 1:colcon.colcon_core.package_identification:_identify(src/gazebo_ros2_control) by extensions ['colcon_meta']
[1.345s] Level 1:colcon.colcon_core.package_identification:_identify(src/gazebo_ros2_control) by extension 'colcon_meta'
[1.345s] Level 1:colcon.colcon_core.package_identification:_identify(src/gazebo_ros2_control) by extensions ['ros']
[1.345s] Level 1:colcon.colcon_core.package_identification:_identify(src/gazebo_ros2_control) by extension 'ros'
[1.348s] DEBUG:colcon.colcon_core.package_identification:Package 'src/gazebo_ros2_control' with type 'ros.ament_cmake' and name 'gazebo_ros2_control'
[1.349s] Level 1:colcon.colcon_core.package_identification:_identify(src/hello_moveit) by extensions ['ignore', 'ignore_ament_install']
[1.349s] Level 1:colcon.colcon_core.package_identification:_identify(src/hello_moveit) by extension 'ignore'
[1.349s] Level 1:colcon.colcon_core.package_identification:_identify(src/hello_moveit) by extension 'ignore_ament_install'
[1.349s] Level 1:colcon.colcon_core.package_identification:_identify(src/hello_moveit) by extensions ['colcon_pkg']
[1.349s] Level 1:colcon.colcon_core.package_identification:_identify(src/hello_moveit) by extension 'colcon_pkg'
[1.350s] Level 1:colcon.colcon_core.package_identification:_identify(src/hello_moveit) by extensions ['colcon_meta']
[1.350s] Level 1:colcon.colcon_core.package_identification:_identify(src/hello_moveit) by extension 'colcon_meta'
[1.350s] Level 1:colcon.colcon_core.package_identification:_identify(src/hello_moveit) by extensions ['ros']
[1.350s] Level 1:colcon.colcon_core.package_identification:_identify(src/hello_moveit) by extension 'ros'
[1.353s] DEBUG:colcon.colcon_core.package_identification:Package 'src/hello_moveit' with type 'ros.ament_cmake' and name 'hello_moveit'
[1.354s] Level 1:colcon.colcon_core.package_identification:_identify(src/hello_moveit_task_constructor) by extensions ['ignore', 'ignore_ament_install']
[1.354s] Level 1:colcon.colcon_core.package_identification:_identify(src/hello_moveit_task_constructor) by extension 'ignore'
[1.354s] Level 1:colcon.colcon_core.package_identification:_identify(src/hello_moveit_task_constructor) by extension 'ignore_ament_install'
[1.354s] Level 1:colcon.colcon_core.package_identification:_identify(src/hello_moveit_task_constructor) by extensions ['colcon_pkg']
[1.354s] Level 1:colcon.colcon_core.package_identification:_identify(src/hello_moveit_task_constructor) by extension 'colcon_pkg'
[1.354s] Level 1:colcon.colcon_core.package_identification:_identify(src/hello_moveit_task_constructor) by extensions ['colcon_meta']
[1.354s] Level 1:colcon.colcon_core.package_identification:_identify(src/hello_moveit_task_constructor) by extension 'colcon_meta'
[1.355s] Level 1:colcon.colcon_core.package_identification:_identify(src/hello_moveit_task_constructor) by extensions ['ros']
[1.355s] Level 1:colcon.colcon_core.package_identification:_identify(src/hello_moveit_task_constructor) by extension 'ros'
[1.357s] DEBUG:colcon.colcon_core.package_identification:Package 'src/hello_moveit_task_constructor' with type 'ros.ament_cmake' and name 'hello_moveit_task_constructor'
[1.358s] Level 1:colcon.colcon_core.package_identification:_identify(src/moveit_task_constructor) by extensions ['ignore', 'ignore_ament_install']
[1.358s] Level 1:colcon.colcon_core.package_identification:_identify(src/moveit_task_constructor) by extension 'ignore'
[1.358s] Level 1:colcon.colcon_core.package_identification:_identify(src/moveit_task_constructor) by extension 'ignore_ament_install'
[1.358s] Level 1:colcon.colcon_core.package_identification:_identify(src/moveit_task_constructor) by extensions ['colcon_pkg']
[1.358s] Level 1:colcon.colcon_core.package_identification:_identify(src/moveit_task_constructor) by extension 'colcon_pkg'
[1.358s] Level 1:colcon.colcon_core.package_identification:_identify(src/moveit_task_constructor) by extensions ['colcon_meta']
[1.359s] Level 1:colcon.colcon_core.package_identification:_identify(src/moveit_task_constructor) by extension 'colcon_meta'
[1.359s] Level 1:colcon.colcon_core.package_identification:_identify(src/moveit_task_constructor) by extensions ['ros']
[1.359s] Level 1:colcon.colcon_core.package_identification:_identify(src/moveit_task_constructor) by extension 'ros'
[1.359s] Level 1:colcon.colcon_core.package_identification:_identify(src/moveit_task_constructor) by extensions ['cmake', 'python']
[1.359s] Level 1:colcon.colcon_core.package_identification:_identify(src/moveit_task_constructor) by extension 'cmake'
[1.359s] Level 1:colcon.colcon_core.package_identification:_identify(src/moveit_task_constructor) by extension 'python'
[1.359s] Level 1:colcon.colcon_core.package_identification:_identify(src/moveit_task_constructor) by extensions ['python_setup_py']
[1.359s] Level 1:colcon.colcon_core.package_identification:_identify(src/moveit_task_constructor) by extension 'python_setup_py'
[1.360s] Level 1:colcon.colcon_core.package_identification:_identify(src/moveit_task_constructor/capabilities) by extensions ['ignore', 'ignore_ament_install']
[1.361s] Level 1:colcon.colcon_core.package_identification:_identify(src/moveit_task_constructor/capabilities) by extension 'ignore'
[1.361s] Level 1:colcon.colcon_core.package_identification:_identify(src/moveit_task_constructor/capabilities) by extension 'ignore_ament_install'
[1.361s] Level 1:colcon.colcon_core.package_identification:_identify(src/moveit_task_constructor/capabilities) by extensions ['colcon_pkg']
[1.362s] Level 1:colcon.colcon_core.package_identification:_identify(src/moveit_task_constructor/capabilities) by extension 'colcon_pkg'
[1.362s] Level 1:colcon.colcon_core.package_identification:_identify(src/moveit_task_constructor/capabilities) by extensions ['colcon_meta']
[1.362s] Level 1:colcon.colcon_core.package_identification:_identify(src/moveit_task_constructor/capabilities) by extension 'colcon_meta'
[1.362s] Level 1:colcon.colcon_core.package_identification:_identify(src/moveit_task_constructor/capabilities) by extensions ['ros']
[1.362s] Level 1:colcon.colcon_core.package_identification:_identify(src/moveit_task_constructor/capabilities) by extension 'ros'
[1.366s] DEBUG:colcon.colcon_core.package_identification:Package 'src/moveit_task_constructor/capabilities' with type 'ros.ament_cmake' and name 'moveit_task_constructor_capabilities'
[1.367s] Level 1:colcon.colcon_core.package_identification:_identify(src/moveit_task_constructor/core) by extensions ['ignore', 'ignore_ament_install']
[1.367s] Level 1:colcon.colcon_core.package_identification:_identify(src/moveit_task_constructor/core) by extension 'ignore'
[1.367s] Level 1:colcon.colcon_core.package_identification:_identify(src/moveit_task_constructor/core) by extension 'ignore_ament_install'
[1.367s] Level 1:colcon.colcon_core.package_identification:_identify(src/moveit_task_constructor/core) by extensions ['colcon_pkg']
[1.367s] Level 1:colcon.colcon_core.package_identification:_identify(src/moveit_task_constructor/core) by extension 'colcon_pkg'
[1.367s] Level 1:colcon.colcon_core.package_identification:_identify(src/moveit_task_constructor/core) by extensions ['colcon_meta']
[1.368s] Level 1:colcon.colcon_core.package_identification:_identify(src/moveit_task_constructor/core) by extension 'colcon_meta'
[1.368s] Level 1:colcon.colcon_core.package_identification:_identify(src/moveit_task_constructor/core) by extensions ['ros']
[1.368s] Level 1:colcon.colcon_core.package_identification:_identify(src/moveit_task_constructor/core) by extension 'ros'
[1.371s] DEBUG:colcon.colcon_core.package_identification:Package 'src/moveit_task_constructor/core' with type 'ros.ament_cmake' and name 'moveit_task_constructor_core'
[1.372s] Level 1:colcon.colcon_core.package_identification:_identify(src/moveit_task_constructor/demo) by extensions ['ignore', 'ignore_ament_install']
[1.372s] Level 1:colcon.colcon_core.package_identification:_identify(src/moveit_task_constructor/demo) by extension 'ignore'
[1.373s] Level 1:colcon.colcon_core.package_identification:_identify(src/moveit_task_constructor/demo) by extension 'ignore_ament_install'
[1.373s] Level 1:colcon.colcon_core.package_identification:_identify(src/moveit_task_constructor/demo) by extensions ['colcon_pkg']
[1.373s] Level 1:colcon.colcon_core.package_identification:_identify(src/moveit_task_constructor/demo) by extension 'colcon_pkg'
[1.373s] Level 1:colcon.colcon_core.package_identification:_identify(src/moveit_task_constructor/demo) by extensions ['colcon_meta']
[1.373s] Level 1:colcon.colcon_core.package_identification:_identify(src/moveit_task_constructor/demo) by extension 'colcon_meta'
[1.373s] Level 1:colcon.colcon_core.package_identification:_identify(src/moveit_task_constructor/demo) by extensions ['ros']
[1.373s] Level 1:colcon.colcon_core.package_identification:_identify(src/moveit_task_constructor/demo) by extension 'ros'
[1.375s] DEBUG:colcon.colcon_core.package_identification:Package 'src/moveit_task_constructor/demo' with type 'ros.ament_cmake' and name 'moveit_task_constructor_demo'
[1.376s] Level 1:colcon.colcon_core.package_identification:_identify(src/moveit_task_constructor/msgs) by extensions ['ignore', 'ignore_ament_install']
[1.376s] Level 1:colcon.colcon_core.package_identification:_identify(src/moveit_task_constructor/msgs) by extension 'ignore'
[1.376s] Level 1:colcon.colcon_core.package_identification:_identify(src/moveit_task_constructor/msgs) by extension 'ignore_ament_install'
[1.376s] Level 1:colcon.colcon_core.package_identification:_identify(src/moveit_task_constructor/msgs) by extensions ['colcon_pkg']
[1.376s] Level 1:colcon.colcon_core.package_identification:_identify(src/moveit_task_constructor/msgs) by extension 'colcon_pkg'
[1.376s] Level 1:colcon.colcon_core.package_identification:_identify(src/moveit_task_constructor/msgs) by extensions ['colcon_meta']
[1.377s] Level 1:colcon.colcon_core.package_identification:_identify(src/moveit_task_constructor/msgs) by extension 'colcon_meta'
[1.377s] Level 1:colcon.colcon_core.package_identification:_identify(src/moveit_task_constructor/msgs) by extensions ['ros']
[1.377s] Level 1:colcon.colcon_core.package_identification:_identify(src/moveit_task_constructor/msgs) by extension 'ros'
[1.378s] DEBUG:colcon.colcon_core.package_identification:Package 'src/moveit_task_constructor/msgs' with type 'ros.ament_cmake' and name 'moveit_task_constructor_msgs'
[1.379s] Level 1:colcon.colcon_core.package_identification:_identify(src/moveit_task_constructor/rviz_marker_tools) by extensions ['ignore', 'ignore_ament_install']
[1.379s] Level 1:colcon.colcon_core.package_identification:_identify(src/moveit_task_constructor/rviz_marker_tools) by extension 'ignore'
[1.379s] Level 1:colcon.colcon_core.package_identification:_identify(src/moveit_task_constructor/rviz_marker_tools) by extension 'ignore_ament_install'
[1.380s] Level 1:colcon.colcon_core.package_identification:_identify(src/moveit_task_constructor/rviz_marker_tools) by extensions ['colcon_pkg']
[1.380s] Level 1:colcon.colcon_core.package_identification:_identify(src/moveit_task_constructor/rviz_marker_tools) by extension 'colcon_pkg'
[1.380s] Level 1:colcon.colcon_core.package_identification:_identify(src/moveit_task_constructor/rviz_marker_tools) by extensions ['colcon_meta']
[1.380s] Level 1:colcon.colcon_core.package_identification:_identify(src/moveit_task_constructor/rviz_marker_tools) by extension 'colcon_meta'
[1.380s] Level 1:colcon.colcon_core.package_identification:_identify(src/moveit_task_constructor/rviz_marker_tools) by extensions ['ros']
[1.380s] Level 1:colcon.colcon_core.package_identification:_identify(src/moveit_task_constructor/rviz_marker_tools) by extension 'ros'
[1.383s] DEBUG:colcon.colcon_core.package_identification:Package 'src/moveit_task_constructor/rviz_marker_tools' with type 'ros.ament_cmake' and name 'rviz_marker_tools'
[1.384s] Level 1:colcon.colcon_core.package_identification:_identify(src/moveit_task_constructor/visualization) by extensions ['ignore', 'ignore_ament_install']
[1.385s] Level 1:colcon.colcon_core.package_identification:_identify(src/moveit_task_constructor/visualization) by extension 'ignore'
[1.385s] Level 1:colcon.colcon_core.package_identification:_identify(src/moveit_task_constructor/visualization) by extension 'ignore_ament_install'
[1.385s] Level 1:colcon.colcon_core.package_identification:_identify(src/moveit_task_constructor/visualization) by extensions ['colcon_pkg']
[1.385s] Level 1:colcon.colcon_core.package_identification:_identify(src/moveit_task_constructor/visualization) by extension 'colcon_pkg'
[1.385s] Level 1:colcon.colcon_core.package_identification:_identify(src/moveit_task_constructor/visualization) by extensions ['colcon_meta']
[1.385s] Level 1:colcon.colcon_core.package_identification:_identify(src/moveit_task_constructor/visualization) by extension 'colcon_meta'
[1.385s] Level 1:colcon.colcon_core.package_identification:_identify(src/moveit_task_constructor/visualization) by extensions ['ros']
[1.385s] Level 1:colcon.colcon_core.package_identification:_identify(src/moveit_task_constructor/visualization) by extension 'ros'
[1.388s] DEBUG:colcon.colcon_core.package_identification:Package 'src/moveit_task_constructor/visualization' with type 'ros.ament_cmake' and name 'moveit_task_constructor_visualization'
[1.388s] Level 1:colcon.colcon_core.package_identification:_identify(src/perception_vision) by extensions ['ignore', 'ignore_ament_install']
[1.389s] Level 1:colcon.colcon_core.package_identification:_identify(src/perception_vision) by extension 'ignore'
[1.389s] Level 1:colcon.colcon_core.package_identification:_identify(src/perception_vision) by extension 'ignore_ament_install'
[1.389s] Level 1:colcon.colcon_core.package_identification:_identify(src/perception_vision) by extensions ['colcon_pkg']
[1.389s] Level 1:colcon.colcon_core.package_identification:_identify(src/perception_vision) by extension 'colcon_pkg'
[1.389s] Level 1:colcon.colcon_core.package_identification:_identify(src/perception_vision) by extensions ['colcon_meta']
[1.389s] Level 1:colcon.colcon_core.package_identification:_identify(src/perception_vision) by extension 'colcon_meta'
[1.389s] Level 1:colcon.colcon_core.package_identification:_identify(src/perception_vision) by extensions ['ros']
[1.389s] Level 1:colcon.colcon_core.package_identification:_identify(src/perception_vision) by extension 'ros'
[1.392s] DEBUG:colcon.colcon_core.package_identification:Package 'src/perception_vision' with type 'ros.ament_python' and name 'perception_vision'
[1.392s] Level 1:colcon.colcon_core.package_identification:_identify(src/urdf_humble_test) by extensions ['ignore', 'ignore_ament_install']
[1.393s] Level 1:colcon.colcon_core.package_identification:_identify(src/urdf_humble_test) by extension 'ignore'
[1.393s] Level 1:colcon.colcon_core.package_identification:_identify(src/urdf_humble_test) by extension 'ignore_ament_install'
[1.393s] Level 1:colcon.colcon_core.package_identification:_identify(src/urdf_humble_test) by extensions ['colcon_pkg']
[1.393s] Level 1:colcon.colcon_core.package_identification:_identify(src/urdf_humble_test) by extension 'colcon_pkg'
[1.393s] Level 1:colcon.colcon_core.package_identification:_identify(src/urdf_humble_test) by extensions ['colcon_meta']
[1.393s] Level 1:colcon.colcon_core.package_identification:_identify(src/urdf_humble_test) by extension 'colcon_meta'
[1.393s] Level 1:colcon.colcon_core.package_identification:_identify(src/urdf_humble_test) by extensions ['ros']
[1.393s] Level 1:colcon.colcon_core.package_identification:_identify(src/urdf_humble_test) by extension 'ros'
[1.396s] DEBUG:colcon.colcon_core.package_identification:Package 'src/urdf_humble_test' with type 'ros.ament_cmake' and name 'urdf_humble_test'
[1.397s] Level 1:colcon.colcon_core.package_identification:_identify(src/urdf_humble_test_moveit_config) by extensions ['ignore', 'ignore_ament_install']
[1.397s] Level 1:colcon.colcon_core.package_identification:_identify(src/urdf_humble_test_moveit_config) by extension 'ignore'
[1.398s] Level 1:colcon.colcon_core.package_identification:_identify(src/urdf_humble_test_moveit_config) by extension 'ignore_ament_install'
[1.398s] Level 1:colcon.colcon_core.package_identification:_identify(src/urdf_humble_test_moveit_config) by extensions ['colcon_pkg']
[1.398s] Level 1:colcon.colcon_core.package_identification:_identify(src/urdf_humble_test_moveit_config) by extension 'colcon_pkg'
[1.398s] Level 1:colcon.colcon_core.package_identification:_identify(src/urdf_humble_test_moveit_config) by extensions ['colcon_meta']
[1.398s] Level 1:colcon.colcon_core.package_identification:_identify(src/urdf_humble_test_moveit_config) by extension 'colcon_meta'
[1.398s] Level 1:colcon.colcon_core.package_identification:_identify(src/urdf_humble_test_moveit_config) by extensions ['ros']
[1.398s] Level 1:colcon.colcon_core.package_identification:_identify(src/urdf_humble_test_moveit_config) by extension 'ros'
[1.402s] DEBUG:colcon.colcon_core.package_identification:Package 'src/urdf_humble_test_moveit_config' with type 'ros.ament_cmake' and name 'urdf_humble_test_moveit_config'
[1.402s] Level 1:colcon.colcon_core.package_identification:_identify(src/warehouse_ros_mongo) by extensions ['ignore', 'ignore_ament_install']
[1.402s] Level 1:colcon.colcon_core.package_identification:_identify(src/warehouse_ros_mongo) by extension 'ignore'
[1.402s] Level 1:colcon.colcon_core.package_identification:_identify(src/warehouse_ros_mongo) by extension 'ignore_ament_install'
[1.402s] Level 1:colcon.colcon_core.package_identification:_identify(src/warehouse_ros_mongo) by extensions ['colcon_pkg']
[1.403s] Level 1:colcon.colcon_core.package_identification:_identify(src/warehouse_ros_mongo) by extension 'colcon_pkg'
[1.403s] Level 1:colcon.colcon_core.package_identification:_identify(src/warehouse_ros_mongo) by extensions ['colcon_meta']
[1.403s] Level 1:colcon.colcon_core.package_identification:_identify(src/warehouse_ros_mongo) by extension 'colcon_meta'
[1.403s] Level 1:colcon.colcon_core.package_identification:_identify(src/warehouse_ros_mongo) by extensions ['ros']
[1.403s] Level 1:colcon.colcon_core.package_identification:_identify(src/warehouse_ros_mongo) by extension 'ros'
[1.405s] DEBUG:colcon.colcon_core.package_identification:Package 'src/warehouse_ros_mongo' with type 'ros.ament_cmake' and name 'warehouse_ros_mongo'
[1.406s] Level 1:colcon.colcon_core.package_discovery:discover_packages(recursive) using defaults
[1.406s] Level 1:colcon.colcon_core.package_discovery:discover_packages(ignore) discover
[1.406s] Level 1:colcon.colcon_core.package_discovery:discover_packages(ignore) using defaults
[1.406s] Level 1:colcon.colcon_core.package_discovery:discover_packages(path) discover
[1.406s] Level 1:colcon.colcon_core.package_discovery:discover_packages(path) using defaults
[1.477s] Level 1:colcon.colcon_core.package_discovery:discover_packages(prefix_path) check parameters
[1.477s] Level 1:colcon.colcon_core.package_discovery:discover_packages(prefix_path) discover
[1.492s] DEBUG:colcon.colcon_installed_package_information.package_discovery:Found 15 installed packages in /home/devika/robo_ws/install
[1.498s] DEBUG:colcon.colcon_installed_package_information.package_discovery:Found 55 installed packages in /home/devika/ws_moveit2/install
[1.503s] DEBUG:colcon.colcon_installed_package_information.package_discovery:Found 3 installed packages in /home/devika/manga_ws/install
[1.505s] DEBUG:colcon.colcon_installed_package_information.package_discovery:Found 7 installed packages in /home/devika/some_ws/install
[1.508s] DEBUG:colcon.colcon_installed_package_information.package_discovery:Found 384 installed packages in /opt/ros/humble
[1.512s] Level 1:colcon.colcon_core.package_discovery:discover_packages(prefix_path) using defaults
[1.793s] WARNING:colcon.colcon_core.package_selection:Some selected packages are already built in one or more underlay workspaces:
	'warehouse_ros_mongo' is in: /home/devika/robo_ws/install/warehouse_ros_mongo
	'moveit_task_constructor_core' is in: /home/devika/robo_ws/install/moveit_task_constructor_core, /home/devika/ws_moveit2/install/moveit_task_constructor_core
	'gazebo_ros2_control' is in: /home/devika/robo_ws/install/gazebo_ros2_control, /opt/ros/humble
If a package in a merged underlay workspace is overridden and it installs headers, then all packages in the overlay must sort their include directories by workspace order. Failure to do so may result in build failures or undefined behavior at run time.
If the overridden package is used by another package in any underlay, then the overriding package in the overlay must be API and ABI compatible or undefined behavior at run time may occur.

If you understand the risks and want to override a package anyways, add the following to the command line:
	--allow-overriding gazebo_ros2_control moveit_task_constructor_core warehouse_ros_mongo

This may be promoted to an error in a future release of colcon-override-check.
[1.798s] Level 5:colcon.colcon_core.verb:set package 'cylinder_position_estimator' build argument 'cmake_args' from command line to 'None'
[1.798s] Level 5:colcon.colcon_core.verb:set package 'cylinder_position_estimator' build argument 'cmake_target' from command line to 'None'
[1.798s] Level 5:colcon.colcon_core.verb:set package 'cylinder_position_estimator' build argument 'cmake_target_skip_unavailable' from command line to 'False'
[1.798s] Level 5:colcon.colcon_core.verb:set package 'cylinder_position_estimator' build argument 'cmake_clean_cache' from command line to 'False'
[1.798s] Level 5:colcon.colcon_core.verb:set package 'cylinder_position_estimator' build argument 'cmake_clean_first' from command line to 'False'
[1.798s] Level 5:colcon.colcon_core.verb:set package 'cylinder_position_estimator' build argument 'cmake_force_configure' from command line to 'False'
[1.798s] Level 5:colcon.colcon_core.verb:set package 'cylinder_position_estimator' build argument 'ament_cmake_args' from command line to 'None'
[1.798s] Level 5:colcon.colcon_core.verb:set package 'cylinder_position_estimator' build argument 'catkin_cmake_args' from command line to 'None'
[1.798s] Level 5:colcon.colcon_core.verb:set package 'cylinder_position_estimator' build argument 'catkin_skip_building_tests' from command line to 'False'
[1.799s] DEBUG:colcon.colcon_core.verb:Building package 'cylinder_position_estimator' with the following arguments: {'ament_cmake_args': None, 'build_base': '/home/devika/robo_ws/build/cylinder_position_estimator', 'catkin_cmake_args': None, 'catkin_skip_building_tests': False, 'cmake_args': None, 'cmake_clean_cache': False, 'cmake_clean_first': False, 'cmake_force_configure': False, 'cmake_target': None, 'cmake_target_skip_unavailable': False, 'install_base': '/home/devika/robo_ws/install/cylinder_position_estimator', 'merge_install': False, 'path': '/home/devika/robo_ws/src/cylinder_position_estimator', 'symlink_install': False, 'test_result_base': None}
[1.800s] Level 5:colcon.colcon_core.verb:set package 'gazebo_ros2_control' build argument 'cmake_args' from command line to 'None'
[1.800s] Level 5:colcon.colcon_core.verb:set package 'gazebo_ros2_control' build argument 'cmake_target' from command line to 'None'
[1.800s] Level 5:colcon.colcon_core.verb:set package 'gazebo_ros2_control' build argument 'cmake_target_skip_unavailable' from command line to 'False'
[1.800s] Level 5:colcon.colcon_core.verb:set package 'gazebo_ros2_control' build argument 'cmake_clean_cache' from command line to 'False'
[1.800s] Level 5:colcon.colcon_core.verb:set package 'gazebo_ros2_control' build argument 'cmake_clean_first' from command line to 'False'
[1.800s] Level 5:colcon.colcon_core.verb:set package 'gazebo_ros2_control' build argument 'cmake_force_configure' from command line to 'False'
[1.800s] Level 5:colcon.colcon_core.verb:set package 'gazebo_ros2_control' build argument 'ament_cmake_args' from command line to 'None'
[1.800s] Level 5:colcon.colcon_core.verb:set package 'gazebo_ros2_control' build argument 'catkin_cmake_args' from command line to 'None'
[1.800s] Level 5:colcon.colcon_core.verb:set package 'gazebo_ros2_control' build argument 'catkin_skip_building_tests' from command line to 'False'
[1.800s] DEBUG:colcon.colcon_core.verb:Building package 'gazebo_ros2_control' with the following arguments: {'ament_cmake_args': None, 'build_base': '/home/devika/robo_ws/build/gazebo_ros2_control', 'catkin_cmake_args': None, 'catkin_skip_building_tests': False, 'cmake_args': None, 'cmake_clean_cache': False, 'cmake_clean_first': False, 'cmake_force_configure': False, 'cmake_target': None, 'cmake_target_skip_unavailable': False, 'install_base': '/home/devika/robo_ws/install/gazebo_ros2_control', 'merge_install': False, 'path': '/home/devika/robo_ws/src/gazebo_ros2_control', 'symlink_install': False, 'test_result_base': None}
[1.801s] Level 5:colcon.colcon_core.verb:set package 'hello_moveit' build argument 'cmake_args' from command line to 'None'
[1.801s] Level 5:colcon.colcon_core.verb:set package 'hello_moveit' build argument 'cmake_target' from command line to 'None'
[1.801s] Level 5:colcon.colcon_core.verb:set package 'hello_moveit' build argument 'cmake_target_skip_unavailable' from command line to 'False'
[1.801s] Level 5:colcon.colcon_core.verb:set package 'hello_moveit' build argument 'cmake_clean_cache' from command line to 'False'
[1.801s] Level 5:colcon.colcon_core.verb:set package 'hello_moveit' build argument 'cmake_clean_first' from command line to 'False'
[1.802s] Level 5:colcon.colcon_core.verb:set package 'hello_moveit' build argument 'cmake_force_configure' from command line to 'False'
[1.802s] Level 5:colcon.colcon_core.verb:set package 'hello_moveit' build argument 'ament_cmake_args' from command line to 'None'
[1.802s] Level 5:colcon.colcon_core.verb:set package 'hello_moveit' build argument 'catkin_cmake_args' from command line to 'None'
[1.802s] Level 5:colcon.colcon_core.verb:set package 'hello_moveit' build argument 'catkin_skip_building_tests' from command line to 'False'
[1.802s] DEBUG:colcon.colcon_core.verb:Building package 'hello_moveit' with the following arguments: {'ament_cmake_args': None, 'build_base': '/home/devika/robo_ws/build/hello_moveit', 'catkin_cmake_args': None, 'catkin_skip_building_tests': False, 'cmake_args': None, 'cmake_clean_cache': False, 'cmake_clean_first': False, 'cmake_force_configure': False, 'cmake_target': None, 'cmake_target_skip_unavailable': False, 'install_base': '/home/devika/robo_ws/install/hello_moveit', 'merge_install': False, 'path': '/home/devika/robo_ws/src/hello_moveit', 'symlink_install': False, 'test_result_base': None}
[1.803s] Level 5:colcon.colcon_core.verb:set package 'moveit_task_constructor_msgs' build argument 'cmake_args' from command line to 'None'
[1.803s] Level 5:colcon.colcon_core.verb:set package 'moveit_task_constructor_msgs' build argument 'cmake_target' from command line to 'None'
[1.803s] Level 5:colcon.colcon_core.verb:set package 'moveit_task_constructor_msgs' build argument 'cmake_target_skip_unavailable' from command line to 'False'
[1.803s] Level 5:colcon.colcon_core.verb:set package 'moveit_task_constructor_msgs' build argument 'cmake_clean_cache' from command line to 'False'
[1.803s] Level 5:colcon.colcon_core.verb:set package 'moveit_task_constructor_msgs' build argument 'cmake_clean_first' from command line to 'False'
[1.803s] Level 5:colcon.colcon_core.verb:set package 'moveit_task_constructor_msgs' build argument 'cmake_force_configure' from command line to 'False'
[1.803s] Level 5:colcon.colcon_core.verb:set package 'moveit_task_constructor_msgs' build argument 'ament_cmake_args' from command line to 'None'
[1.803s] Level 5:colcon.colcon_core.verb:set package 'moveit_task_constructor_msgs' build argument 'catkin_cmake_args' from command line to 'None'
[1.803s] Level 5:colcon.colcon_core.verb:set package 'moveit_task_constructor_msgs' build argument 'catkin_skip_building_tests' from command line to 'False'
[1.803s] DEBUG:colcon.colcon_core.verb:Building package 'moveit_task_constructor_msgs' with the following arguments: {'ament_cmake_args': None, 'build_base': '/home/devika/robo_ws/build/moveit_task_constructor_msgs', 'catkin_cmake_args': None, 'catkin_skip_building_tests': False, 'cmake_args': None, 'cmake_clean_cache': False, 'cmake_clean_first': False, 'cmake_force_configure': False, 'cmake_target': None, 'cmake_target_skip_unavailable': False, 'install_base': '/home/devika/robo_ws/install/moveit_task_constructor_msgs', 'merge_install': False, 'path': '/home/devika/robo_ws/src/moveit_task_constructor/msgs', 'symlink_install': False, 'test_result_base': None}
[1.804s] Level 5:colcon.colcon_core.verb:set package 'perception_vision' build argument 'cmake_args' from command line to 'None'
[1.804s] Level 5:colcon.colcon_core.verb:set package 'perception_vision' build argument 'cmake_target' from command line to 'None'
[1.804s] Level 5:colcon.colcon_core.verb:set package 'perception_vision' build argument 'cmake_target_skip_unavailable' from command line to 'False'
[1.805s] Level 5:colcon.colcon_core.verb:set package 'perception_vision' build argument 'cmake_clean_cache' from command line to 'False'
[1.805s] Level 5:colcon.colcon_core.verb:set package 'perception_vision' build argument 'cmake_clean_first' from command line to 'False'
[1.805s] Level 5:colcon.colcon_core.verb:set package 'perception_vision' build argument 'cmake_force_configure' from command line to 'False'
[1.805s] Level 5:colcon.colcon_core.verb:set package 'perception_vision' build argument 'ament_cmake_args' from command line to 'None'
[1.805s] Level 5:colcon.colcon_core.verb:set package 'perception_vision' build argument 'catkin_cmake_args' from command line to 'None'
[1.805s] Level 5:colcon.colcon_core.verb:set package 'perception_vision' build argument 'catkin_skip_building_tests' from command line to 'False'
[1.805s] DEBUG:colcon.colcon_core.verb:Building package 'perception_vision' with the following arguments: {'ament_cmake_args': None, 'build_base': '/home/devika/robo_ws/build/perception_vision', 'catkin_cmake_args': None, 'catkin_skip_building_tests': False, 'cmake_args': None, 'cmake_clean_cache': False, 'cmake_clean_first': False, 'cmake_force_configure': False, 'cmake_target': None, 'cmake_target_skip_unavailable': False, 'install_base': '/home/devika/robo_ws/install/perception_vision', 'merge_install': False, 'path': '/home/devika/robo_ws/src/perception_vision', 'symlink_install': False, 'test_result_base': None}
[1.806s] Level 5:colcon.colcon_core.verb:set package 'rviz_marker_tools' build argument 'cmake_args' from command line to 'None'
[1.806s] Level 5:colcon.colcon_core.verb:set package 'rviz_marker_tools' build argument 'cmake_target' from command line to 'None'
[1.806s] Level 5:colcon.colcon_core.verb:set package 'rviz_marker_tools' build argument 'cmake_target_skip_unavailable' from command line to 'False'
[1.806s] Level 5:colcon.colcon_core.verb:set package 'rviz_marker_tools' build argument 'cmake_clean_cache' from command line to 'False'
[1.806s] Level 5:colcon.colcon_core.verb:set package 'rviz_marker_tools' build argument 'cmake_clean_first' from command line to 'False'
[1.806s] Level 5:colcon.colcon_core.verb:set package 'rviz_marker_tools' build argument 'cmake_force_configure' from command line to 'False'
[1.806s] Level 5:colcon.colcon_core.verb:set package 'rviz_marker_tools' build argument 'ament_cmake_args' from command line to 'None'
[1.806s] Level 5:colcon.colcon_core.verb:set package 'rviz_marker_tools' build argument 'catkin_cmake_args' from command line to 'None'
[1.806s] Level 5:colcon.colcon_core.verb:set package 'rviz_marker_tools' build argument 'catkin_skip_building_tests' from command line to 'False'
[1.806s] DEBUG:colcon.colcon_core.verb:Building package 'rviz_marker_tools' with the following arguments: {'ament_cmake_args': None, 'build_base': '/home/devika/robo_ws/build/rviz_marker_tools', 'catkin_cmake_args': None, 'catkin_skip_building_tests': False, 'cmake_args': None, 'cmake_clean_cache': False, 'cmake_clean_first': False, 'cmake_force_configure': False, 'cmake_target': None, 'cmake_target_skip_unavailable': False, 'install_base': '/home/devika/robo_ws/install/rviz_marker_tools', 'merge_install': False, 'path': '/home/devika/robo_ws/src/moveit_task_constructor/rviz_marker_tools', 'symlink_install': False, 'test_result_base': None}
[1.807s] Level 5:colcon.colcon_core.verb:set package 'urdf_humble_test_moveit_config' build argument 'cmake_args' from command line to 'None'
[1.808s] Level 5:colcon.colcon_core.verb:set package 'urdf_humble_test_moveit_config' build argument 'cmake_target' from command line to 'None'
[1.808s] Level 5:colcon.colcon_core.verb:set package 'urdf_humble_test_moveit_config' build argument 'cmake_target_skip_unavailable' from command line to 'False'
[1.808s] Level 5:colcon.colcon_core.verb:set package 'urdf_humble_test_moveit_config' build argument 'cmake_clean_cache' from command line to 'False'
[1.808s] Level 5:colcon.colcon_core.verb:set package 'urdf_humble_test_moveit_config' build argument 'cmake_clean_first' from command line to 'False'
[1.808s] Level 5:colcon.colcon_core.verb:set package 'urdf_humble_test_moveit_config' build argument 'cmake_force_configure' from command line to 'False'
[1.808s] Level 5:colcon.colcon_core.verb:set package 'urdf_humble_test_moveit_config' build argument 'ament_cmake_args' from command line to 'None'
[1.808s] Level 5:colcon.colcon_core.verb:set package 'urdf_humble_test_moveit_config' build argument 'catkin_cmake_args' from command line to 'None'
[1.808s] Level 5:colcon.colcon_core.verb:set package 'urdf_humble_test_moveit_config' build argument 'catkin_skip_building_tests' from command line to 'False'
[1.808s] DEBUG:colcon.colcon_core.verb:Building package 'urdf_humble_test_moveit_config' with the following arguments: {'ament_cmake_args': None, 'build_base': '/home/devika/robo_ws/build/urdf_humble_test_moveit_config', 'catkin_cmake_args': None, 'catkin_skip_building_tests': False, 'cmake_args': None, 'cmake_clean_cache': False, 'cmake_clean_first': False, 'cmake_force_configure': False, 'cmake_target': None, 'cmake_target_skip_unavailable': False, 'install_base': '/home/devika/robo_ws/install/urdf_humble_test_moveit_config', 'merge_install': False, 'path': '/home/devika/robo_ws/src/urdf_humble_test_moveit_config', 'symlink_install': False, 'test_result_base': None}
[1.809s] Level 5:colcon.colcon_core.verb:set package 'warehouse_ros_mongo' build argument 'cmake_args' from command line to 'None'
[1.809s] Level 5:colcon.colcon_core.verb:set package 'warehouse_ros_mongo' build argument 'cmake_target' from command line to 'None'
[1.809s] Level 5:colcon.colcon_core.verb:set package 'warehouse_ros_mongo' build argument 'cmake_target_skip_unavailable' from command line to 'False'
[1.809s] Level 5:colcon.colcon_core.verb:set package 'warehouse_ros_mongo' build argument 'cmake_clean_cache' from command line to 'False'
[1.809s] Level 5:colcon.colcon_core.verb:set package 'warehouse_ros_mongo' build argument 'cmake_clean_first' from command line to 'False'
[1.809s] Level 5:colcon.colcon_core.verb:set package 'warehouse_ros_mongo' build argument 'cmake_force_configure' from command line to 'False'
[1.809s] Level 5:colcon.colcon_core.verb:set package 'warehouse_ros_mongo' build argument 'ament_cmake_args' from command line to 'None'
[1.809s] Level 5:colcon.colcon_core.verb:set package 'warehouse_ros_mongo' build argument 'catkin_cmake_args' from command line to 'None'
[1.809s] Level 5:colcon.colcon_core.verb:set package 'warehouse_ros_mongo' build argument 'catkin_skip_building_tests' from command line to 'False'
[1.809s] DEBUG:colcon.colcon_core.verb:Building package 'warehouse_ros_mongo' with the following arguments: {'ament_cmake_args': None, 'build_base': '/home/devika/robo_ws/build/warehouse_ros_mongo', 'catkin_cmake_args': None, 'catkin_skip_building_tests': False, 'cmake_args': None, 'cmake_clean_cache': False, 'cmake_clean_first': False, 'cmake_force_configure': False, 'cmake_target': None, 'cmake_target_skip_unavailable': False, 'install_base': '/home/devika/robo_ws/install/warehouse_ros_mongo', 'merge_install': False, 'path': '/home/devika/robo_ws/src/warehouse_ros_mongo', 'symlink_install': False, 'test_result_base': None}
[1.810s] Level 5:colcon.colcon_core.verb:set package 'moveit_task_constructor_core' build argument 'cmake_args' from command line to 'None'
[1.810s] Level 5:colcon.colcon_core.verb:set package 'moveit_task_constructor_core' build argument 'cmake_target' from command line to 'None'
[1.810s] Level 5:colcon.colcon_core.verb:set package 'moveit_task_constructor_core' build argument 'cmake_target_skip_unavailable' from command line to 'False'
[1.810s] Level 5:colcon.colcon_core.verb:set package 'moveit_task_constructor_core' build argument 'cmake_clean_cache' from command line to 'False'
[1.810s] Level 5:colcon.colcon_core.verb:set package 'moveit_task_constructor_core' build argument 'cmake_clean_first' from command line to 'False'
[1.810s] Level 5:colcon.colcon_core.verb:set package 'moveit_task_constructor_core' build argument 'cmake_force_configure' from command line to 'False'
[1.810s] Level 5:colcon.colcon_core.verb:set package 'moveit_task_constructor_core' build argument 'ament_cmake_args' from command line to 'None'
[1.810s] Level 5:colcon.colcon_core.verb:set package 'moveit_task_constructor_core' build argument 'catkin_cmake_args' from command line to 'None'
[1.810s] Level 5:colcon.colcon_core.verb:set package 'moveit_task_constructor_core' build argument 'catkin_skip_building_tests' from command line to 'False'
[1.810s] DEBUG:colcon.colcon_core.verb:Building package 'moveit_task_constructor_core' with the following arguments: {'ament_cmake_args': None, 'build_base': '/home/devika/robo_ws/build/moveit_task_constructor_core', 'catkin_cmake_args': None, 'catkin_skip_building_tests': False, 'cmake_args': None, 'cmake_clean_cache': False, 'cmake_clean_first': False, 'cmake_force_configure': False, 'cmake_target': None, 'cmake_target_skip_unavailable': False, 'install_base': '/home/devika/robo_ws/install/moveit_task_constructor_core', 'merge_install': False, 'path': '/home/devika/robo_ws/src/moveit_task_constructor/core', 'symlink_install': False, 'test_result_base': None}
[1.811s] Level 5:colcon.colcon_core.verb:set package 'urdf_humble_test' build argument 'cmake_args' from command line to 'None'
[1.811s] Level 5:colcon.colcon_core.verb:set package 'urdf_humble_test' build argument 'cmake_target' from command line to 'None'
[1.811s] Level 5:colcon.colcon_core.verb:set package 'urdf_humble_test' build argument 'cmake_target_skip_unavailable' from command line to 'False'
[1.811s] Level 5:colcon.colcon_core.verb:set package 'urdf_humble_test' build argument 'cmake_clean_cache' from command line to 'False'
[1.811s] Level 5:colcon.colcon_core.verb:set package 'urdf_humble_test' build argument 'cmake_clean_first' from command line to 'False'
[1.811s] Level 5:colcon.colcon_core.verb:set package 'urdf_humble_test' build argument 'cmake_force_configure' from command line to 'False'
[1.811s] Level 5:colcon.colcon_core.verb:set package 'urdf_humble_test' build argument 'ament_cmake_args' from command line to 'None'
[1.811s] Level 5:colcon.colcon_core.verb:set package 'urdf_humble_test' build argument 'catkin_cmake_args' from command line to 'None'
[1.811s] Level 5:colcon.colcon_core.verb:set package 'urdf_humble_test' build argument 'catkin_skip_building_tests' from command line to 'False'
[1.811s] DEBUG:colcon.colcon_core.verb:Building package 'urdf_humble_test' with the following arguments: {'ament_cmake_args': None, 'build_base': '/home/devika/robo_ws/build/urdf_humble_test', 'catkin_cmake_args': None, 'catkin_skip_building_tests': False, 'cmake_args': None, 'cmake_clean_cache': False, 'cmake_clean_first': False, 'cmake_force_configure': False, 'cmake_target': None, 'cmake_target_skip_unavailable': False, 'install_base': '/home/devika/robo_ws/install/urdf_humble_test', 'merge_install': False, 'path': '/home/devika/robo_ws/src/urdf_humble_test', 'symlink_install': False, 'test_result_base': None}
[1.812s] Level 5:colcon.colcon_core.verb:set package 'hello_moveit_task_constructor' build argument 'cmake_args' from command line to 'None'
[1.812s] Level 5:colcon.colcon_core.verb:set package 'hello_moveit_task_constructor' build argument 'cmake_target' from command line to 'None'
[1.812s] Level 5:colcon.colcon_core.verb:set package 'hello_moveit_task_constructor' build argument 'cmake_target_skip_unavailable' from command line to 'False'
[1.812s] Level 5:colcon.colcon_core.verb:set package 'hello_moveit_task_constructor' build argument 'cmake_clean_cache' from command line to 'False'
[1.812s] Level 5:colcon.colcon_core.verb:set package 'hello_moveit_task_constructor' build argument 'cmake_clean_first' from command line to 'False'
[1.812s] Level 5:colcon.colcon_core.verb:set package 'hello_moveit_task_constructor' build argument 'cmake_force_configure' from command line to 'False'
[1.812s] Level 5:colcon.colcon_core.verb:set package 'hello_moveit_task_constructor' build argument 'ament_cmake_args' from command line to 'None'
[1.812s] Level 5:colcon.colcon_core.verb:set package 'hello_moveit_task_constructor' build argument 'catkin_cmake_args' from command line to 'None'
[1.812s] Level 5:colcon.colcon_core.verb:set package 'hello_moveit_task_constructor' build argument 'catkin_skip_building_tests' from command line to 'False'
[1.813s] DEBUG:colcon.colcon_core.verb:Building package 'hello_moveit_task_constructor' with the following arguments: {'ament_cmake_args': None, 'build_base': '/home/devika/robo_ws/build/hello_moveit_task_constructor', 'catkin_cmake_args': None, 'catkin_skip_building_tests': False, 'cmake_args': None, 'cmake_clean_cache': False, 'cmake_clean_first': False, 'cmake_force_configure': False, 'cmake_target': None, 'cmake_target_skip_unavailable': False, 'install_base': '/home/devika/robo_ws/install/hello_moveit_task_constructor', 'merge_install': False, 'path': '/home/devika/robo_ws/src/hello_moveit_task_constructor', 'symlink_install': False, 'test_result_base': None}
[1.813s] Level 5:colcon.colcon_core.verb:set package 'moveit_task_constructor_capabilities' build argument 'cmake_args' from command line to 'None'
[1.813s] Level 5:colcon.colcon_core.verb:set package 'moveit_task_constructor_capabilities' build argument 'cmake_target' from command line to 'None'
[1.813s] Level 5:colcon.colcon_core.verb:set package 'moveit_task_constructor_capabilities' build argument 'cmake_target_skip_unavailable' from command line to 'False'
[1.813s] Level 5:colcon.colcon_core.verb:set package 'moveit_task_constructor_capabilities' build argument 'cmake_clean_cache' from command line to 'False'
[1.813s] Level 5:colcon.colcon_core.verb:set package 'moveit_task_constructor_capabilities' build argument 'cmake_clean_first' from command line to 'False'
[1.813s] Level 5:colcon.colcon_core.verb:set package 'moveit_task_constructor_capabilities' build argument 'cmake_force_configure' from command line to 'False'
[1.813s] Level 5:colcon.colcon_core.verb:set package 'moveit_task_constructor_capabilities' build argument 'ament_cmake_args' from command line to 'None'
[1.813s] Level 5:colcon.colcon_core.verb:set package 'moveit_task_constructor_capabilities' build argument 'catkin_cmake_args' from command line to 'None'
[1.814s] Level 5:colcon.colcon_core.verb:set package 'moveit_task_constructor_capabilities' build argument 'catkin_skip_building_tests' from command line to 'False'
[1.814s] DEBUG:colcon.colcon_core.verb:Building package 'moveit_task_constructor_capabilities' with the following arguments: {'ament_cmake_args': None, 'build_base': '/home/devika/robo_ws/build/moveit_task_constructor_capabilities', 'catkin_cmake_args': None, 'catkin_skip_building_tests': False, 'cmake_args': None, 'cmake_clean_cache': False, 'cmake_clean_first': False, 'cmake_force_configure': False, 'cmake_target': None, 'cmake_target_skip_unavailable': False, 'install_base': '/home/devika/robo_ws/install/moveit_task_constructor_capabilities', 'merge_install': False, 'path': '/home/devika/robo_ws/src/moveit_task_constructor/capabilities', 'symlink_install': False, 'test_result_base': None}
[1.814s] Level 5:colcon.colcon_core.verb:set package 'moveit_task_constructor_visualization' build argument 'cmake_args' from command line to 'None'
[1.814s] Level 5:colcon.colcon_core.verb:set package 'moveit_task_constructor_visualization' build argument 'cmake_target' from command line to 'None'
[1.814s] Level 5:colcon.colcon_core.verb:set package 'moveit_task_constructor_visualization' build argument 'cmake_target_skip_unavailable' from command line to 'False'
[1.814s] Level 5:colcon.colcon_core.verb:set package 'moveit_task_constructor_visualization' build argument 'cmake_clean_cache' from command line to 'False'
[1.814s] Level 5:colcon.colcon_core.verb:set package 'moveit_task_constructor_visualization' build argument 'cmake_clean_first' from command line to 'False'
[1.814s] Level 5:colcon.colcon_core.verb:set package 'moveit_task_constructor_visualization' build argument 'cmake_force_configure' from command line to 'False'
[1.814s] Level 5:colcon.colcon_core.verb:set package 'moveit_task_constructor_visualization' build argument 'ament_cmake_args' from command line to 'None'
[1.815s] Level 5:colcon.colcon_core.verb:set package 'moveit_task_constructor_visualization' build argument 'catkin_cmake_args' from command line to 'None'
[1.815s] Level 5:colcon.colcon_core.verb:set package 'moveit_task_constructor_visualization' build argument 'catkin_skip_building_tests' from command line to 'False'
[1.815s] DEBUG:colcon.colcon_core.verb:Building package 'moveit_task_constructor_visualization' with the following arguments: {'ament_cmake_args': None, 'build_base': '/home/devika/robo_ws/build/moveit_task_constructor_visualization', 'catkin_cmake_args': None, 'catkin_skip_building_tests': False, 'cmake_args': None, 'cmake_clean_cache': False, 'cmake_clean_first': False, 'cmake_force_configure': False, 'cmake_target': None, 'cmake_target_skip_unavailable': False, 'install_base': '/home/devika/robo_ws/install/moveit_task_constructor_visualization', 'merge_install': False, 'path': '/home/devika/robo_ws/src/moveit_task_constructor/visualization', 'symlink_install': False, 'test_result_base': None}
[1.815s] Level 5:colcon.colcon_core.verb:set package 'moveit_task_constructor_demo' build argument 'cmake_args' from command line to 'None'
[1.815s] Level 5:colcon.colcon_core.verb:set package 'moveit_task_constructor_demo' build argument 'cmake_target' from command line to 'None'
[1.815s] Level 5:colcon.colcon_core.verb:set package 'moveit_task_constructor_demo' build argument 'cmake_target_skip_unavailable' from command line to 'False'
[1.815s] Level 5:colcon.colcon_core.verb:set package 'moveit_task_constructor_demo' build argument 'cmake_clean_cache' from command line to 'False'
[1.816s] Level 5:colcon.colcon_core.verb:set package 'moveit_task_constructor_demo' build argument 'cmake_clean_first' from command line to 'False'
[1.816s] Level 5:colcon.colcon_core.verb:set package 'moveit_task_constructor_demo' build argument 'cmake_force_configure' from command line to 'False'
[1.816s] Level 5:colcon.colcon_core.verb:set package 'moveit_task_constructor_demo' build argument 'ament_cmake_args' from command line to 'None'
[1.816s] Level 5:colcon.colcon_core.verb:set package 'moveit_task_constructor_demo' build argument 'catkin_cmake_args' from command line to 'None'
[1.816s] Level 5:colcon.colcon_core.verb:set package 'moveit_task_constructor_demo' build argument 'catkin_skip_building_tests' from command line to 'False'
[1.816s] DEBUG:colcon.colcon_core.verb:Building package 'moveit_task_constructor_demo' with the following arguments: {'ament_cmake_args': None, 'build_base': '/home/devika/robo_ws/build/moveit_task_constructor_demo', 'catkin_cmake_args': None, 'catkin_skip_building_tests': False, 'cmake_args': None, 'cmake_clean_cache': False, 'cmake_clean_first': False, 'cmake_force_configure': False, 'cmake_target': None, 'cmake_target_skip_unavailable': False, 'install_base': '/home/devika/robo_ws/install/moveit_task_constructor_demo', 'merge_install': False, 'path': '/home/devika/robo_ws/src/moveit_task_constructor/demo', 'symlink_install': False, 'test_result_base': None}
[1.816s] INFO:colcon.colcon_core.executor:Executing jobs using 'parallel' executor
[1.820s] DEBUG:colcon.colcon_parallel_executor.executor.parallel:run_until_complete
[1.821s] INFO:colcon.colcon_ros.task.ament_cmake.build:Building ROS package in '/home/devika/robo_ws/src/moveit_task_constructor/msgs' with build type 'ament_cmake'
[1.821s] INFO:colcon.colcon_cmake.task.cmake.build:Building CMake package in '/home/devika/robo_ws/src/moveit_task_constructor/msgs'
[1.831s] INFO:colcon.colcon_core.plugin_system:Skipping extension 'colcon_core.shell.bat': Not used on non-Windows systems
[1.832s] INFO:colcon.colcon_core.shell:Skip shell extension 'powershell' for command environment: Not usable outside of PowerShell
[1.832s] DEBUG:colcon.colcon_core.shell:Skip shell extension 'dsv' for command environment
[1.852s] INFO:colcon.colcon_ros.task.ament_cmake.build:Building ROS package in '/home/devika/robo_ws/src/moveit_task_constructor/rviz_marker_tools' with build type 'ament_cmake'
[1.853s] INFO:colcon.colcon_cmake.task.cmake.build:Building CMake package in '/home/devika/robo_ws/src/moveit_task_constructor/rviz_marker_tools'
[1.854s] INFO:colcon.colcon_core.shell:Skip shell extension 'powershell' for command environment: Not usable outside of PowerShell
[1.854s] DEBUG:colcon.colcon_core.shell:Skip shell extension 'dsv' for command environment
[1.877s] INFO:colcon.colcon_ros.task.ament_cmake.build:Building ROS package in '/home/devika/robo_ws/src/gazebo_ros2_control' with build type 'ament_cmake'
[1.877s] INFO:colcon.colcon_cmake.task.cmake.build:Building CMake package in '/home/devika/robo_ws/src/gazebo_ros2_control'
[1.877s] INFO:colcon.colcon_core.shell:Skip shell extension 'powershell' for command environment: Not usable outside of PowerShell
[1.877s] DEBUG:colcon.colcon_core.shell:Skip shell extension 'dsv' for command environment
[1.897s] INFO:colcon.colcon_ros.task.ament_python.build:Building ROS package in '/home/devika/robo_ws/src/cylinder_position_estimator' with build type 'ament_python'
[1.898s] Level 1:colcon.colcon_core.shell:create_environment_hook('cylinder_position_estimator', 'ament_prefix_path')
[1.898s] INFO:colcon.colcon_core.shell:Creating environment hook '/home/devika/robo_ws/install/cylinder_position_estimator/share/cylinder_position_estimator/hook/ament_prefix_path.ps1'
[1.900s] INFO:colcon.colcon_core.shell:Creating environment descriptor '/home/devika/robo_ws/install/cylinder_position_estimator/share/cylinder_position_estimator/hook/ament_prefix_path.dsv'
[1.902s] INFO:colcon.colcon_core.shell:Creating environment hook '/home/devika/robo_ws/install/cylinder_position_estimator/share/cylinder_position_estimator/hook/ament_prefix_path.sh'
[1.905s] INFO:colcon.colcon_core.shell:Skip shell extension 'powershell' for command environment: Not usable outside of PowerShell
[1.905s] DEBUG:colcon.colcon_core.shell:Skip shell extension 'dsv' for command environment
[1.926s] INFO:colcon.colcon_ros.task.ament_cmake.build:Building ROS package in '/home/devika/robo_ws/src/hello_moveit' with build type 'ament_cmake'
[1.927s] INFO:colcon.colcon_cmake.task.cmake.build:Building CMake package in '/home/devika/robo_ws/src/hello_moveit'
[1.927s] INFO:colcon.colcon_core.shell:Skip shell extension 'powershell' for command environment: Not usable outside of PowerShell
[1.927s] DEBUG:colcon.colcon_core.shell:Skip shell extension 'dsv' for command environment
[1.948s] INFO:colcon.colcon_ros.task.ament_python.build:Building ROS package in '/home/devika/robo_ws/src/perception_vision' with build type 'ament_python'
[1.948s] Level 1:colcon.colcon_core.shell:create_environment_hook('perception_vision', 'ament_prefix_path')
[1.949s] INFO:colcon.colcon_core.shell:Creating environment hook '/home/devika/robo_ws/install/perception_vision/share/perception_vision/hook/ament_prefix_path.ps1'
[1.950s] INFO:colcon.colcon_core.shell:Creating environment descriptor '/home/devika/robo_ws/install/perception_vision/share/perception_vision/hook/ament_prefix_path.dsv'
[1.951s] INFO:colcon.colcon_core.shell:Creating environment hook '/home/devika/robo_ws/install/perception_vision/share/perception_vision/hook/ament_prefix_path.sh'
[1.952s] INFO:colcon.colcon_core.shell:Skip shell extension 'powershell' for command environment: Not usable outside of PowerShell
[1.952s] DEBUG:colcon.colcon_core.shell:Skip shell extension 'dsv' for command environment
[1.974s] INFO:colcon.colcon_ros.task.ament_cmake.build:Building ROS package in '/home/devika/robo_ws/src/urdf_humble_test_moveit_config' with build type 'ament_cmake'
[1.974s] INFO:colcon.colcon_cmake.task.cmake.build:Building CMake package in '/home/devika/robo_ws/src/urdf_humble_test_moveit_config'
[1.974s] INFO:colcon.colcon_core.shell:Skip shell extension 'powershell' for command environment: Not usable outside of PowerShell
[1.975s] DEBUG:colcon.colcon_core.shell:Skip shell extension 'dsv' for command environment
[1.995s] INFO:colcon.colcon_ros.task.ament_cmake.build:Building ROS package in '/home/devika/robo_ws/src/warehouse_ros_mongo' with build type 'ament_cmake'
[1.996s] INFO:colcon.colcon_cmake.task.cmake.build:Building CMake package in '/home/devika/robo_ws/src/warehouse_ros_mongo'
[1.996s] INFO:colcon.colcon_core.shell:Skip shell extension 'powershell' for command environment: Not usable outside of PowerShell
[1.996s] DEBUG:colcon.colcon_core.shell:Skip shell extension 'dsv' for command environment
[2.035s] DEBUG:colcon.colcon_core.event_handler.log_command:Invoking command in '/home/devika/robo_ws/build/moveit_task_constructor_msgs': CMAKE_PREFIX_PATH=${CMAKE_PREFIX_PATH}:/home/devika/ws_moveit2/install/moveit_configs_utils:/home/devika/ws_moveit2/install/launch_param_builder:/home/devika/robo_ws/install/perception_vision:/home/devika/robo_ws/install/cylinder_position_estimator:/opt/ros/humble /usr/bin/cmake --build /home/devika/robo_ws/build/moveit_task_constructor_msgs
[2.044s] DEBUG:colcon.colcon_core.event_handler.log_command:Invoking command in '/home/devika/robo_ws/build/rviz_marker_tools': CMAKE_PREFIX_PATH=${CMAKE_PREFIX_PATH}:/home/devika/ws_moveit2/install/moveit_configs_utils:/home/devika/ws_moveit2/install/launch_param_builder:/home/devika/robo_ws/install/perception_vision:/home/devika/robo_ws/install/cylinder_position_estimator:/opt/ros/humble /usr/bin/cmake --build /home/devika/robo_ws/build/rviz_marker_tools
[2.060s] DEBUG:colcon.colcon_core.event_handler.log_command:Invoking command in '/home/devika/robo_ws/build/gazebo_ros2_control': CMAKE_PREFIX_PATH=${CMAKE_PREFIX_PATH}:/home/devika/ws_moveit2/install/moveit_configs_utils:/home/devika/ws_moveit2/install/launch_param_builder:/home/devika/robo_ws/install/perception_vision:/home/devika/robo_ws/install/cylinder_position_estimator:/opt/ros/humble /usr/bin/cmake --build /home/devika/robo_ws/build/gazebo_ros2_control
[2.819s] INFO:colcon.colcon_core.task.python.build:Building Python package in '/home/devika/robo_ws/src/cylinder_position_estimator'
[2.820s] INFO:colcon.colcon_core.shell:Skip shell extension 'powershell' for command environment: Not usable outside of PowerShell
[2.820s] DEBUG:colcon.colcon_core.shell:Skip shell extension 'dsv' for command environment
[2.856s] DEBUG:colcon.colcon_core.event_handler.log_command:Invoking command in '/home/devika/robo_ws/build/hello_moveit': CMAKE_PREFIX_PATH=${CMAKE_PREFIX_PATH}:/home/devika/ws_moveit2/install/moveit_configs_utils:/home/devika/ws_moveit2/install/launch_param_builder:/home/devika/robo_ws/install/perception_vision:/home/devika/robo_ws/install/cylinder_position_estimator:/opt/ros/humble /usr/bin/cmake --build /home/devika/robo_ws/build/hello_moveit
[3.631s] INFO:colcon.colcon_core.task.python.build:Building Python package in '/home/devika/robo_ws/src/perception_vision'
[3.632s] INFO:colcon.colcon_core.shell:Skip shell extension 'powershell' for command environment: Not usable outside of PowerShell
[3.632s] DEBUG:colcon.colcon_core.shell:Skip shell extension 'dsv' for command environment
[3.670s] DEBUG:colcon.colcon_core.event_handler.log_command:Invoking command in '/home/devika/robo_ws/build/urdf_humble_test_moveit_config': CMAKE_PREFIX_PATH=${CMAKE_PREFIX_PATH}:/home/devika/ws_moveit2/install/moveit_configs_utils:/home/devika/ws_moveit2/install/launch_param_builder:/home/devika/robo_ws/install/perception_vision:/home/devika/robo_ws/install/cylinder_position_estimator:/opt/ros/humble /usr/bin/cmake --build /home/devika/robo_ws/build/urdf_humble_test_moveit_config
[3.684s] DEBUG:colcon.colcon_core.event_handler.log_command:Invoked command in '/home/devika/robo_ws/build/gazebo_ros2_control' returned '0': CMAKE_PREFIX_PATH=${CMAKE_PREFIX_PATH}:/home/devika/ws_moveit2/install/moveit_configs_utils:/home/devika/ws_moveit2/install/launch_param_builder:/home/devika/robo_ws/install/perception_vision:/home/devika/robo_ws/install/cylinder_position_estimator:/opt/ros/humble /usr/bin/cmake --build /home/devika/robo_ws/build/gazebo_ros2_control
[3.725s] DEBUG:colcon.colcon_core.event_handler.log_command:Invoking command in '/home/devika/robo_ws/build/gazebo_ros2_control': CMAKE_PREFIX_PATH=${CMAKE_PREFIX_PATH}:/home/devika/ws_moveit2/install/moveit_configs_utils:/home/devika/ws_moveit2/install/launch_param_builder:/home/devika/robo_ws/install/perception_vision:/home/devika/robo_ws/install/cylinder_position_estimator:/opt/ros/humble /usr/bin/cmake --install /home/devika/robo_ws/build/gazebo_ros2_control
[3.728s] DEBUG:colcon.colcon_core.event_handler.log_command:Invoked command in '/home/devika/robo_ws/build/rviz_marker_tools' returned '0': CMAKE_PREFIX_PATH=${CMAKE_PREFIX_PATH}:/home/devika/ws_moveit2/install/moveit_configs_utils:/home/devika/ws_moveit2/install/launch_param_builder:/home/devika/robo_ws/install/perception_vision:/home/devika/robo_ws/install/cylinder_position_estimator:/opt/ros/humble /usr/bin/cmake --build /home/devika/robo_ws/build/rviz_marker_tools
[3.735s] DEBUG:colcon.colcon_core.event_handler.log_command:Invoking command in '/home/devika/robo_ws/build/rviz_marker_tools': CMAKE_PREFIX_PATH=${CMAKE_PREFIX_PATH}:/home/devika/ws_moveit2/install/moveit_configs_utils:/home/devika/ws_moveit2/install/launch_param_builder:/home/devika/robo_ws/install/perception_vision:/home/devika/robo_ws/install/cylinder_position_estimator:/opt/ros/humble /usr/bin/cmake --install /home/devika/robo_ws/build/rviz_marker_tools
[3.752s] DEBUG:colcon.colcon_core.event_handler.log_command:Invoking command in '/home/devika/robo_ws/build/warehouse_ros_mongo': CMAKE_PREFIX_PATH=${CMAKE_PREFIX_PATH}:/home/devika/ws_moveit2/install/moveit_configs_utils:/home/devika/ws_moveit2/install/launch_param_builder:/home/devika/robo_ws/install/perception_vision:/home/devika/robo_ws/install/cylinder_position_estimator:/opt/ros/humble /usr/bin/cmake --build /home/devika/robo_ws/build/warehouse_ros_mongo
[3.789s] Level 1:colcon.colcon_core.environment:create_environment_scripts_only(gazebo_ros2_control)
[3.805s] DEBUG:colcon.colcon_core.event_handler.log_command:Invoked command in '/home/devika/robo_ws/build/gazebo_ros2_control' returned '0': CMAKE_PREFIX_PATH=${CMAKE_PREFIX_PATH}:/home/devika/ws_moveit2/install/moveit_configs_utils:/home/devika/ws_moveit2/install/launch_param_builder:/home/devika/robo_ws/install/perception_vision:/home/devika/robo_ws/install/cylinder_position_estimator:/opt/ros/humble /usr/bin/cmake --install /home/devika/robo_ws/build/gazebo_ros2_control
[3.825s] Level 1:colcon.colcon_core.environment:checking '/home/devika/robo_ws/install/gazebo_ros2_control' for CMake module files
[3.830s] Level 1:colcon.colcon_core.environment:checking '/home/devika/robo_ws/install/gazebo_ros2_control' for CMake config files
[3.839s] Level 1:colcon.colcon_core.shell:create_environment_hook('gazebo_ros2_control', 'cmake_prefix_path')
[3.841s] INFO:colcon.colcon_core.shell:Creating environment hook '/home/devika/robo_ws/install/gazebo_ros2_control/share/gazebo_ros2_control/hook/cmake_prefix_path.ps1'
[3.843s] INFO:colcon.colcon_core.shell:Creating environment descriptor '/home/devika/robo_ws/install/gazebo_ros2_control/share/gazebo_ros2_control/hook/cmake_prefix_path.dsv'
[3.844s] INFO:colcon.colcon_core.shell:Creating environment hook '/home/devika/robo_ws/install/gazebo_ros2_control/share/gazebo_ros2_control/hook/cmake_prefix_path.sh'
[3.852s] Level 1:colcon.colcon_core.environment:checking '/home/devika/robo_ws/install/gazebo_ros2_control/lib'
[3.853s] Level 1:colcon.colcon_core.shell:create_environment_hook('gazebo_ros2_control', 'ld_library_path_lib')
[3.853s] INFO:colcon.colcon_core.shell:Creating environment hook '/home/devika/robo_ws/install/gazebo_ros2_control/share/gazebo_ros2_control/hook/ld_library_path_lib.ps1'
[3.855s] INFO:colcon.colcon_core.shell:Creating environment descriptor '/home/devika/robo_ws/install/gazebo_ros2_control/share/gazebo_ros2_control/hook/ld_library_path_lib.dsv'
[3.857s] INFO:colcon.colcon_core.shell:Creating environment hook '/home/devika/robo_ws/install/gazebo_ros2_control/share/gazebo_ros2_control/hook/ld_library_path_lib.sh'
[3.858s] Level 1:colcon.colcon_core.environment:checking '/home/devika/robo_ws/install/gazebo_ros2_control/bin'
[3.859s] Level 1:colcon.colcon_core.environment:checking '/home/devika/robo_ws/install/gazebo_ros2_control/lib/pkgconfig/gazebo_ros2_control.pc'
[3.859s] Level 1:colcon.colcon_core.environment:checking '/home/devika/robo_ws/install/gazebo_ros2_control/lib/python3.10/site-packages'
[3.860s] Level 1:colcon.colcon_core.environment:checking '/home/devika/robo_ws/install/gazebo_ros2_control/bin'
[3.861s] INFO:colcon.colcon_core.shell:Creating package script '/home/devika/robo_ws/install/gazebo_ros2_control/share/gazebo_ros2_control/package.ps1'
[3.865s] INFO:colcon.colcon_core.shell:Creating package descriptor '/home/devika/robo_ws/install/gazebo_ros2_control/share/gazebo_ros2_control/package.dsv'
[3.867s] INFO:colcon.colcon_core.shell:Creating package script '/home/devika/robo_ws/install/gazebo_ros2_control/share/gazebo_ros2_control/package.sh'
[3.872s] INFO:colcon.colcon_core.shell:Creating package script '/home/devika/robo_ws/install/gazebo_ros2_control/share/gazebo_ros2_control/package.bash'
[3.875s] INFO:colcon.colcon_core.shell:Creating package script '/home/devika/robo_ws/install/gazebo_ros2_control/share/gazebo_ros2_control/package.zsh'
[3.879s] Level 1:colcon.colcon_core.environment:create_file_with_runtime_dependencies(/home/devika/robo_ws/install/gazebo_ros2_control/share/colcon-core/packages/gazebo_ros2_control)
[3.882s] Level 1:colcon.colcon_core.environment:create_environment_scripts_only(gazebo_ros2_control)
[3.884s] Level 1:colcon.colcon_core.environment:checking '/home/devika/robo_ws/install/gazebo_ros2_control' for CMake module files
[3.886s] Level 1:colcon.colcon_core.environment:checking '/home/devika/robo_ws/install/gazebo_ros2_control' for CMake config files
[3.887s] Level 1:colcon.colcon_core.shell:create_environment_hook('gazebo_ros2_control', 'cmake_prefix_path')
[3.887s] INFO:colcon.colcon_core.shell:Creating environment hook '/home/devika/robo_ws/install/gazebo_ros2_control/share/gazebo_ros2_control/hook/cmake_prefix_path.ps1'
[3.890s] INFO:colcon.colcon_core.shell:Creating environment descriptor '/home/devika/robo_ws/install/gazebo_ros2_control/share/gazebo_ros2_control/hook/cmake_prefix_path.dsv'
[3.892s] INFO:colcon.colcon_core.shell:Creating environment hook '/home/devika/robo_ws/install/gazebo_ros2_control/share/gazebo_ros2_control/hook/cmake_prefix_path.sh'
[3.895s] Level 1:colcon.colcon_core.environment:checking '/home/devika/robo_ws/install/gazebo_ros2_control/lib'
[3.895s] Level 1:colcon.colcon_core.shell:create_environment_hook('gazebo_ros2_control', 'ld_library_path_lib')
[3.896s] INFO:colcon.colcon_core.shell:Creating environment hook '/home/devika/robo_ws/install/gazebo_ros2_control/share/gazebo_ros2_control/hook/ld_library_path_lib.ps1'
[3.897s] INFO:colcon.colcon_core.shell:Creating environment descriptor '/home/devika/robo_ws/install/gazebo_ros2_control/share/gazebo_ros2_control/hook/ld_library_path_lib.dsv'
[3.899s] INFO:colcon.colcon_core.shell:Creating environment hook '/home/devika/robo_ws/install/gazebo_ros2_control/share/gazebo_ros2_control/hook/ld_library_path_lib.sh'
[3.901s] Level 1:colcon.colcon_core.environment:checking '/home/devika/robo_ws/install/gazebo_ros2_control/bin'
[3.902s] Level 1:colcon.colcon_core.environment:checking '/home/devika/robo_ws/install/gazebo_ros2_control/lib/pkgconfig/gazebo_ros2_control.pc'
[3.902s] Level 1:colcon.colcon_core.environment:checking '/home/devika/robo_ws/install/gazebo_ros2_control/lib/python3.10/site-packages'
[3.903s] Level 1:colcon.colcon_core.environment:checking '/home/devika/robo_ws/install/gazebo_ros2_control/bin'
[3.904s] INFO:colcon.colcon_core.shell:Creating package script '/home/devika/robo_ws/install/gazebo_ros2_control/share/gazebo_ros2_control/package.ps1'
[3.907s] INFO:colcon.colcon_core.shell:Creating package descriptor '/home/devika/robo_ws/install/gazebo_ros2_control/share/gazebo_ros2_control/package.dsv'
[3.909s] INFO:colcon.colcon_core.shell:Creating package script '/home/devika/robo_ws/install/gazebo_ros2_control/share/gazebo_ros2_control/package.sh'
[3.913s] INFO:colcon.colcon_core.shell:Creating package script '/home/devika/robo_ws/install/gazebo_ros2_control/share/gazebo_ros2_control/package.bash'
[3.915s] INFO:colcon.colcon_core.shell:Creating package script '/home/devika/robo_ws/install/gazebo_ros2_control/share/gazebo_ros2_control/package.zsh'
[3.917s] Level 1:colcon.colcon_core.environment:create_file_with_runtime_dependencies(/home/devika/robo_ws/install/gazebo_ros2_control/share/colcon-core/packages/gazebo_ros2_control)
[3.918s] INFO:colcon.colcon_ros.task.ament_cmake.build:Building ROS package in '/home/devika/robo_ws/src/urdf_humble_test' with build type 'ament_cmake'
[3.918s] INFO:colcon.colcon_cmake.task.cmake.build:Building CMake package in '/home/devika/robo_ws/src/urdf_humble_test'
[3.919s] INFO:colcon.colcon_core.shell:Skip shell extension 'powershell' for command environment: Not usable outside of PowerShell
[3.919s] DEBUG:colcon.colcon_core.shell:Skip shell extension 'dsv' for command environment
[3.962s] Level 1:colcon.colcon_core.environment:create_environment_scripts_only(rviz_marker_tools)
[3.964s] DEBUG:colcon.colcon_core.event_handler.log_command:Invoked command in '/home/devika/robo_ws/build/rviz_marker_tools' returned '0': CMAKE_PREFIX_PATH=${CMAKE_PREFIX_PATH}:/home/devika/ws_moveit2/install/moveit_configs_utils:/home/devika/ws_moveit2/install/launch_param_builder:/home/devika/robo_ws/install/perception_vision:/home/devika/robo_ws/install/cylinder_position_estimator:/opt/ros/humble /usr/bin/cmake --install /home/devika/robo_ws/build/rviz_marker_tools
[3.966s] Level 1:colcon.colcon_core.environment:checking '/home/devika/robo_ws/install/rviz_marker_tools' for CMake module files
[3.975s] Level 1:colcon.colcon_core.environment:checking '/home/devika/robo_ws/install/rviz_marker_tools' for CMake config files
[3.984s] Level 1:colcon.colcon_core.shell:create_environment_hook('rviz_marker_tools', 'cmake_prefix_path')
[3.986s] INFO:colcon.colcon_core.shell:Creating environment hook '/home/devika/robo_ws/install/rviz_marker_tools/share/rviz_marker_tools/hook/cmake_prefix_path.ps1'
[3.988s] INFO:colcon.colcon_core.shell:Creating environment descriptor '/home/devika/robo_ws/install/rviz_marker_tools/share/rviz_marker_tools/hook/cmake_prefix_path.dsv'
[3.990s] INFO:colcon.colcon_core.shell:Creating environment hook '/home/devika/robo_ws/install/rviz_marker_tools/share/rviz_marker_tools/hook/cmake_prefix_path.sh'
[3.993s] Level 1:colcon.colcon_core.environment:checking '/home/devika/robo_ws/install/rviz_marker_tools/lib'
[3.993s] Level 1:colcon.colcon_core.shell:create_environment_hook('rviz_marker_tools', 'ld_library_path_lib')
[3.994s] INFO:colcon.colcon_core.shell:Creating environment hook '/home/devika/robo_ws/install/rviz_marker_tools/share/rviz_marker_tools/hook/ld_library_path_lib.ps1'
[3.996s] INFO:colcon.colcon_core.shell:Creating environment descriptor '/home/devika/robo_ws/install/rviz_marker_tools/share/rviz_marker_tools/hook/ld_library_path_lib.dsv'
[3.998s] INFO:colcon.colcon_core.shell:Creating environment hook '/home/devika/robo_ws/install/rviz_marker_tools/share/rviz_marker_tools/hook/ld_library_path_lib.sh'
[3.999s] Level 1:colcon.colcon_core.environment:checking '/home/devika/robo_ws/install/rviz_marker_tools/bin'
[4.000s] Level 1:colcon.colcon_core.environment:checking '/home/devika/robo_ws/install/rviz_marker_tools/lib/pkgconfig/rviz_marker_tools.pc'
[4.001s] Level 1:colcon.colcon_core.environment:checking '/home/devika/robo_ws/install/rviz_marker_tools/lib/python3.10/site-packages'
[4.002s] Level 1:colcon.colcon_core.environment:checking '/home/devika/robo_ws/install/rviz_marker_tools/bin'
[4.003s] INFO:colcon.colcon_core.shell:Creating package script '/home/devika/robo_ws/install/rviz_marker_tools/share/rviz_marker_tools/package.ps1'
[4.006s] INFO:colcon.colcon_core.shell:Creating package descriptor '/home/devika/robo_ws/install/rviz_marker_tools/share/rviz_marker_tools/package.dsv'
[4.008s] INFO:colcon.colcon_core.shell:Creating package script '/home/devika/robo_ws/install/rviz_marker_tools/share/rviz_marker_tools/package.sh'
[4.010s] INFO:colcon.colcon_core.shell:Creating package script '/home/devika/robo_ws/install/rviz_marker_tools/share/rviz_marker_tools/package.bash'
[4.013s] INFO:colcon.colcon_core.shell:Creating package script '/home/devika/robo_ws/install/rviz_marker_tools/share/rviz_marker_tools/package.zsh'
[4.014s] Level 1:colcon.colcon_core.environment:create_file_with_runtime_dependencies(/home/devika/robo_ws/install/rviz_marker_tools/share/colcon-core/packages/rviz_marker_tools)
[4.016s] Level 1:colcon.colcon_core.environment:create_environment_scripts_only(rviz_marker_tools)
[4.017s] Level 1:colcon.colcon_core.environment:checking '/home/devika/robo_ws/install/rviz_marker_tools' for CMake module files
[4.018s] Level 1:colcon.colcon_core.environment:checking '/home/devika/robo_ws/install/rviz_marker_tools' for CMake config files
[4.018s] Level 1:colcon.colcon_core.shell:create_environment_hook('rviz_marker_tools', 'cmake_prefix_path')
[4.019s] INFO:colcon.colcon_core.shell:Creating environment hook '/home/devika/robo_ws/install/rviz_marker_tools/share/rviz_marker_tools/hook/cmake_prefix_path.ps1'
[4.021s] INFO:colcon.colcon_core.shell:Creating environment descriptor '/home/devika/robo_ws/install/rviz_marker_tools/share/rviz_marker_tools/hook/cmake_prefix_path.dsv'
[4.023s] INFO:colcon.colcon_core.shell:Creating environment hook '/home/devika/robo_ws/install/rviz_marker_tools/share/rviz_marker_tools/hook/cmake_prefix_path.sh'
[4.025s] Level 1:colcon.colcon_core.environment:checking '/home/devika/robo_ws/install/rviz_marker_tools/lib'
[4.025s] Level 1:colcon.colcon_core.shell:create_environment_hook('rviz_marker_tools', 'ld_library_path_lib')
[4.026s] INFO:colcon.colcon_core.shell:Creating environment hook '/home/devika/robo_ws/install/rviz_marker_tools/share/rviz_marker_tools/hook/ld_library_path_lib.ps1'
[4.028s] INFO:colcon.colcon_core.shell:Creating environment descriptor '/home/devika/robo_ws/install/rviz_marker_tools/share/rviz_marker_tools/hook/ld_library_path_lib.dsv'
[4.030s] INFO:colcon.colcon_core.shell:Creating environment hook '/home/devika/robo_ws/install/rviz_marker_tools/share/rviz_marker_tools/hook/ld_library_path_lib.sh'
[4.032s] Level 1:colcon.colcon_core.environment:checking '/home/devika/robo_ws/install/rviz_marker_tools/bin'
[4.033s] Level 1:colcon.colcon_core.environment:checking '/home/devika/robo_ws/install/rviz_marker_tools/lib/pkgconfig/rviz_marker_tools.pc'
[4.033s] Level 1:colcon.colcon_core.environment:checking '/home/devika/robo_ws/install/rviz_marker_tools/lib/python3.10/site-packages'
[4.034s] Level 1:colcon.colcon_core.environment:checking '/home/devika/robo_ws/install/rviz_marker_tools/bin'
[4.035s] INFO:colcon.colcon_core.shell:Creating package script '/home/devika/robo_ws/install/rviz_marker_tools/share/rviz_marker_tools/package.ps1'
[4.036s] INFO:colcon.colcon_core.shell:Creating package descriptor '/home/devika/robo_ws/install/rviz_marker_tools/share/rviz_marker_tools/package.dsv'
[4.039s] INFO:colcon.colcon_core.shell:Creating package script '/home/devika/robo_ws/install/rviz_marker_tools/share/rviz_marker_tools/package.sh'
[4.040s] INFO:colcon.colcon_core.shell:Creating package script '/home/devika/robo_ws/install/rviz_marker_tools/share/rviz_marker_tools/package.bash'
[4.042s] INFO:colcon.colcon_core.shell:Creating package script '/home/devika/robo_ws/install/rviz_marker_tools/share/rviz_marker_tools/package.zsh'
[4.044s] Level 1:colcon.colcon_core.environment:create_file_with_runtime_dependencies(/home/devika/robo_ws/install/rviz_marker_tools/share/colcon-core/packages/rviz_marker_tools)
[4.047s] DEBUG:colcon.colcon_core.event_handler.log_command:Invoked command in '/home/devika/robo_ws/build/urdf_humble_test_moveit_config' returned '0': CMAKE_PREFIX_PATH=${CMAKE_PREFIX_PATH}:/home/devika/ws_moveit2/install/moveit_configs_utils:/home/devika/ws_moveit2/install/launch_param_builder:/home/devika/robo_ws/install/perception_vision:/home/devika/robo_ws/install/cylinder_position_estimator:/opt/ros/humble /usr/bin/cmake --build /home/devika/robo_ws/build/urdf_humble_test_moveit_config
[4.059s] DEBUG:colcon.colcon_core.event_handler.log_command:Invoking command in '/home/devika/robo_ws/build/urdf_humble_test_moveit_config': CMAKE_PREFIX_PATH=${CMAKE_PREFIX_PATH}:/home/devika/ws_moveit2/install/moveit_configs_utils:/home/devika/ws_moveit2/install/launch_param_builder:/home/devika/robo_ws/install/perception_vision:/home/devika/robo_ws/install/cylinder_position_estimator:/opt/ros/humble /usr/bin/cmake --install /home/devika/robo_ws/build/urdf_humble_test_moveit_config
[4.090s] DEBUG:colcon.colcon_core.event_handler.log_command:Invoking command in '/home/devika/robo_ws/build/urdf_humble_test': CMAKE_PREFIX_PATH=/home/devika/robo_ws/install/gazebo_ros2_control:/home/devika/ws_moveit2/install/pilz_industrial_motion_planner_testutils:/home/devika/ws_moveit2/install/moveit_runtime:/home/devika/ws_moveit2/install/moveit2_tutorials:/home/devika/ws_moveit2/install/moveit:/home/devika/ws_moveit2/install/moveit_planners:/home/devika/ws_moveit2/install/pilz_industrial_motion_planner:/home/devika/ws_moveit2/install/moveit_visual_tools:/home/devika/ws_moveit2/install/moveit_task_constructor_visualization:/home/devika/ws_moveit2/install/moveit_task_constructor_demo:/home/devika/ws_moveit2/install/moveit_task_constructor_capabilities:/home/devika/ws_moveit2/install/moveit_task_constructor_core:/home/devika/ws_moveit2/install/moveit_ros_control_interface:/home/devika/ws_moveit2/install/moveit_plugins:/home/devika/ws_moveit2/install/moveit_simple_controller_manager:/home/devika/ws_moveit2/install/moveit_setup_assistant:/home/devika/ws_moveit2/install/moveit_setup_srdf_plugins:/home/devika/ws_moveit2/install/moveit_setup_core_plugins:/home/devika/ws_moveit2/install/moveit_setup_controllers:/home/devika/ws_moveit2/install/moveit_setup_app_plugins:/home/devika/ws_moveit2/install/moveit_setup_framework:/home/devika/ws_moveit2/install/moveit_servo:/home/devika/ws_moveit2/install/moveit_ros:/home/devika/ws_moveit2/install/moveit_ros_visualization:/home/devika/ws_moveit2/install/moveit_hybrid_planning:/home/devika/ws_moveit2/install/moveit_ros_planning_interface:/home/devika/ws_moveit2/install/moveit_ros_benchmarks:/home/devika/ws_moveit2/install/moveit_ros_warehouse:/home/devika/ws_moveit2/install/moveit_ros_robot_interaction:/home/devika/ws_moveit2/install/moveit_ros_perception:/home/devika/ws_moveit2/install/moveit_resources_prbt_pg70_support:/home/devika/ws_moveit2/install/moveit_resources_prbt_moveit_config:/home/devika/ws_moveit2/install/moveit_ros_move_group:/home/devika/ws_moveit2/install/moveit_planners_ompl:/home/devika/ws_moveit2/install/moveit_ros_planning:/home/devika/ws_moveit2/install/moveit_ros_occupancy_map_monitor:/home/devika/ws_moveit2/install/moveit_resources_prbt_ikfast_manipulator_plugin:/home/devika/ws_moveit2/install/moveit_planners_chomp:/home/devika/ws_moveit2/install/moveit_kinematics:/home/devika/ws_moveit2/install/moveit_chomp_optimizer_adapter:/home/devika/ws_moveit2/install/chomp_motion_planner:/home/devika/ws_moveit2/install/moveit_core:/home/devika/ws_moveit2/install/srdfdom:/home/devika/ws_moveit2/install/rviz_marker_tools:/home/devika/ws_moveit2/install/rosparam_shortcuts:/home/devika/ws_moveit2/install/moveit_task_constructor_msgs:/home/devika/ws_moveit2/install/moveit_resources_prbt_support:/home/devika/ws_moveit2/install/moveit_resources:/home/devika/ws_moveit2/install/moveit_resources_pr2_description:/home/devika/ws_moveit2/install/moveit_resources_panda_moveit_config:/home/devika/ws_moveit2/install/moveit_resources_panda_description:/home/devika/ws_moveit2/install/moveit_resources_fanuc_moveit_config:/home/devika/ws_moveit2/install/moveit_resources_fanuc_description:/home/devika/ws_moveit2/install/moveit_common:/home/devika/robo_ws/install/urdf_humble_test_moveit_config:/home/devika/robo_ws/install/warehouse_ros_mongo:/home/devika/robo_ws/install/urdf_humble_test:/home/devika/robo_ws/install/moveit_task_constructor_visualization:/home/devika/robo_ws/install/moveit_task_constructor_demo:/home/devika/robo_ws/install/moveit_task_constructor_capabilities:/home/devika/robo_ws/install/hello_moveit_task_constructor:/home/devika/robo_ws/install/moveit_task_constructor_core:/home/devika/robo_ws/install/rviz_marker_tools:/home/devika/robo_ws/install/moveit_task_constructor_msgs:/home/devika/robo_ws/install/hello_moveit:/home/devika/manga_ws/install/urdf_humble_test_moveit_config:/home/devika/manga_ws/install/urdf_humble_test:/home/devika/manga_ws/install/hello_moveit:/home/devika/some_ws/install/motoman_hc10_support:/home/devika/some_ws/install/motoman_resources:/home/devika/some_ws/install/hello_moveit:/home/devika/some_ws/install/hc20_sim_moveit_config:/home/devika/some_ws/install/hc20_moveit_config:/home/devika/some_ws/install/hc10_movit2v3:/home/devika/some_ws/install/hc10dt_moveit_config:/home/devika/ws_moveit2/install/moveit_configs_utils:/home/devika/ws_moveit2/install/launch_param_builder:/home/devika/robo_ws/install/perception_vision:/home/devika/robo_ws/install/cylinder_position_estimator:/opt/ros/humble LD_LIBRARY_PATH=/home/devika/robo_ws/install/gazebo_ros2_control/lib:/home/devika/ws_moveit2/install/pilz_industrial_motion_planner_testutils/lib:/home/devika/ws_moveit2/install/pilz_industrial_motion_planner/lib:/home/devika/ws_moveit2/install/moveit_visual_tools/lib:/home/devika/ws_moveit2/install/moveit_task_constructor_visualization/lib:/home/devika/ws_moveit2/install/moveit_task_constructor_demo/lib:/home/devika/ws_moveit2/install/moveit_task_constructor_capabilities/lib:/home/devika/ws_moveit2/install/moveit_task_constructor_core/lib:/home/devika/ws_moveit2/install/moveit_ros_control_interface/lib:/home/devika/ws_moveit2/install/moveit_simple_controller_manager/lib:/home/devika/ws_moveit2/install/moveit_setup_assistant/lib:/home/devika/ws_moveit2/install/moveit_setup_srdf_plugins/lib:/home/devika/ws_moveit2/install/moveit_setup_core_plugins/lib:/home/devika/ws_moveit2/install/moveit_setup_controllers/lib:/home/devika/ws_moveit2/install/moveit_setup_app_plugins/lib:/home/devika/ws_moveit2/install/moveit_setup_framework/lib:/home/devika/ws_moveit2/install/moveit_servo/lib:/home/devika/ws_moveit2/install/moveit_ros_visualization/lib:/home/devika/ws_moveit2/install/moveit_hybrid_planning/lib:/home/devika/ws_moveit2/install/moveit_ros_planning_interface/lib:/home/devika/ws_moveit2/install/moveit_ros_benchmarks/lib:/home/devika/ws_moveit2/install/moveit_ros_warehouse/lib:/home/devika/ws_moveit2/install/moveit_ros_robot_interaction/lib:/home/devika/ws_moveit2/install/moveit_ros_perception/lib:/home/devika/ws_moveit2/install/moveit_ros_move_group/lib:/home/devika/ws_moveit2/install/moveit_planners_ompl/lib:/home/devika/ws_moveit2/install/moveit_ros_planning/lib:/home/devika/ws_moveit2/install/moveit_ros_occupancy_map_monitor/lib:/home/devika/ws_moveit2/install/moveit_resources_prbt_ikfast_manipulator_plugin/lib:/home/devika/ws_moveit2/install/moveit_planners_chomp/lib:/home/devika/ws_moveit2/install/moveit_kinematics/lib:/home/devika/ws_moveit2/install/moveit_chomp_optimizer_adapter/lib:/home/devika/ws_moveit2/install/chomp_motion_planner/lib:/home/devika/ws_moveit2/install/moveit_core/lib:/home/devika/ws_moveit2/install/srdfdom/lib:/home/devika/ws_moveit2/install/rviz_marker_tools/lib:/home/devika/ws_moveit2/install/rosparam_shortcuts/lib:/home/devika/ws_moveit2/install/moveit_task_constructor_msgs/lib:/home/devika/robo_ws/install/warehouse_ros_mongo/lib:/home/devika/robo_ws/install/moveit_task_constructor_visualization/lib:/home/devika/robo_ws/install/moveit_task_constructor_demo/lib:/home/devika/robo_ws/install/moveit_task_constructor_capabilities/lib:/home/devika/robo_ws/install/hello_moveit_task_constructor/lib:/home/devika/robo_ws/install/moveit_task_constructor_core/lib:/home/devika/robo_ws/install/rviz_marker_tools/lib:/home/devika/robo_ws/install/moveit_task_constructor_msgs/lib:/usr/lib/x86_64-linux-gnu/gazebo-11/plugins:/opt/ros/humble/opt/rviz_ogre_vendor/lib:/opt/ros/humble/lib/x86_64-linux-gnu:/opt/ros/humble/lib /usr/bin/cmake --build /home/devika/robo_ws/build/urdf_humble_test
[4.140s] Level 1:colcon.colcon_core.environment:create_environment_scripts_only(urdf_humble_test_moveit_config)
[4.141s] Level 1:colcon.colcon_core.environment:checking '/home/devika/robo_ws/install/urdf_humble_test_moveit_config' for CMake module files
[4.143s] DEBUG:colcon.colcon_core.event_handler.log_command:Invoked command in '/home/devika/robo_ws/build/urdf_humble_test_moveit_config' returned '0': CMAKE_PREFIX_PATH=${CMAKE_PREFIX_PATH}:/home/devika/ws_moveit2/install/moveit_configs_utils:/home/devika/ws_moveit2/install/launch_param_builder:/home/devika/robo_ws/install/perception_vision:/home/devika/robo_ws/install/cylinder_position_estimator:/opt/ros/humble /usr/bin/cmake --install /home/devika/robo_ws/build/urdf_humble_test_moveit_config
[4.144s] Level 1:colcon.colcon_core.environment:checking '/home/devika/robo_ws/install/urdf_humble_test_moveit_config' for CMake config files
[4.155s] Level 1:colcon.colcon_core.shell:create_environment_hook('urdf_humble_test_moveit_config', 'cmake_prefix_path')
[4.156s] INFO:colcon.colcon_core.shell:Creating environment hook '/home/devika/robo_ws/install/urdf_humble_test_moveit_config/share/urdf_humble_test_moveit_config/hook/cmake_prefix_path.ps1'
[4.158s] INFO:colcon.colcon_core.shell:Creating environment descriptor '/home/devika/robo_ws/install/urdf_humble_test_moveit_config/share/urdf_humble_test_moveit_config/hook/cmake_prefix_path.dsv'
[4.159s] INFO:colcon.colcon_core.shell:Creating environment hook '/home/devika/robo_ws/install/urdf_humble_test_moveit_config/share/urdf_humble_test_moveit_config/hook/cmake_prefix_path.sh'
[4.161s] Level 1:colcon.colcon_core.environment:checking '/home/devika/robo_ws/install/urdf_humble_test_moveit_config/bin'
[4.161s] Level 1:colcon.colcon_core.environment:checking '/home/devika/robo_ws/install/urdf_humble_test_moveit_config/lib/pkgconfig/urdf_humble_test_moveit_config.pc'
[4.161s] Level 1:colcon.colcon_core.environment:checking '/home/devika/robo_ws/install/urdf_humble_test_moveit_config/lib/python3.10/site-packages'
[4.162s] Level 1:colcon.colcon_core.environment:checking '/home/devika/robo_ws/install/urdf_humble_test_moveit_config/bin'
[4.163s] INFO:colcon.colcon_core.shell:Creating package script '/home/devika/robo_ws/install/urdf_humble_test_moveit_config/share/urdf_humble_test_moveit_config/package.ps1'
[4.164s] INFO:colcon.colcon_core.shell:Creating package descriptor '/home/devika/robo_ws/install/urdf_humble_test_moveit_config/share/urdf_humble_test_moveit_config/package.dsv'
[4.166s] INFO:colcon.colcon_core.shell:Creating package script '/home/devika/robo_ws/install/urdf_humble_test_moveit_config/share/urdf_humble_test_moveit_config/package.sh'
[4.169s] INFO:colcon.colcon_core.shell:Creating package script '/home/devika/robo_ws/install/urdf_humble_test_moveit_config/share/urdf_humble_test_moveit_config/package.bash'
[4.171s] INFO:colcon.colcon_core.shell:Creating package script '/home/devika/robo_ws/install/urdf_humble_test_moveit_config/share/urdf_humble_test_moveit_config/package.zsh'
[4.172s] Level 1:colcon.colcon_core.environment:create_file_with_runtime_dependencies(/home/devika/robo_ws/install/urdf_humble_test_moveit_config/share/colcon-core/packages/urdf_humble_test_moveit_config)
[4.174s] Level 1:colcon.colcon_core.environment:create_environment_scripts_only(urdf_humble_test_moveit_config)
[4.175s] Level 1:colcon.colcon_core.environment:checking '/home/devika/robo_ws/install/urdf_humble_test_moveit_config' for CMake module files
[4.176s] Level 1:colcon.colcon_core.environment:checking '/home/devika/robo_ws/install/urdf_humble_test_moveit_config' for CMake config files
[4.177s] Level 1:colcon.colcon_core.shell:create_environment_hook('urdf_humble_test_moveit_config', 'cmake_prefix_path')
[4.178s] INFO:colcon.colcon_core.shell:Creating environment hook '/home/devika/robo_ws/install/urdf_humble_test_moveit_config/share/urdf_humble_test_moveit_config/hook/cmake_prefix_path.ps1'
[4.179s] INFO:colcon.colcon_core.shell:Creating environment descriptor '/home/devika/robo_ws/install/urdf_humble_test_moveit_config/share/urdf_humble_test_moveit_config/hook/cmake_prefix_path.dsv'
[4.180s] INFO:colcon.colcon_core.shell:Creating environment hook '/home/devika/robo_ws/install/urdf_humble_test_moveit_config/share/urdf_humble_test_moveit_config/hook/cmake_prefix_path.sh'
[4.183s] Level 1:colcon.colcon_core.environment:checking '/home/devika/robo_ws/install/urdf_humble_test_moveit_config/bin'
[4.183s] Level 1:colcon.colcon_core.environment:checking '/home/devika/robo_ws/install/urdf_humble_test_moveit_config/lib/pkgconfig/urdf_humble_test_moveit_config.pc'
[4.183s] Level 1:colcon.colcon_core.environment:checking '/home/devika/robo_ws/install/urdf_humble_test_moveit_config/lib/python3.10/site-packages'
[4.184s] Level 1:colcon.colcon_core.environment:checking '/home/devika/robo_ws/install/urdf_humble_test_moveit_config/bin'
[4.185s] INFO:colcon.colcon_core.shell:Creating package script '/home/devika/robo_ws/install/urdf_humble_test_moveit_config/share/urdf_humble_test_moveit_config/package.ps1'
[4.188s] INFO:colcon.colcon_core.shell:Creating package descriptor '/home/devika/robo_ws/install/urdf_humble_test_moveit_config/share/urdf_humble_test_moveit_config/package.dsv'
[4.190s] INFO:colcon.colcon_core.shell:Creating package script '/home/devika/robo_ws/install/urdf_humble_test_moveit_config/share/urdf_humble_test_moveit_config/package.sh'
[4.191s] INFO:colcon.colcon_core.shell:Creating package script '/home/devika/robo_ws/install/urdf_humble_test_moveit_config/share/urdf_humble_test_moveit_config/package.bash'
[4.193s] INFO:colcon.colcon_core.shell:Creating package script '/home/devika/robo_ws/install/urdf_humble_test_moveit_config/share/urdf_humble_test_moveit_config/package.zsh'
[4.195s] Level 1:colcon.colcon_core.environment:create_file_with_runtime_dependencies(/home/devika/robo_ws/install/urdf_humble_test_moveit_config/share/colcon-core/packages/urdf_humble_test_moveit_config)
[4.351s] DEBUG:colcon.colcon_core.event_handler.log_command:Invoked command in '/home/devika/robo_ws/build/urdf_humble_test' returned '0': CMAKE_PREFIX_PATH=/home/devika/robo_ws/install/gazebo_ros2_control:/home/devika/ws_moveit2/install/pilz_industrial_motion_planner_testutils:/home/devika/ws_moveit2/install/moveit_runtime:/home/devika/ws_moveit2/install/moveit2_tutorials:/home/devika/ws_moveit2/install/moveit:/home/devika/ws_moveit2/install/moveit_planners:/home/devika/ws_moveit2/install/pilz_industrial_motion_planner:/home/devika/ws_moveit2/install/moveit_visual_tools:/home/devika/ws_moveit2/install/moveit_task_constructor_visualization:/home/devika/ws_moveit2/install/moveit_task_constructor_demo:/home/devika/ws_moveit2/install/moveit_task_constructor_capabilities:/home/devika/ws_moveit2/install/moveit_task_constructor_core:/home/devika/ws_moveit2/install/moveit_ros_control_interface:/home/devika/ws_moveit2/install/moveit_plugins:/home/devika/ws_moveit2/install/moveit_simple_controller_manager:/home/devika/ws_moveit2/install/moveit_setup_assistant:/home/devika/ws_moveit2/install/moveit_setup_srdf_plugins:/home/devika/ws_moveit2/install/moveit_setup_core_plugins:/home/devika/ws_moveit2/install/moveit_setup_controllers:/home/devika/ws_moveit2/install/moveit_setup_app_plugins:/home/devika/ws_moveit2/install/moveit_setup_framework:/home/devika/ws_moveit2/install/moveit_servo:/home/devika/ws_moveit2/install/moveit_ros:/home/devika/ws_moveit2/install/moveit_ros_visualization:/home/devika/ws_moveit2/install/moveit_hybrid_planning:/home/devika/ws_moveit2/install/moveit_ros_planning_interface:/home/devika/ws_moveit2/install/moveit_ros_benchmarks:/home/devika/ws_moveit2/install/moveit_ros_warehouse:/home/devika/ws_moveit2/install/moveit_ros_robot_interaction:/home/devika/ws_moveit2/install/moveit_ros_perception:/home/devika/ws_moveit2/install/moveit_resources_prbt_pg70_support:/home/devika/ws_moveit2/install/moveit_resources_prbt_moveit_config:/home/devika/ws_moveit2/install/moveit_ros_move_group:/home/devika/ws_moveit2/install/moveit_planners_ompl:/home/devika/ws_moveit2/install/moveit_ros_planning:/home/devika/ws_moveit2/install/moveit_ros_occupancy_map_monitor:/home/devika/ws_moveit2/install/moveit_resources_prbt_ikfast_manipulator_plugin:/home/devika/ws_moveit2/install/moveit_planners_chomp:/home/devika/ws_moveit2/install/moveit_kinematics:/home/devika/ws_moveit2/install/moveit_chomp_optimizer_adapter:/home/devika/ws_moveit2/install/chomp_motion_planner:/home/devika/ws_moveit2/install/moveit_core:/home/devika/ws_moveit2/install/srdfdom:/home/devika/ws_moveit2/install/rviz_marker_tools:/home/devika/ws_moveit2/install/rosparam_shortcuts:/home/devika/ws_moveit2/install/moveit_task_constructor_msgs:/home/devika/ws_moveit2/install/moveit_resources_prbt_support:/home/devika/ws_moveit2/install/moveit_resources:/home/devika/ws_moveit2/install/moveit_resources_pr2_description:/home/devika/ws_moveit2/install/moveit_resources_panda_moveit_config:/home/devika/ws_moveit2/install/moveit_resources_panda_description:/home/devika/ws_moveit2/install/moveit_resources_fanuc_moveit_config:/home/devika/ws_moveit2/install/moveit_resources_fanuc_description:/home/devika/ws_moveit2/install/moveit_common:/home/devika/robo_ws/install/urdf_humble_test_moveit_config:/home/devika/robo_ws/install/warehouse_ros_mongo:/home/devika/robo_ws/install/urdf_humble_test:/home/devika/robo_ws/install/moveit_task_constructor_visualization:/home/devika/robo_ws/install/moveit_task_constructor_demo:/home/devika/robo_ws/install/moveit_task_constructor_capabilities:/home/devika/robo_ws/install/hello_moveit_task_constructor:/home/devika/robo_ws/install/moveit_task_constructor_core:/home/devika/robo_ws/install/rviz_marker_tools:/home/devika/robo_ws/install/moveit_task_constructor_msgs:/home/devika/robo_ws/install/hello_moveit:/home/devika/manga_ws/install/urdf_humble_test_moveit_config:/home/devika/manga_ws/install/urdf_humble_test:/home/devika/manga_ws/install/hello_moveit:/home/devika/some_ws/install/motoman_hc10_support:/home/devika/some_ws/install/motoman_resources:/home/devika/some_ws/install/hello_moveit:/home/devika/some_ws/install/hc20_sim_moveit_config:/home/devika/some_ws/install/hc20_moveit_config:/home/devika/some_ws/install/hc10_movit2v3:/home/devika/some_ws/install/hc10dt_moveit_config:/home/devika/ws_moveit2/install/moveit_configs_utils:/home/devika/ws_moveit2/install/launch_param_builder:/home/devika/robo_ws/install/perception_vision:/home/devika/robo_ws/install/cylinder_position_estimator:/opt/ros/humble LD_LIBRARY_PATH=/home/devika/robo_ws/install/gazebo_ros2_control/lib:/home/devika/ws_moveit2/install/pilz_industrial_motion_planner_testutils/lib:/home/devika/ws_moveit2/install/pilz_industrial_motion_planner/lib:/home/devika/ws_moveit2/install/moveit_visual_tools/lib:/home/devika/ws_moveit2/install/moveit_task_constructor_visualization/lib:/home/devika/ws_moveit2/install/moveit_task_constructor_demo/lib:/home/devika/ws_moveit2/install/moveit_task_constructor_capabilities/lib:/home/devika/ws_moveit2/install/moveit_task_constructor_core/lib:/home/devika/ws_moveit2/install/moveit_ros_control_interface/lib:/home/devika/ws_moveit2/install/moveit_simple_controller_manager/lib:/home/devika/ws_moveit2/install/moveit_setup_assistant/lib:/home/devika/ws_moveit2/install/moveit_setup_srdf_plugins/lib:/home/devika/ws_moveit2/install/moveit_setup_core_plugins/lib:/home/devika/ws_moveit2/install/moveit_setup_controllers/lib:/home/devika/ws_moveit2/install/moveit_setup_app_plugins/lib:/home/devika/ws_moveit2/install/moveit_setup_framework/lib:/home/devika/ws_moveit2/install/moveit_servo/lib:/home/devika/ws_moveit2/install/moveit_ros_visualization/lib:/home/devika/ws_moveit2/install/moveit_hybrid_planning/lib:/home/devika/ws_moveit2/install/moveit_ros_planning_interface/lib:/home/devika/ws_moveit2/install/moveit_ros_benchmarks/lib:/home/devika/ws_moveit2/install/moveit_ros_warehouse/lib:/home/devika/ws_moveit2/install/moveit_ros_robot_interaction/lib:/home/devika/ws_moveit2/install/moveit_ros_perception/lib:/home/devika/ws_moveit2/install/moveit_ros_move_group/lib:/home/devika/ws_moveit2/install/moveit_planners_ompl/lib:/home/devika/ws_moveit2/install/moveit_ros_planning/lib:/home/devika/ws_moveit2/install/moveit_ros_occupancy_map_monitor/lib:/home/devika/ws_moveit2/install/moveit_resources_prbt_ikfast_manipulator_plugin/lib:/home/devika/ws_moveit2/install/moveit_planners_chomp/lib:/home/devika/ws_moveit2/install/moveit_kinematics/lib:/home/devika/ws_moveit2/install/moveit_chomp_optimizer_adapter/lib:/home/devika/ws_moveit2/install/chomp_motion_planner/lib:/home/devika/ws_moveit2/install/moveit_core/lib:/home/devika/ws_moveit2/install/srdfdom/lib:/home/devika/ws_moveit2/install/rviz_marker_tools/lib:/home/devika/ws_moveit2/install/rosparam_shortcuts/lib:/home/devika/ws_moveit2/install/moveit_task_constructor_msgs/lib:/home/devika/robo_ws/install/warehouse_ros_mongo/lib:/home/devika/robo_ws/install/moveit_task_constructor_visualization/lib:/home/devika/robo_ws/install/moveit_task_constructor_demo/lib:/home/devika/robo_ws/install/moveit_task_constructor_capabilities/lib:/home/devika/robo_ws/install/hello_moveit_task_constructor/lib:/home/devika/robo_ws/install/moveit_task_constructor_core/lib:/home/devika/robo_ws/install/rviz_marker_tools/lib:/home/devika/robo_ws/install/moveit_task_constructor_msgs/lib:/usr/lib/x86_64-linux-gnu/gazebo-11/plugins:/opt/ros/humble/opt/rviz_ogre_vendor/lib:/opt/ros/humble/lib/x86_64-linux-gnu:/opt/ros/humble/lib /usr/bin/cmake --build /home/devika/robo_ws/build/urdf_humble_test
[4.365s] DEBUG:colcon.colcon_core.event_handler.log_command:Invoking command in '/home/devika/robo_ws/build/urdf_humble_test': CMAKE_PREFIX_PATH=/home/devika/robo_ws/install/gazebo_ros2_control:/home/devika/ws_moveit2/install/pilz_industrial_motion_planner_testutils:/home/devika/ws_moveit2/install/moveit_runtime:/home/devika/ws_moveit2/install/moveit2_tutorials:/home/devika/ws_moveit2/install/moveit:/home/devika/ws_moveit2/install/moveit_planners:/home/devika/ws_moveit2/install/pilz_industrial_motion_planner:/home/devika/ws_moveit2/install/moveit_visual_tools:/home/devika/ws_moveit2/install/moveit_task_constructor_visualization:/home/devika/ws_moveit2/install/moveit_task_constructor_demo:/home/devika/ws_moveit2/install/moveit_task_constructor_capabilities:/home/devika/ws_moveit2/install/moveit_task_constructor_core:/home/devika/ws_moveit2/install/moveit_ros_control_interface:/home/devika/ws_moveit2/install/moveit_plugins:/home/devika/ws_moveit2/install/moveit_simple_controller_manager:/home/devika/ws_moveit2/install/moveit_setup_assistant:/home/devika/ws_moveit2/install/moveit_setup_srdf_plugins:/home/devika/ws_moveit2/install/moveit_setup_core_plugins:/home/devika/ws_moveit2/install/moveit_setup_controllers:/home/devika/ws_moveit2/install/moveit_setup_app_plugins:/home/devika/ws_moveit2/install/moveit_setup_framework:/home/devika/ws_moveit2/install/moveit_servo:/home/devika/ws_moveit2/install/moveit_ros:/home/devika/ws_moveit2/install/moveit_ros_visualization:/home/devika/ws_moveit2/install/moveit_hybrid_planning:/home/devika/ws_moveit2/install/moveit_ros_planning_interface:/home/devika/ws_moveit2/install/moveit_ros_benchmarks:/home/devika/ws_moveit2/install/moveit_ros_warehouse:/home/devika/ws_moveit2/install/moveit_ros_robot_interaction:/home/devika/ws_moveit2/install/moveit_ros_perception:/home/devika/ws_moveit2/install/moveit_resources_prbt_pg70_support:/home/devika/ws_moveit2/install/moveit_resources_prbt_moveit_config:/home/devika/ws_moveit2/install/moveit_ros_move_group:/home/devika/ws_moveit2/install/moveit_planners_ompl:/home/devika/ws_moveit2/install/moveit_ros_planning:/home/devika/ws_moveit2/install/moveit_ros_occupancy_map_monitor:/home/devika/ws_moveit2/install/moveit_resources_prbt_ikfast_manipulator_plugin:/home/devika/ws_moveit2/install/moveit_planners_chomp:/home/devika/ws_moveit2/install/moveit_kinematics:/home/devika/ws_moveit2/install/moveit_chomp_optimizer_adapter:/home/devika/ws_moveit2/install/chomp_motion_planner:/home/devika/ws_moveit2/install/moveit_core:/home/devika/ws_moveit2/install/srdfdom:/home/devika/ws_moveit2/install/rviz_marker_tools:/home/devika/ws_moveit2/install/rosparam_shortcuts:/home/devika/ws_moveit2/install/moveit_task_constructor_msgs:/home/devika/ws_moveit2/install/moveit_resources_prbt_support:/home/devika/ws_moveit2/install/moveit_resources:/home/devika/ws_moveit2/install/moveit_resources_pr2_description:/home/devika/ws_moveit2/install/moveit_resources_panda_moveit_config:/home/devika/ws_moveit2/install/moveit_resources_panda_description:/home/devika/ws_moveit2/install/moveit_resources_fanuc_moveit_config:/home/devika/ws_moveit2/install/moveit_resources_fanuc_description:/home/devika/ws_moveit2/install/moveit_common:/home/devika/robo_ws/install/urdf_humble_test_moveit_config:/home/devika/robo_ws/install/warehouse_ros_mongo:/home/devika/robo_ws/install/urdf_humble_test:/home/devika/robo_ws/install/moveit_task_constructor_visualization:/home/devika/robo_ws/install/moveit_task_constructor_demo:/home/devika/robo_ws/install/moveit_task_constructor_capabilities:/home/devika/robo_ws/install/hello_moveit_task_constructor:/home/devika/robo_ws/install/moveit_task_constructor_core:/home/devika/robo_ws/install/rviz_marker_tools:/home/devika/robo_ws/install/moveit_task_constructor_msgs:/home/devika/robo_ws/install/hello_moveit:/home/devika/manga_ws/install/urdf_humble_test_moveit_config:/home/devika/manga_ws/install/urdf_humble_test:/home/devika/manga_ws/install/hello_moveit:/home/devika/some_ws/install/motoman_hc10_support:/home/devika/some_ws/install/motoman_resources:/home/devika/some_ws/install/hello_moveit:/home/devika/some_ws/install/hc20_sim_moveit_config:/home/devika/some_ws/install/hc20_moveit_config:/home/devika/some_ws/install/hc10_movit2v3:/home/devika/some_ws/install/hc10dt_moveit_config:/home/devika/ws_moveit2/install/moveit_configs_utils:/home/devika/ws_moveit2/install/launch_param_builder:/home/devika/robo_ws/install/perception_vision:/home/devika/robo_ws/install/cylinder_position_estimator:/opt/ros/humble LD_LIBRARY_PATH=/home/devika/robo_ws/install/gazebo_ros2_control/lib:/home/devika/ws_moveit2/install/pilz_industrial_motion_planner_testutils/lib:/home/devika/ws_moveit2/install/pilz_industrial_motion_planner/lib:/home/devika/ws_moveit2/install/moveit_visual_tools/lib:/home/devika/ws_moveit2/install/moveit_task_constructor_visualization/lib:/home/devika/ws_moveit2/install/moveit_task_constructor_demo/lib:/home/devika/ws_moveit2/install/moveit_task_constructor_capabilities/lib:/home/devika/ws_moveit2/install/moveit_task_constructor_core/lib:/home/devika/ws_moveit2/install/moveit_ros_control_interface/lib:/home/devika/ws_moveit2/install/moveit_simple_controller_manager/lib:/home/devika/ws_moveit2/install/moveit_setup_assistant/lib:/home/devika/ws_moveit2/install/moveit_setup_srdf_plugins/lib:/home/devika/ws_moveit2/install/moveit_setup_core_plugins/lib:/home/devika/ws_moveit2/install/moveit_setup_controllers/lib:/home/devika/ws_moveit2/install/moveit_setup_app_plugins/lib:/home/devika/ws_moveit2/install/moveit_setup_framework/lib:/home/devika/ws_moveit2/install/moveit_servo/lib:/home/devika/ws_moveit2/install/moveit_ros_visualization/lib:/home/devika/ws_moveit2/install/moveit_hybrid_planning/lib:/home/devika/ws_moveit2/install/moveit_ros_planning_interface/lib:/home/devika/ws_moveit2/install/moveit_ros_benchmarks/lib:/home/devika/ws_moveit2/install/moveit_ros_warehouse/lib:/home/devika/ws_moveit2/install/moveit_ros_robot_interaction/lib:/home/devika/ws_moveit2/install/moveit_ros_perception/lib:/home/devika/ws_moveit2/install/moveit_ros_move_group/lib:/home/devika/ws_moveit2/install/moveit_planners_ompl/lib:/home/devika/ws_moveit2/install/moveit_ros_planning/lib:/home/devika/ws_moveit2/install/moveit_ros_occupancy_map_monitor/lib:/home/devika/ws_moveit2/install/moveit_resources_prbt_ikfast_manipulator_plugin/lib:/home/devika/ws_moveit2/install/moveit_planners_chomp/lib:/home/devika/ws_moveit2/install/moveit_kinematics/lib:/home/devika/ws_moveit2/install/moveit_chomp_optimizer_adapter/lib:/home/devika/ws_moveit2/install/chomp_motion_planner/lib:/home/devika/ws_moveit2/install/moveit_core/lib:/home/devika/ws_moveit2/install/srdfdom/lib:/home/devika/ws_moveit2/install/rviz_marker_tools/lib:/home/devika/ws_moveit2/install/rosparam_shortcuts/lib:/home/devika/ws_moveit2/install/moveit_task_constructor_msgs/lib:/home/devika/robo_ws/install/warehouse_ros_mongo/lib:/home/devika/robo_ws/install/moveit_task_constructor_visualization/lib:/home/devika/robo_ws/install/moveit_task_constructor_demo/lib:/home/devika/robo_ws/install/moveit_task_constructor_capabilities/lib:/home/devika/robo_ws/install/hello_moveit_task_constructor/lib:/home/devika/robo_ws/install/moveit_task_constructor_core/lib:/home/devika/robo_ws/install/rviz_marker_tools/lib:/home/devika/robo_ws/install/moveit_task_constructor_msgs/lib:/usr/lib/x86_64-linux-gnu/gazebo-11/plugins:/opt/ros/humble/opt/rviz_ogre_vendor/lib:/opt/ros/humble/lib/x86_64-linux-gnu:/opt/ros/humble/lib /usr/bin/cmake --install /home/devika/robo_ws/build/urdf_humble_test
[4.446s] Level 1:colcon.colcon_core.environment:create_environment_scripts_only(urdf_humble_test)
[4.449s] Level 1:colcon.colcon_core.environment:checking '/home/devika/robo_ws/install/urdf_humble_test' for CMake module files
[4.452s] Level 1:colcon.colcon_core.environment:checking '/home/devika/robo_ws/install/urdf_humble_test' for CMake config files
[4.455s] DEBUG:colcon.colcon_core.event_handler.log_command:Invoked command in '/home/devika/robo_ws/build/urdf_humble_test' returned '0': CMAKE_PREFIX_PATH=/home/devika/robo_ws/install/gazebo_ros2_control:/home/devika/ws_moveit2/install/pilz_industrial_motion_planner_testutils:/home/devika/ws_moveit2/install/moveit_runtime:/home/devika/ws_moveit2/install/moveit2_tutorials:/home/devika/ws_moveit2/install/moveit:/home/devika/ws_moveit2/install/moveit_planners:/home/devika/ws_moveit2/install/pilz_industrial_motion_planner:/home/devika/ws_moveit2/install/moveit_visual_tools:/home/devika/ws_moveit2/install/moveit_task_constructor_visualization:/home/devika/ws_moveit2/install/moveit_task_constructor_demo:/home/devika/ws_moveit2/install/moveit_task_constructor_capabilities:/home/devika/ws_moveit2/install/moveit_task_constructor_core:/home/devika/ws_moveit2/install/moveit_ros_control_interface:/home/devika/ws_moveit2/install/moveit_plugins:/home/devika/ws_moveit2/install/moveit_simple_controller_manager:/home/devika/ws_moveit2/install/moveit_setup_assistant:/home/devika/ws_moveit2/install/moveit_setup_srdf_plugins:/home/devika/ws_moveit2/install/moveit_setup_core_plugins:/home/devika/ws_moveit2/install/moveit_setup_controllers:/home/devika/ws_moveit2/install/moveit_setup_app_plugins:/home/devika/ws_moveit2/install/moveit_setup_framework:/home/devika/ws_moveit2/install/moveit_servo:/home/devika/ws_moveit2/install/moveit_ros:/home/devika/ws_moveit2/install/moveit_ros_visualization:/home/devika/ws_moveit2/install/moveit_hybrid_planning:/home/devika/ws_moveit2/install/moveit_ros_planning_interface:/home/devika/ws_moveit2/install/moveit_ros_benchmarks:/home/devika/ws_moveit2/install/moveit_ros_warehouse:/home/devika/ws_moveit2/install/moveit_ros_robot_interaction:/home/devika/ws_moveit2/install/moveit_ros_perception:/home/devika/ws_moveit2/install/moveit_resources_prbt_pg70_support:/home/devika/ws_moveit2/install/moveit_resources_prbt_moveit_config:/home/devika/ws_moveit2/install/moveit_ros_move_group:/home/devika/ws_moveit2/install/moveit_planners_ompl:/home/devika/ws_moveit2/install/moveit_ros_planning:/home/devika/ws_moveit2/install/moveit_ros_occupancy_map_monitor:/home/devika/ws_moveit2/install/moveit_resources_prbt_ikfast_manipulator_plugin:/home/devika/ws_moveit2/install/moveit_planners_chomp:/home/devika/ws_moveit2/install/moveit_kinematics:/home/devika/ws_moveit2/install/moveit_chomp_optimizer_adapter:/home/devika/ws_moveit2/install/chomp_motion_planner:/home/devika/ws_moveit2/install/moveit_core:/home/devika/ws_moveit2/install/srdfdom:/home/devika/ws_moveit2/install/rviz_marker_tools:/home/devika/ws_moveit2/install/rosparam_shortcuts:/home/devika/ws_moveit2/install/moveit_task_constructor_msgs:/home/devika/ws_moveit2/install/moveit_resources_prbt_support:/home/devika/ws_moveit2/install/moveit_resources:/home/devika/ws_moveit2/install/moveit_resources_pr2_description:/home/devika/ws_moveit2/install/moveit_resources_panda_moveit_config:/home/devika/ws_moveit2/install/moveit_resources_panda_description:/home/devika/ws_moveit2/install/moveit_resources_fanuc_moveit_config:/home/devika/ws_moveit2/install/moveit_resources_fanuc_description:/home/devika/ws_moveit2/install/moveit_common:/home/devika/robo_ws/install/urdf_humble_test_moveit_config:/home/devika/robo_ws/install/warehouse_ros_mongo:/home/devika/robo_ws/install/urdf_humble_test:/home/devika/robo_ws/install/moveit_task_constructor_visualization:/home/devika/robo_ws/install/moveit_task_constructor_demo:/home/devika/robo_ws/install/moveit_task_constructor_capabilities:/home/devika/robo_ws/install/hello_moveit_task_constructor:/home/devika/robo_ws/install/moveit_task_constructor_core:/home/devika/robo_ws/install/rviz_marker_tools:/home/devika/robo_ws/install/moveit_task_constructor_msgs:/home/devika/robo_ws/install/hello_moveit:/home/devika/manga_ws/install/urdf_humble_test_moveit_config:/home/devika/manga_ws/install/urdf_humble_test:/home/devika/manga_ws/install/hello_moveit:/home/devika/some_ws/install/motoman_hc10_support:/home/devika/some_ws/install/motoman_resources:/home/devika/some_ws/install/hello_moveit:/home/devika/some_ws/install/hc20_sim_moveit_config:/home/devika/some_ws/install/hc20_moveit_config:/home/devika/some_ws/install/hc10_movit2v3:/home/devika/some_ws/install/hc10dt_moveit_config:/home/devika/ws_moveit2/install/moveit_configs_utils:/home/devika/ws_moveit2/install/launch_param_builder:/home/devika/robo_ws/install/perception_vision:/home/devika/robo_ws/install/cylinder_position_estimator:/opt/ros/humble LD_LIBRARY_PATH=/home/devika/robo_ws/install/gazebo_ros2_control/lib:/home/devika/ws_moveit2/install/pilz_industrial_motion_planner_testutils/lib:/home/devika/ws_moveit2/install/pilz_industrial_motion_planner/lib:/home/devika/ws_moveit2/install/moveit_visual_tools/lib:/home/devika/ws_moveit2/install/moveit_task_constructor_visualization/lib:/home/devika/ws_moveit2/install/moveit_task_constructor_demo/lib:/home/devika/ws_moveit2/install/moveit_task_constructor_capabilities/lib:/home/devika/ws_moveit2/install/moveit_task_constructor_core/lib:/home/devika/ws_moveit2/install/moveit_ros_control_interface/lib:/home/devika/ws_moveit2/install/moveit_simple_controller_manager/lib:/home/devika/ws_moveit2/install/moveit_setup_assistant/lib:/home/devika/ws_moveit2/install/moveit_setup_srdf_plugins/lib:/home/devika/ws_moveit2/install/moveit_setup_core_plugins/lib:/home/devika/ws_moveit2/install/moveit_setup_controllers/lib:/home/devika/ws_moveit2/install/moveit_setup_app_plugins/lib:/home/devika/ws_moveit2/install/moveit_setup_framework/lib:/home/devika/ws_moveit2/install/moveit_servo/lib:/home/devika/ws_moveit2/install/moveit_ros_visualization/lib:/home/devika/ws_moveit2/install/moveit_hybrid_planning/lib:/home/devika/ws_moveit2/install/moveit_ros_planning_interface/lib:/home/devika/ws_moveit2/install/moveit_ros_benchmarks/lib:/home/devika/ws_moveit2/install/moveit_ros_warehouse/lib:/home/devika/ws_moveit2/install/moveit_ros_robot_interaction/lib:/home/devika/ws_moveit2/install/moveit_ros_perception/lib:/home/devika/ws_moveit2/install/moveit_ros_move_group/lib:/home/devika/ws_moveit2/install/moveit_planners_ompl/lib:/home/devika/ws_moveit2/install/moveit_ros_planning/lib:/home/devika/ws_moveit2/install/moveit_ros_occupancy_map_monitor/lib:/home/devika/ws_moveit2/install/moveit_resources_prbt_ikfast_manipulator_plugin/lib:/home/devika/ws_moveit2/install/moveit_planners_chomp/lib:/home/devika/ws_moveit2/install/moveit_kinematics/lib:/home/devika/ws_moveit2/install/moveit_chomp_optimizer_adapter/lib:/home/devika/ws_moveit2/install/chomp_motion_planner/lib:/home/devika/ws_moveit2/install/moveit_core/lib:/home/devika/ws_moveit2/install/srdfdom/lib:/home/devika/ws_moveit2/install/rviz_marker_tools/lib:/home/devika/ws_moveit2/install/rosparam_shortcuts/lib:/home/devika/ws_moveit2/install/moveit_task_constructor_msgs/lib:/home/devika/robo_ws/install/warehouse_ros_mongo/lib:/home/devika/robo_ws/install/moveit_task_constructor_visualization/lib:/home/devika/robo_ws/install/moveit_task_constructor_demo/lib:/home/devika/robo_ws/install/moveit_task_constructor_capabilities/lib:/home/devika/robo_ws/install/hello_moveit_task_constructor/lib:/home/devika/robo_ws/install/moveit_task_constructor_core/lib:/home/devika/robo_ws/install/rviz_marker_tools/lib:/home/devika/robo_ws/install/moveit_task_constructor_msgs/lib:/usr/lib/x86_64-linux-gnu/gazebo-11/plugins:/opt/ros/humble/opt/rviz_ogre_vendor/lib:/opt/ros/humble/lib/x86_64-linux-gnu:/opt/ros/humble/lib /usr/bin/cmake --install /home/devika/robo_ws/build/urdf_humble_test
[4.456s] Level 1:colcon.colcon_core.shell:create_environment_hook('urdf_humble_test', 'cmake_prefix_path')
[4.457s] INFO:colcon.colcon_core.shell:Creating environment hook '/home/devika/robo_ws/install/urdf_humble_test/share/urdf_humble_test/hook/cmake_prefix_path.ps1'
[4.458s] INFO:colcon.colcon_core.shell:Creating environment descriptor '/home/devika/robo_ws/install/urdf_humble_test/share/urdf_humble_test/hook/cmake_prefix_path.dsv'
[4.461s] INFO:colcon.colcon_core.shell:Creating environment hook '/home/devika/robo_ws/install/urdf_humble_test/share/urdf_humble_test/hook/cmake_prefix_path.sh'
[4.463s] Level 1:colcon.colcon_core.environment:checking '/home/devika/robo_ws/install/urdf_humble_test/bin'
[4.463s] Level 1:colcon.colcon_core.environment:checking '/home/devika/robo_ws/install/urdf_humble_test/lib/pkgconfig/urdf_humble_test.pc'
[4.464s] Level 1:colcon.colcon_core.environment:checking '/home/devika/robo_ws/install/urdf_humble_test/lib/python3.10/site-packages'
[4.464s] Level 1:colcon.colcon_core.environment:checking '/home/devika/robo_ws/install/urdf_humble_test/bin'
[4.467s] INFO:colcon.colcon_core.shell:Creating package script '/home/devika/robo_ws/install/urdf_humble_test/share/urdf_humble_test/package.ps1'
[4.468s] INFO:colcon.colcon_core.shell:Creating package descriptor '/home/devika/robo_ws/install/urdf_humble_test/share/urdf_humble_test/package.dsv'
[4.470s] INFO:colcon.colcon_core.shell:Creating package script '/home/devika/robo_ws/install/urdf_humble_test/share/urdf_humble_test/package.sh'
[4.476s] INFO:colcon.colcon_core.shell:Creating package script '/home/devika/robo_ws/install/urdf_humble_test/share/urdf_humble_test/package.bash'
[4.479s] INFO:colcon.colcon_core.shell:Creating package script '/home/devika/robo_ws/install/urdf_humble_test/share/urdf_humble_test/package.zsh'
[4.483s] Level 1:colcon.colcon_core.environment:create_file_with_runtime_dependencies(/home/devika/robo_ws/install/urdf_humble_test/share/colcon-core/packages/urdf_humble_test)
[4.486s] Level 1:colcon.colcon_core.environment:create_environment_scripts_only(urdf_humble_test)
[4.487s] Level 1:colcon.colcon_core.environment:checking '/home/devika/robo_ws/install/urdf_humble_test' for CMake module files
[4.492s] Level 1:colcon.colcon_core.environment:checking '/home/devika/robo_ws/install/urdf_humble_test' for CMake config files
[4.493s] Level 1:colcon.colcon_core.shell:create_environment_hook('urdf_humble_test', 'cmake_prefix_path')
[4.493s] INFO:colcon.colcon_core.shell:Creating environment hook '/home/devika/robo_ws/install/urdf_humble_test/share/urdf_humble_test/hook/cmake_prefix_path.ps1'
[4.495s] INFO:colcon.colcon_core.shell:Creating environment descriptor '/home/devika/robo_ws/install/urdf_humble_test/share/urdf_humble_test/hook/cmake_prefix_path.dsv'
[4.496s] INFO:colcon.colcon_core.shell:Creating environment hook '/home/devika/robo_ws/install/urdf_humble_test/share/urdf_humble_test/hook/cmake_prefix_path.sh'
[4.498s] Level 1:colcon.colcon_core.environment:checking '/home/devika/robo_ws/install/urdf_humble_test/bin'
[4.498s] Level 1:colcon.colcon_core.environment:checking '/home/devika/robo_ws/install/urdf_humble_test/lib/pkgconfig/urdf_humble_test.pc'
[4.499s] Level 1:colcon.colcon_core.environment:checking '/home/devika/robo_ws/install/urdf_humble_test/lib/python3.10/site-packages'
[4.499s] Level 1:colcon.colcon_core.environment:checking '/home/devika/robo_ws/install/urdf_humble_test/bin'
[4.501s] INFO:colcon.colcon_core.shell:Creating package script '/home/devika/robo_ws/install/urdf_humble_test/share/urdf_humble_test/package.ps1'
[4.503s] INFO:colcon.colcon_core.shell:Creating package descriptor '/home/devika/robo_ws/install/urdf_humble_test/share/urdf_humble_test/package.dsv'
[4.505s] INFO:colcon.colcon_core.shell:Creating package script '/home/devika/robo_ws/install/urdf_humble_test/share/urdf_humble_test/package.sh'
[4.507s] INFO:colcon.colcon_core.shell:Creating package script '/home/devika/robo_ws/install/urdf_humble_test/share/urdf_humble_test/package.bash'
[4.510s] INFO:colcon.colcon_core.shell:Creating package script '/home/devika/robo_ws/install/urdf_humble_test/share/urdf_humble_test/package.zsh'
[4.512s] Level 1:colcon.colcon_core.environment:create_file_with_runtime_dependencies(/home/devika/robo_ws/install/urdf_humble_test/share/colcon-core/packages/urdf_humble_test)
[5.307s] DEBUG:colcon.colcon_core.event_handler.log_command:Invoked command in '/home/devika/robo_ws/build/moveit_task_constructor_msgs' returned '0': CMAKE_PREFIX_PATH=${CMAKE_PREFIX_PATH}:/home/devika/ws_moveit2/install/moveit_configs_utils:/home/devika/ws_moveit2/install/launch_param_builder:/home/devika/robo_ws/install/perception_vision:/home/devika/robo_ws/install/cylinder_position_estimator:/opt/ros/humble /usr/bin/cmake --build /home/devika/robo_ws/build/moveit_task_constructor_msgs
[5.325s] DEBUG:colcon.colcon_core.event_handler.log_command:Invoking command in '/home/devika/robo_ws/build/moveit_task_constructor_msgs': CMAKE_PREFIX_PATH=${CMAKE_PREFIX_PATH}:/home/devika/ws_moveit2/install/moveit_configs_utils:/home/devika/ws_moveit2/install/launch_param_builder:/home/devika/robo_ws/install/perception_vision:/home/devika/robo_ws/install/cylinder_position_estimator:/opt/ros/humble /usr/bin/cmake --install /home/devika/robo_ws/build/moveit_task_constructor_msgs
[5.636s] DEBUG:colcon.colcon_core.event_handler.log_command:Invoking command in '/home/devika/robo_ws/src/perception_vision': PYTHONPATH=/home/devika/robo_ws/build/perception_vision/prefix_override:/usr/lib/python3/dist-packages/colcon_core/task/python/colcon_distutils_commands:/home/devika/robo_ws/install/perception_vision/lib/python3.10/site-packages:${PYTHONPATH} /usr/bin/python3 -W ignore:setup.py install is deprecated -W ignore:easy_install command is deprecated setup.py egg_info --egg-base ../../build/perception_vision build --build-base /home/devika/robo_ws/build/perception_vision/build install --record /home/devika/robo_ws/build/perception_vision/install.log --single-version-externally-managed install_data
[5.649s] DEBUG:colcon.colcon_core.event_handler.log_command:Invoking command in '/home/devika/robo_ws/src/cylinder_position_estimator': PYTHONPATH=/home/devika/robo_ws/build/cylinder_position_estimator/prefix_override:/usr/lib/python3/dist-packages/colcon_core/task/python/colcon_distutils_commands:/home/devika/robo_ws/install/cylinder_position_estimator/lib/python3.10/site-packages:${PYTHONPATH} /usr/bin/python3 -W ignore:setup.py install is deprecated -W ignore:easy_install command is deprecated setup.py egg_info --egg-base ../../build/cylinder_position_estimator build --build-base /home/devika/robo_ws/build/cylinder_position_estimator/build install --record /home/devika/robo_ws/build/cylinder_position_estimator/install.log --single-version-externally-managed install_data
[5.750s] Level 1:colcon.colcon_core.environment:create_environment_scripts_only(moveit_task_constructor_msgs)
[5.751s] Level 1:colcon.colcon_core.environment:checking '/home/devika/robo_ws/install/moveit_task_constructor_msgs' for CMake module files
[5.753s] DEBUG:colcon.colcon_core.event_handler.log_command:Invoked command in '/home/devika/robo_ws/build/moveit_task_constructor_msgs' returned '0': CMAKE_PREFIX_PATH=${CMAKE_PREFIX_PATH}:/home/devika/ws_moveit2/install/moveit_configs_utils:/home/devika/ws_moveit2/install/launch_param_builder:/home/devika/robo_ws/install/perception_vision:/home/devika/robo_ws/install/cylinder_position_estimator:/opt/ros/humble /usr/bin/cmake --install /home/devika/robo_ws/build/moveit_task_constructor_msgs
[5.757s] Level 1:colcon.colcon_core.environment:checking '/home/devika/robo_ws/install/moveit_task_constructor_msgs' for CMake config files
[5.778s] Level 1:colcon.colcon_core.shell:create_environment_hook('moveit_task_constructor_msgs', 'cmake_prefix_path')
[5.779s] INFO:colcon.colcon_core.shell:Creating environment hook '/home/devika/robo_ws/install/moveit_task_constructor_msgs/share/moveit_task_constructor_msgs/hook/cmake_prefix_path.ps1'
[5.785s] INFO:colcon.colcon_core.shell:Creating environment descriptor '/home/devika/robo_ws/install/moveit_task_constructor_msgs/share/moveit_task_constructor_msgs/hook/cmake_prefix_path.dsv'
[5.786s] INFO:colcon.colcon_core.shell:Creating environment hook '/home/devika/robo_ws/install/moveit_task_constructor_msgs/share/moveit_task_constructor_msgs/hook/cmake_prefix_path.sh'
[5.788s] Level 1:colcon.colcon_core.environment:checking '/home/devika/robo_ws/install/moveit_task_constructor_msgs/lib'
[5.789s] Level 1:colcon.colcon_core.shell:create_environment_hook('moveit_task_constructor_msgs', 'ld_library_path_lib')
[5.790s] INFO:colcon.colcon_core.shell:Creating environment hook '/home/devika/robo_ws/install/moveit_task_constructor_msgs/share/moveit_task_constructor_msgs/hook/ld_library_path_lib.ps1'
[5.791s] INFO:colcon.colcon_core.shell:Creating environment descriptor '/home/devika/robo_ws/install/moveit_task_constructor_msgs/share/moveit_task_constructor_msgs/hook/ld_library_path_lib.dsv'
[5.792s] INFO:colcon.colcon_core.shell:Creating environment hook '/home/devika/robo_ws/install/moveit_task_constructor_msgs/share/moveit_task_constructor_msgs/hook/ld_library_path_lib.sh'
[5.794s] Level 1:colcon.colcon_core.environment:checking '/home/devika/robo_ws/install/moveit_task_constructor_msgs/bin'
[5.794s] Level 1:colcon.colcon_core.environment:checking '/home/devika/robo_ws/install/moveit_task_constructor_msgs/lib/pkgconfig/moveit_task_constructor_msgs.pc'
[5.795s] Level 1:colcon.colcon_core.environment:checking '/home/devika/robo_ws/install/moveit_task_constructor_msgs/lib/python3.10/site-packages'
[5.795s] Level 1:colcon.colcon_core.environment:checking '/home/devika/robo_ws/install/moveit_task_constructor_msgs/bin'
[5.796s] INFO:colcon.colcon_core.shell:Creating package script '/home/devika/robo_ws/install/moveit_task_constructor_msgs/share/moveit_task_constructor_msgs/package.ps1'
[5.799s] INFO:colcon.colcon_core.shell:Creating package descriptor '/home/devika/robo_ws/install/moveit_task_constructor_msgs/share/moveit_task_constructor_msgs/package.dsv'
[5.801s] INFO:colcon.colcon_core.shell:Creating package script '/home/devika/robo_ws/install/moveit_task_constructor_msgs/share/moveit_task_constructor_msgs/package.sh'
[5.803s] INFO:colcon.colcon_core.shell:Creating package script '/home/devika/robo_ws/install/moveit_task_constructor_msgs/share/moveit_task_constructor_msgs/package.bash'
[5.805s] INFO:colcon.colcon_core.shell:Creating package script '/home/devika/robo_ws/install/moveit_task_constructor_msgs/share/moveit_task_constructor_msgs/package.zsh'
[5.807s] Level 1:colcon.colcon_core.environment:create_file_with_runtime_dependencies(/home/devika/robo_ws/install/moveit_task_constructor_msgs/share/colcon-core/packages/moveit_task_constructor_msgs)
[5.809s] Level 1:colcon.colcon_core.environment:create_environment_scripts_only(moveit_task_constructor_msgs)
[5.810s] Level 1:colcon.colcon_core.environment:checking '/home/devika/robo_ws/install/moveit_task_constructor_msgs' for CMake module files
[5.812s] Level 1:colcon.colcon_core.environment:checking '/home/devika/robo_ws/install/moveit_task_constructor_msgs' for CMake config files
[5.814s] Level 1:colcon.colcon_core.shell:create_environment_hook('moveit_task_constructor_msgs', 'cmake_prefix_path')
[5.815s] INFO:colcon.colcon_core.shell:Creating environment hook '/home/devika/robo_ws/install/moveit_task_constructor_msgs/share/moveit_task_constructor_msgs/hook/cmake_prefix_path.ps1'
[5.817s] INFO:colcon.colcon_core.shell:Creating environment descriptor '/home/devika/robo_ws/install/moveit_task_constructor_msgs/share/moveit_task_constructor_msgs/hook/cmake_prefix_path.dsv'
[5.819s] INFO:colcon.colcon_core.shell:Creating environment hook '/home/devika/robo_ws/install/moveit_task_constructor_msgs/share/moveit_task_constructor_msgs/hook/cmake_prefix_path.sh'
[5.821s] Level 1:colcon.colcon_core.environment:checking '/home/devika/robo_ws/install/moveit_task_constructor_msgs/lib'
[5.821s] Level 1:colcon.colcon_core.shell:create_environment_hook('moveit_task_constructor_msgs', 'ld_library_path_lib')
[5.821s] INFO:colcon.colcon_core.shell:Creating environment hook '/home/devika/robo_ws/install/moveit_task_constructor_msgs/share/moveit_task_constructor_msgs/hook/ld_library_path_lib.ps1'
[5.823s] INFO:colcon.colcon_core.shell:Creating environment descriptor '/home/devika/robo_ws/install/moveit_task_constructor_msgs/share/moveit_task_constructor_msgs/hook/ld_library_path_lib.dsv'
[5.824s] INFO:colcon.colcon_core.shell:Creating environment hook '/home/devika/robo_ws/install/moveit_task_constructor_msgs/share/moveit_task_constructor_msgs/hook/ld_library_path_lib.sh'
[5.825s] Level 1:colcon.colcon_core.environment:checking '/home/devika/robo_ws/install/moveit_task_constructor_msgs/bin'
[5.825s] Level 1:colcon.colcon_core.environment:checking '/home/devika/robo_ws/install/moveit_task_constructor_msgs/lib/pkgconfig/moveit_task_constructor_msgs.pc'
[5.826s] Level 1:colcon.colcon_core.environment:checking '/home/devika/robo_ws/install/moveit_task_constructor_msgs/lib/python3.10/site-packages'
[5.827s] Level 1:colcon.colcon_core.environment:checking '/home/devika/robo_ws/install/moveit_task_constructor_msgs/bin'
[5.828s] INFO:colcon.colcon_core.shell:Creating package script '/home/devika/robo_ws/install/moveit_task_constructor_msgs/share/moveit_task_constructor_msgs/package.ps1'
[5.830s] INFO:colcon.colcon_core.shell:Creating package descriptor '/home/devika/robo_ws/install/moveit_task_constructor_msgs/share/moveit_task_constructor_msgs/package.dsv'
[5.832s] INFO:colcon.colcon_core.shell:Creating package script '/home/devika/robo_ws/install/moveit_task_constructor_msgs/share/moveit_task_constructor_msgs/package.sh'
[5.834s] INFO:colcon.colcon_core.shell:Creating package script '/home/devika/robo_ws/install/moveit_task_constructor_msgs/share/moveit_task_constructor_msgs/package.bash'
[5.835s] INFO:colcon.colcon_core.shell:Creating package script '/home/devika/robo_ws/install/moveit_task_constructor_msgs/share/moveit_task_constructor_msgs/package.zsh'
[5.837s] Level 1:colcon.colcon_core.environment:create_file_with_runtime_dependencies(/home/devika/robo_ws/install/moveit_task_constructor_msgs/share/colcon-core/packages/moveit_task_constructor_msgs)
[5.844s] INFO:colcon.colcon_ros.task.ament_cmake.build:Building ROS package in '/home/devika/robo_ws/src/moveit_task_constructor/core' with build type 'ament_cmake'
[5.844s] INFO:colcon.colcon_cmake.task.cmake.build:Building CMake package in '/home/devika/robo_ws/src/moveit_task_constructor/core'
[5.845s] INFO:colcon.colcon_core.shell:Skip shell extension 'powershell' for command environment: Not usable outside of PowerShell
[5.846s] DEBUG:colcon.colcon_core.shell:Skip shell extension 'dsv' for command environment
[5.970s] DEBUG:colcon.colcon_core.event_handler.log_command:Invoking command in '/home/devika/robo_ws/build/moveit_task_constructor_core': CMAKE_PREFIX_PATH=/home/devika/robo_ws/install/rviz_marker_tools:/home/devika/robo_ws/install/moveit_task_constructor_msgs:/home/devika/ws_moveit2/install/pilz_industrial_motion_planner_testutils:/home/devika/ws_moveit2/install/moveit_runtime:/home/devika/ws_moveit2/install/moveit2_tutorials:/home/devika/ws_moveit2/install/moveit:/home/devika/ws_moveit2/install/moveit_planners:/home/devika/ws_moveit2/install/pilz_industrial_motion_planner:/home/devika/ws_moveit2/install/moveit_visual_tools:/home/devika/ws_moveit2/install/moveit_task_constructor_visualization:/home/devika/ws_moveit2/install/moveit_task_constructor_demo:/home/devika/ws_moveit2/install/moveit_task_constructor_capabilities:/home/devika/ws_moveit2/install/moveit_task_constructor_core:/home/devika/ws_moveit2/install/moveit_ros_control_interface:/home/devika/ws_moveit2/install/moveit_plugins:/home/devika/ws_moveit2/install/moveit_simple_controller_manager:/home/devika/ws_moveit2/install/moveit_setup_assistant:/home/devika/ws_moveit2/install/moveit_setup_srdf_plugins:/home/devika/ws_moveit2/install/moveit_setup_core_plugins:/home/devika/ws_moveit2/install/moveit_setup_controllers:/home/devika/ws_moveit2/install/moveit_setup_app_plugins:/home/devika/ws_moveit2/install/moveit_setup_framework:/home/devika/ws_moveit2/install/moveit_servo:/home/devika/ws_moveit2/install/moveit_ros:/home/devika/ws_moveit2/install/moveit_ros_visualization:/home/devika/ws_moveit2/install/moveit_hybrid_planning:/home/devika/ws_moveit2/install/moveit_ros_planning_interface:/home/devika/ws_moveit2/install/moveit_ros_benchmarks:/home/devika/ws_moveit2/install/moveit_ros_warehouse:/home/devika/ws_moveit2/install/moveit_ros_robot_interaction:/home/devika/ws_moveit2/install/moveit_ros_perception:/home/devika/ws_moveit2/install/moveit_resources_prbt_pg70_support:/home/devika/ws_moveit2/install/moveit_resources_prbt_moveit_config:/home/devika/ws_moveit2/install/moveit_ros_move_group:/home/devika/ws_moveit2/install/moveit_planners_ompl:/home/devika/ws_moveit2/install/moveit_ros_planning:/home/devika/ws_moveit2/install/moveit_ros_occupancy_map_monitor:/home/devika/ws_moveit2/install/moveit_resources_prbt_ikfast_manipulator_plugin:/home/devika/ws_moveit2/install/moveit_planners_chomp:/home/devika/ws_moveit2/install/moveit_kinematics:/home/devika/ws_moveit2/install/moveit_chomp_optimizer_adapter:/home/devika/ws_moveit2/install/chomp_motion_planner:/home/devika/ws_moveit2/install/moveit_core:/home/devika/ws_moveit2/install/srdfdom:/home/devika/ws_moveit2/install/rviz_marker_tools:/home/devika/ws_moveit2/install/rosparam_shortcuts:/home/devika/ws_moveit2/install/moveit_task_constructor_msgs:/home/devika/ws_moveit2/install/moveit_resources_prbt_support:/home/devika/ws_moveit2/install/moveit_resources:/home/devika/ws_moveit2/install/moveit_resources_pr2_description:/home/devika/ws_moveit2/install/moveit_resources_panda_moveit_config:/home/devika/ws_moveit2/install/moveit_resources_panda_description:/home/devika/ws_moveit2/install/moveit_resources_fanuc_moveit_config:/home/devika/ws_moveit2/install/moveit_resources_fanuc_description:/home/devika/ws_moveit2/install/moveit_common:/home/devika/robo_ws/install/urdf_humble_test_moveit_config:/home/devika/robo_ws/install/warehouse_ros_mongo:/home/devika/robo_ws/install/urdf_humble_test:/home/devika/robo_ws/install/moveit_task_constructor_visualization:/home/devika/robo_ws/install/moveit_task_constructor_demo:/home/devika/robo_ws/install/moveit_task_constructor_capabilities:/home/devika/robo_ws/install/hello_moveit_task_constructor:/home/devika/robo_ws/install/moveit_task_constructor_core:/home/devika/robo_ws/install/hello_moveit:/home/devika/robo_ws/install/gazebo_ros2_control:/home/devika/manga_ws/install/urdf_humble_test_moveit_config:/home/devika/manga_ws/install/urdf_humble_test:/home/devika/manga_ws/install/hello_moveit:/home/devika/some_ws/install/motoman_hc10_support:/home/devika/some_ws/install/motoman_resources:/home/devika/some_ws/install/hello_moveit:/home/devika/some_ws/install/hc20_sim_moveit_config:/home/devika/some_ws/install/hc20_moveit_config:/home/devika/some_ws/install/hc10_movit2v3:/home/devika/some_ws/install/hc10dt_moveit_config:/home/devika/ws_moveit2/install/moveit_configs_utils:/home/devika/ws_moveit2/install/launch_param_builder:/home/devika/robo_ws/install/perception_vision:/home/devika/robo_ws/install/cylinder_position_estimator:/opt/ros/humble LD_LIBRARY_PATH=/home/devika/robo_ws/install/rviz_marker_tools/lib:/home/devika/robo_ws/install/moveit_task_constructor_msgs/lib:/home/devika/ws_moveit2/install/pilz_industrial_motion_planner_testutils/lib:/home/devika/ws_moveit2/install/pilz_industrial_motion_planner/lib:/home/devika/ws_moveit2/install/moveit_visual_tools/lib:/home/devika/ws_moveit2/install/moveit_task_constructor_visualization/lib:/home/devika/ws_moveit2/install/moveit_task_constructor_demo/lib:/home/devika/ws_moveit2/install/moveit_task_constructor_capabilities/lib:/home/devika/ws_moveit2/install/moveit_task_constructor_core/lib:/home/devika/ws_moveit2/install/moveit_ros_control_interface/lib:/home/devika/ws_moveit2/install/moveit_simple_controller_manager/lib:/home/devika/ws_moveit2/install/moveit_setup_assistant/lib:/home/devika/ws_moveit2/install/moveit_setup_srdf_plugins/lib:/home/devika/ws_moveit2/install/moveit_setup_core_plugins/lib:/home/devika/ws_moveit2/install/moveit_setup_controllers/lib:/home/devika/ws_moveit2/install/moveit_setup_app_plugins/lib:/home/devika/ws_moveit2/install/moveit_setup_framework/lib:/home/devika/ws_moveit2/install/moveit_servo/lib:/home/devika/ws_moveit2/install/moveit_ros_visualization/lib:/home/devika/ws_moveit2/install/moveit_hybrid_planning/lib:/home/devika/ws_moveit2/install/moveit_ros_planning_interface/lib:/home/devika/ws_moveit2/install/moveit_ros_benchmarks/lib:/home/devika/ws_moveit2/install/moveit_ros_warehouse/lib:/home/devika/ws_moveit2/install/moveit_ros_robot_interaction/lib:/home/devika/ws_moveit2/install/moveit_ros_perception/lib:/home/devika/ws_moveit2/install/moveit_ros_move_group/lib:/home/devika/ws_moveit2/install/moveit_planners_ompl/lib:/home/devika/ws_moveit2/install/moveit_ros_planning/lib:/home/devika/ws_moveit2/install/moveit_ros_occupancy_map_monitor/lib:/home/devika/ws_moveit2/install/moveit_resources_prbt_ikfast_manipulator_plugin/lib:/home/devika/ws_moveit2/install/moveit_planners_chomp/lib:/home/devika/ws_moveit2/install/moveit_kinematics/lib:/home/devika/ws_moveit2/install/moveit_chomp_optimizer_adapter/lib:/home/devika/ws_moveit2/install/chomp_motion_planner/lib:/home/devika/ws_moveit2/install/moveit_core/lib:/home/devika/ws_moveit2/install/srdfdom/lib:/home/devika/ws_moveit2/install/rviz_marker_tools/lib:/home/devika/ws_moveit2/install/rosparam_shortcuts/lib:/home/devika/ws_moveit2/install/moveit_task_constructor_msgs/lib:/home/devika/robo_ws/install/warehouse_ros_mongo/lib:/home/devika/robo_ws/install/moveit_task_constructor_visualization/lib:/home/devika/robo_ws/install/moveit_task_constructor_demo/lib:/home/devika/robo_ws/install/moveit_task_constructor_capabilities/lib:/home/devika/robo_ws/install/hello_moveit_task_constructor/lib:/home/devika/robo_ws/install/moveit_task_constructor_core/lib:/home/devika/robo_ws/install/gazebo_ros2_control/lib:/usr/lib/x86_64-linux-gnu/gazebo-11/plugins:/opt/ros/humble/opt/rviz_ogre_vendor/lib:/opt/ros/humble/lib/x86_64-linux-gnu:/opt/ros/humble/lib /usr/bin/cmake --build /home/devika/robo_ws/build/moveit_task_constructor_core
[6.012s] DEBUG:colcon.colcon_core.event_handler.log_command:Invoked command in '/home/devika/robo_ws/build/warehouse_ros_mongo' returned '0': CMAKE_PREFIX_PATH=${CMAKE_PREFIX_PATH}:/home/devika/ws_moveit2/install/moveit_configs_utils:/home/devika/ws_moveit2/install/launch_param_builder:/home/devika/robo_ws/install/perception_vision:/home/devika/robo_ws/install/cylinder_position_estimator:/opt/ros/humble /usr/bin/cmake --build /home/devika/robo_ws/build/warehouse_ros_mongo
[6.022s] DEBUG:colcon.colcon_core.event_handler.log_command:Invoking command in '/home/devika/robo_ws/build/warehouse_ros_mongo': CMAKE_PREFIX_PATH=${CMAKE_PREFIX_PATH}:/home/devika/ws_moveit2/install/moveit_configs_utils:/home/devika/ws_moveit2/install/launch_param_builder:/home/devika/robo_ws/install/perception_vision:/home/devika/robo_ws/install/cylinder_position_estimator:/opt/ros/humble /usr/bin/cmake --install /home/devika/robo_ws/build/warehouse_ros_mongo
[6.261s] Level 1:colcon.colcon_core.environment:create_environment_scripts_only(warehouse_ros_mongo)
[6.262s] Level 1:colcon.colcon_core.environment:checking '/home/devika/robo_ws/install/warehouse_ros_mongo' for CMake module files
[6.264s] DEBUG:colcon.colcon_core.event_handler.log_command:Invoked command in '/home/devika/robo_ws/build/warehouse_ros_mongo' returned '0': CMAKE_PREFIX_PATH=${CMAKE_PREFIX_PATH}:/home/devika/ws_moveit2/install/moveit_configs_utils:/home/devika/ws_moveit2/install/launch_param_builder:/home/devika/robo_ws/install/perception_vision:/home/devika/robo_ws/install/cylinder_position_estimator:/opt/ros/humble /usr/bin/cmake --install /home/devika/robo_ws/build/warehouse_ros_mongo
[6.266s] Level 1:colcon.colcon_core.shell:create_environment_hook('warehouse_ros_mongo', 'cmake_module_path')
[6.268s] INFO:colcon.colcon_core.shell:Creating environment hook '/home/devika/robo_ws/install/warehouse_ros_mongo/share/warehouse_ros_mongo/hook/cmake_module_path.ps1'
[6.272s] INFO:colcon.colcon_core.shell:Creating environment descriptor '/home/devika/robo_ws/install/warehouse_ros_mongo/share/warehouse_ros_mongo/hook/cmake_module_path.dsv'
[6.274s] INFO:colcon.colcon_core.shell:Creating environment hook '/home/devika/robo_ws/install/warehouse_ros_mongo/share/warehouse_ros_mongo/hook/cmake_module_path.sh'
[6.275s] Level 1:colcon.colcon_core.environment:checking '/home/devika/robo_ws/install/warehouse_ros_mongo' for CMake config files
[6.281s] Level 1:colcon.colcon_core.shell:create_environment_hook('warehouse_ros_mongo', 'cmake_prefix_path')
[6.282s] INFO:colcon.colcon_core.shell:Creating environment hook '/home/devika/robo_ws/install/warehouse_ros_mongo/share/warehouse_ros_mongo/hook/cmake_prefix_path.ps1'
[6.288s] INFO:colcon.colcon_core.shell:Creating environment descriptor '/home/devika/robo_ws/install/warehouse_ros_mongo/share/warehouse_ros_mongo/hook/cmake_prefix_path.dsv'
[6.289s] INFO:colcon.colcon_core.shell:Creating environment hook '/home/devika/robo_ws/install/warehouse_ros_mongo/share/warehouse_ros_mongo/hook/cmake_prefix_path.sh'
[6.292s] Level 1:colcon.colcon_core.environment:checking '/home/devika/robo_ws/install/warehouse_ros_mongo/lib'
[6.292s] Level 1:colcon.colcon_core.shell:create_environment_hook('warehouse_ros_mongo', 'ld_library_path_lib')
[6.293s] INFO:colcon.colcon_core.shell:Creating environment hook '/home/devika/robo_ws/install/warehouse_ros_mongo/share/warehouse_ros_mongo/hook/ld_library_path_lib.ps1'
[6.294s] INFO:colcon.colcon_core.shell:Creating environment descriptor '/home/devika/robo_ws/install/warehouse_ros_mongo/share/warehouse_ros_mongo/hook/ld_library_path_lib.dsv'
[6.296s] INFO:colcon.colcon_core.shell:Creating environment hook '/home/devika/robo_ws/install/warehouse_ros_mongo/share/warehouse_ros_mongo/hook/ld_library_path_lib.sh'
[6.297s] Level 1:colcon.colcon_core.environment:checking '/home/devika/robo_ws/install/warehouse_ros_mongo/bin'
[6.297s] Level 1:colcon.colcon_core.environment:checking '/home/devika/robo_ws/install/warehouse_ros_mongo/lib/pkgconfig/warehouse_ros_mongo.pc'
[6.298s] Level 1:colcon.colcon_core.environment:checking '/home/devika/robo_ws/install/warehouse_ros_mongo/lib/python3.10/site-packages'
[6.298s] Level 1:colcon.colcon_core.environment:checking '/home/devika/robo_ws/install/warehouse_ros_mongo/bin'
[6.299s] INFO:colcon.colcon_core.shell:Creating package script '/home/devika/robo_ws/install/warehouse_ros_mongo/share/warehouse_ros_mongo/package.ps1'
[6.301s] INFO:colcon.colcon_core.shell:Creating package descriptor '/home/devika/robo_ws/install/warehouse_ros_mongo/share/warehouse_ros_mongo/package.dsv'
[6.303s] INFO:colcon.colcon_core.shell:Creating package script '/home/devika/robo_ws/install/warehouse_ros_mongo/share/warehouse_ros_mongo/package.sh'
[6.305s] INFO:colcon.colcon_core.shell:Creating package script '/home/devika/robo_ws/install/warehouse_ros_mongo/share/warehouse_ros_mongo/package.bash'
[6.307s] INFO:colcon.colcon_core.shell:Creating package script '/home/devika/robo_ws/install/warehouse_ros_mongo/share/warehouse_ros_mongo/package.zsh'
[6.308s] Level 1:colcon.colcon_core.environment:create_file_with_runtime_dependencies(/home/devika/robo_ws/install/warehouse_ros_mongo/share/colcon-core/packages/warehouse_ros_mongo)
[6.309s] Level 1:colcon.colcon_core.environment:create_environment_scripts_only(warehouse_ros_mongo)
[6.310s] Level 1:colcon.colcon_core.environment:checking '/home/devika/robo_ws/install/warehouse_ros_mongo' for CMake module files
[6.311s] Level 1:colcon.colcon_core.shell:create_environment_hook('warehouse_ros_mongo', 'cmake_module_path')
[6.312s] INFO:colcon.colcon_core.shell:Creating environment hook '/home/devika/robo_ws/install/warehouse_ros_mongo/share/warehouse_ros_mongo/hook/cmake_module_path.ps1'
[6.313s] INFO:colcon.colcon_core.shell:Creating environment descriptor '/home/devika/robo_ws/install/warehouse_ros_mongo/share/warehouse_ros_mongo/hook/cmake_module_path.dsv'
[6.315s] INFO:colcon.colcon_core.shell:Creating environment hook '/home/devika/robo_ws/install/warehouse_ros_mongo/share/warehouse_ros_mongo/hook/cmake_module_path.sh'
[6.316s] Level 1:colcon.colcon_core.environment:checking '/home/devika/robo_ws/install/warehouse_ros_mongo' for CMake config files
[6.317s] Level 1:colcon.colcon_core.shell:create_environment_hook('warehouse_ros_mongo', 'cmake_prefix_path')
[6.318s] INFO:colcon.colcon_core.shell:Creating environment hook '/home/devika/robo_ws/install/warehouse_ros_mongo/share/warehouse_ros_mongo/hook/cmake_prefix_path.ps1'
[6.320s] INFO:colcon.colcon_core.shell:Creating environment descriptor '/home/devika/robo_ws/install/warehouse_ros_mongo/share/warehouse_ros_mongo/hook/cmake_prefix_path.dsv'
[6.321s] INFO:colcon.colcon_core.shell:Creating environment hook '/home/devika/robo_ws/install/warehouse_ros_mongo/share/warehouse_ros_mongo/hook/cmake_prefix_path.sh'
[6.324s] Level 1:colcon.colcon_core.environment:checking '/home/devika/robo_ws/install/warehouse_ros_mongo/lib'
[6.324s] Level 1:colcon.colcon_core.shell:create_environment_hook('warehouse_ros_mongo', 'ld_library_path_lib')
[6.325s] INFO:colcon.colcon_core.shell:Creating environment hook '/home/devika/robo_ws/install/warehouse_ros_mongo/share/warehouse_ros_mongo/hook/ld_library_path_lib.ps1'
[6.327s] INFO:colcon.colcon_core.shell:Creating environment descriptor '/home/devika/robo_ws/install/warehouse_ros_mongo/share/warehouse_ros_mongo/hook/ld_library_path_lib.dsv'
[6.328s] INFO:colcon.colcon_core.shell:Creating environment hook '/home/devika/robo_ws/install/warehouse_ros_mongo/share/warehouse_ros_mongo/hook/ld_library_path_lib.sh'
[6.330s] Level 1:colcon.colcon_core.environment:checking '/home/devika/robo_ws/install/warehouse_ros_mongo/bin'
[6.330s] Level 1:colcon.colcon_core.environment:checking '/home/devika/robo_ws/install/warehouse_ros_mongo/lib/pkgconfig/warehouse_ros_mongo.pc'
[6.331s] Level 1:colcon.colcon_core.environment:checking '/home/devika/robo_ws/install/warehouse_ros_mongo/lib/python3.10/site-packages'
[6.332s] Level 1:colcon.colcon_core.environment:checking '/home/devika/robo_ws/install/warehouse_ros_mongo/bin'
[6.333s] INFO:colcon.colcon_core.shell:Creating package script '/home/devika/robo_ws/install/warehouse_ros_mongo/share/warehouse_ros_mongo/package.ps1'
[6.334s] INFO:colcon.colcon_core.shell:Creating package descriptor '/home/devika/robo_ws/install/warehouse_ros_mongo/share/warehouse_ros_mongo/package.dsv'
[6.336s] INFO:colcon.colcon_core.shell:Creating package script '/home/devika/robo_ws/install/warehouse_ros_mongo/share/warehouse_ros_mongo/package.sh'
[6.338s] INFO:colcon.colcon_core.shell:Creating package script '/home/devika/robo_ws/install/warehouse_ros_mongo/share/warehouse_ros_mongo/package.bash'
[6.340s] INFO:colcon.colcon_core.shell:Creating package script '/home/devika/robo_ws/install/warehouse_ros_mongo/share/warehouse_ros_mongo/package.zsh'
[6.342s] Level 1:colcon.colcon_core.environment:create_file_with_runtime_dependencies(/home/devika/robo_ws/install/warehouse_ros_mongo/share/colcon-core/packages/warehouse_ros_mongo)
[6.821s] Level 1:colcon.colcon_core.environment:checking '/home/devika/robo_ws/install/cylinder_position_estimator' for CMake module files
[6.822s] DEBUG:colcon.colcon_core.event_handler.log_command:Invoked command in '/home/devika/robo_ws/src/cylinder_position_estimator' returned '0': PYTHONPATH=/home/devika/robo_ws/build/cylinder_position_estimator/prefix_override:/usr/lib/python3/dist-packages/colcon_core/task/python/colcon_distutils_commands:/home/devika/robo_ws/install/cylinder_position_estimator/lib/python3.10/site-packages:${PYTHONPATH} /usr/bin/python3 -W ignore:setup.py install is deprecated -W ignore:easy_install command is deprecated setup.py egg_info --egg-base ../../build/cylinder_position_estimator build --build-base /home/devika/robo_ws/build/cylinder_position_estimator/build install --record /home/devika/robo_ws/build/cylinder_position_estimator/install.log --single-version-externally-managed install_data
[6.823s] Level 1:colcon.colcon_core.environment:checking '/home/devika/robo_ws/install/cylinder_position_estimator' for CMake config files
[6.828s] Level 1:colcon.colcon_core.environment:checking '/home/devika/robo_ws/install/cylinder_position_estimator/lib'
[6.828s] Level 1:colcon.colcon_core.environment:checking '/home/devika/robo_ws/install/cylinder_position_estimator/bin'
[6.828s] Level 1:colcon.colcon_core.environment:checking '/home/devika/robo_ws/install/cylinder_position_estimator/lib/pkgconfig/cylinder_position_estimator.pc'
[6.829s] Level 1:colcon.colcon_core.environment:checking '/home/devika/robo_ws/install/cylinder_position_estimator/lib/python3.10/site-packages'
[6.829s] Level 1:colcon.colcon_core.shell:create_environment_hook('cylinder_position_estimator', 'pythonpath')
[6.829s] INFO:colcon.colcon_core.shell:Creating environment hook '/home/devika/robo_ws/install/cylinder_position_estimator/share/cylinder_position_estimator/hook/pythonpath.ps1'
[6.831s] INFO:colcon.colcon_core.shell:Creating environment descriptor '/home/devika/robo_ws/install/cylinder_position_estimator/share/cylinder_position_estimator/hook/pythonpath.dsv'
[6.832s] INFO:colcon.colcon_core.shell:Creating environment hook '/home/devika/robo_ws/install/cylinder_position_estimator/share/cylinder_position_estimator/hook/pythonpath.sh'
[6.833s] Level 1:colcon.colcon_core.environment:checking '/home/devika/robo_ws/install/cylinder_position_estimator/bin'
[6.834s] Level 1:colcon.colcon_core.environment:create_environment_scripts_only(cylinder_position_estimator)
[6.834s] INFO:colcon.colcon_core.shell:Creating package script '/home/devika/robo_ws/install/cylinder_position_estimator/share/cylinder_position_estimator/package.ps1'
[6.836s] INFO:colcon.colcon_core.shell:Creating package descriptor '/home/devika/robo_ws/install/cylinder_position_estimator/share/cylinder_position_estimator/package.dsv'
[6.837s] INFO:colcon.colcon_core.shell:Creating package script '/home/devika/robo_ws/install/cylinder_position_estimator/share/cylinder_position_estimator/package.sh'
[6.838s] INFO:colcon.colcon_core.shell:Creating package script '/home/devika/robo_ws/install/cylinder_position_estimator/share/cylinder_position_estimator/package.bash'
[6.839s] INFO:colcon.colcon_core.shell:Creating package script '/home/devika/robo_ws/install/cylinder_position_estimator/share/cylinder_position_estimator/package.zsh'
[6.840s] Level 1:colcon.colcon_core.environment:create_file_with_runtime_dependencies(/home/devika/robo_ws/install/cylinder_position_estimator/share/colcon-core/packages/cylinder_position_estimator)
[6.843s] Level 1:colcon.colcon_core.environment:checking '/home/devika/robo_ws/install/perception_vision' for CMake module files
[6.845s] DEBUG:colcon.colcon_core.event_handler.log_command:Invoked command in '/home/devika/robo_ws/src/perception_vision' returned '0': PYTHONPATH=/home/devika/robo_ws/build/perception_vision/prefix_override:/usr/lib/python3/dist-packages/colcon_core/task/python/colcon_distutils_commands:/home/devika/robo_ws/install/perception_vision/lib/python3.10/site-packages:${PYTHONPATH} /usr/bin/python3 -W ignore:setup.py install is deprecated -W ignore:easy_install command is deprecated setup.py egg_info --egg-base ../../build/perception_vision build --build-base /home/devika/robo_ws/build/perception_vision/build install --record /home/devika/robo_ws/build/perception_vision/install.log --single-version-externally-managed install_data
[6.847s] Level 1:colcon.colcon_core.environment:checking '/home/devika/robo_ws/install/perception_vision' for CMake config files
[6.851s] Level 1:colcon.colcon_core.environment:checking '/home/devika/robo_ws/install/perception_vision/lib'
[6.851s] Level 1:colcon.colcon_core.environment:checking '/home/devika/robo_ws/install/perception_vision/bin'
[6.852s] Level 1:colcon.colcon_core.environment:checking '/home/devika/robo_ws/install/perception_vision/lib/pkgconfig/perception_vision.pc'
[6.852s] Level 1:colcon.colcon_core.environment:checking '/home/devika/robo_ws/install/perception_vision/lib/python3.10/site-packages'
[6.853s] Level 1:colcon.colcon_core.shell:create_environment_hook('perception_vision', 'pythonpath')
[6.853s] INFO:colcon.colcon_core.shell:Creating environment hook '/home/devika/robo_ws/install/perception_vision/share/perception_vision/hook/pythonpath.ps1'
[6.855s] INFO:colcon.colcon_core.shell:Creating environment descriptor '/home/devika/robo_ws/install/perception_vision/share/perception_vision/hook/pythonpath.dsv'
[6.857s] INFO:colcon.colcon_core.shell:Creating environment hook '/home/devika/robo_ws/install/perception_vision/share/perception_vision/hook/pythonpath.sh'
[6.859s] Level 1:colcon.colcon_core.environment:checking '/home/devika/robo_ws/install/perception_vision/bin'
[6.859s] Level 1:colcon.colcon_core.environment:create_environment_scripts_only(perception_vision)
[6.860s] INFO:colcon.colcon_core.shell:Creating package script '/home/devika/robo_ws/install/perception_vision/share/perception_vision/package.ps1'
[6.862s] INFO:colcon.colcon_core.shell:Creating package descriptor '/home/devika/robo_ws/install/perception_vision/share/perception_vision/package.dsv'
[6.864s] INFO:colcon.colcon_core.shell:Creating package script '/home/devika/robo_ws/install/perception_vision/share/perception_vision/package.sh'
[6.865s] INFO:colcon.colcon_core.shell:Creating package script '/home/devika/robo_ws/install/perception_vision/share/perception_vision/package.bash'
[6.866s] INFO:colcon.colcon_core.shell:Creating package script '/home/devika/robo_ws/install/perception_vision/share/perception_vision/package.zsh'
[6.868s] Level 1:colcon.colcon_core.environment:create_file_with_runtime_dependencies(/home/devika/robo_ws/install/perception_vision/share/colcon-core/packages/perception_vision)
[10.816s] DEBUG:colcon.colcon_core.event_handler.log_command:Invoked command in '/home/devika/robo_ws/build/moveit_task_constructor_core' returned '0': CMAKE_PREFIX_PATH=/home/devika/robo_ws/install/rviz_marker_tools:/home/devika/robo_ws/install/moveit_task_constructor_msgs:/home/devika/ws_moveit2/install/pilz_industrial_motion_planner_testutils:/home/devika/ws_moveit2/install/moveit_runtime:/home/devika/ws_moveit2/install/moveit2_tutorials:/home/devika/ws_moveit2/install/moveit:/home/devika/ws_moveit2/install/moveit_planners:/home/devika/ws_moveit2/install/pilz_industrial_motion_planner:/home/devika/ws_moveit2/install/moveit_visual_tools:/home/devika/ws_moveit2/install/moveit_task_constructor_visualization:/home/devika/ws_moveit2/install/moveit_task_constructor_demo:/home/devika/ws_moveit2/install/moveit_task_constructor_capabilities:/home/devika/ws_moveit2/install/moveit_task_constructor_core:/home/devika/ws_moveit2/install/moveit_ros_control_interface:/home/devika/ws_moveit2/install/moveit_plugins:/home/devika/ws_moveit2/install/moveit_simple_controller_manager:/home/devika/ws_moveit2/install/moveit_setup_assistant:/home/devika/ws_moveit2/install/moveit_setup_srdf_plugins:/home/devika/ws_moveit2/install/moveit_setup_core_plugins:/home/devika/ws_moveit2/install/moveit_setup_controllers:/home/devika/ws_moveit2/install/moveit_setup_app_plugins:/home/devika/ws_moveit2/install/moveit_setup_framework:/home/devika/ws_moveit2/install/moveit_servo:/home/devika/ws_moveit2/install/moveit_ros:/home/devika/ws_moveit2/install/moveit_ros_visualization:/home/devika/ws_moveit2/install/moveit_hybrid_planning:/home/devika/ws_moveit2/install/moveit_ros_planning_interface:/home/devika/ws_moveit2/install/moveit_ros_benchmarks:/home/devika/ws_moveit2/install/moveit_ros_warehouse:/home/devika/ws_moveit2/install/moveit_ros_robot_interaction:/home/devika/ws_moveit2/install/moveit_ros_perception:/home/devika/ws_moveit2/install/moveit_resources_prbt_pg70_support:/home/devika/ws_moveit2/install/moveit_resources_prbt_moveit_config:/home/devika/ws_moveit2/install/moveit_ros_move_group:/home/devika/ws_moveit2/install/moveit_planners_ompl:/home/devika/ws_moveit2/install/moveit_ros_planning:/home/devika/ws_moveit2/install/moveit_ros_occupancy_map_monitor:/home/devika/ws_moveit2/install/moveit_resources_prbt_ikfast_manipulator_plugin:/home/devika/ws_moveit2/install/moveit_planners_chomp:/home/devika/ws_moveit2/install/moveit_kinematics:/home/devika/ws_moveit2/install/moveit_chomp_optimizer_adapter:/home/devika/ws_moveit2/install/chomp_motion_planner:/home/devika/ws_moveit2/install/moveit_core:/home/devika/ws_moveit2/install/srdfdom:/home/devika/ws_moveit2/install/rviz_marker_tools:/home/devika/ws_moveit2/install/rosparam_shortcuts:/home/devika/ws_moveit2/install/moveit_task_constructor_msgs:/home/devika/ws_moveit2/install/moveit_resources_prbt_support:/home/devika/ws_moveit2/install/moveit_resources:/home/devika/ws_moveit2/install/moveit_resources_pr2_description:/home/devika/ws_moveit2/install/moveit_resources_panda_moveit_config:/home/devika/ws_moveit2/install/moveit_resources_panda_description:/home/devika/ws_moveit2/install/moveit_resources_fanuc_moveit_config:/home/devika/ws_moveit2/install/moveit_resources_fanuc_description:/home/devika/ws_moveit2/install/moveit_common:/home/devika/robo_ws/install/urdf_humble_test_moveit_config:/home/devika/robo_ws/install/warehouse_ros_mongo:/home/devika/robo_ws/install/urdf_humble_test:/home/devika/robo_ws/install/moveit_task_constructor_visualization:/home/devika/robo_ws/install/moveit_task_constructor_demo:/home/devika/robo_ws/install/moveit_task_constructor_capabilities:/home/devika/robo_ws/install/hello_moveit_task_constructor:/home/devika/robo_ws/install/moveit_task_constructor_core:/home/devika/robo_ws/install/hello_moveit:/home/devika/robo_ws/install/gazebo_ros2_control:/home/devika/manga_ws/install/urdf_humble_test_moveit_config:/home/devika/manga_ws/install/urdf_humble_test:/home/devika/manga_ws/install/hello_moveit:/home/devika/some_ws/install/motoman_hc10_support:/home/devika/some_ws/install/motoman_resources:/home/devika/some_ws/install/hello_moveit:/home/devika/some_ws/install/hc20_sim_moveit_config:/home/devika/some_ws/install/hc20_moveit_config:/home/devika/some_ws/install/hc10_movit2v3:/home/devika/some_ws/install/hc10dt_moveit_config:/home/devika/ws_moveit2/install/moveit_configs_utils:/home/devika/ws_moveit2/install/launch_param_builder:/home/devika/robo_ws/install/perception_vision:/home/devika/robo_ws/install/cylinder_position_estimator:/opt/ros/humble LD_LIBRARY_PATH=/home/devika/robo_ws/install/rviz_marker_tools/lib:/home/devika/robo_ws/install/moveit_task_constructor_msgs/lib:/home/devika/ws_moveit2/install/pilz_industrial_motion_planner_testutils/lib:/home/devika/ws_moveit2/install/pilz_industrial_motion_planner/lib:/home/devika/ws_moveit2/install/moveit_visual_tools/lib:/home/devika/ws_moveit2/install/moveit_task_constructor_visualization/lib:/home/devika/ws_moveit2/install/moveit_task_constructor_demo/lib:/home/devika/ws_moveit2/install/moveit_task_constructor_capabilities/lib:/home/devika/ws_moveit2/install/moveit_task_constructor_core/lib:/home/devika/ws_moveit2/install/moveit_ros_control_interface/lib:/home/devika/ws_moveit2/install/moveit_simple_controller_manager/lib:/home/devika/ws_moveit2/install/moveit_setup_assistant/lib:/home/devika/ws_moveit2/install/moveit_setup_srdf_plugins/lib:/home/devika/ws_moveit2/install/moveit_setup_core_plugins/lib:/home/devika/ws_moveit2/install/moveit_setup_controllers/lib:/home/devika/ws_moveit2/install/moveit_setup_app_plugins/lib:/home/devika/ws_moveit2/install/moveit_setup_framework/lib:/home/devika/ws_moveit2/install/moveit_servo/lib:/home/devika/ws_moveit2/install/moveit_ros_visualization/lib:/home/devika/ws_moveit2/install/moveit_hybrid_planning/lib:/home/devika/ws_moveit2/install/moveit_ros_planning_interface/lib:/home/devika/ws_moveit2/install/moveit_ros_benchmarks/lib:/home/devika/ws_moveit2/install/moveit_ros_warehouse/lib:/home/devika/ws_moveit2/install/moveit_ros_robot_interaction/lib:/home/devika/ws_moveit2/install/moveit_ros_perception/lib:/home/devika/ws_moveit2/install/moveit_ros_move_group/lib:/home/devika/ws_moveit2/install/moveit_planners_ompl/lib:/home/devika/ws_moveit2/install/moveit_ros_planning/lib:/home/devika/ws_moveit2/install/moveit_ros_occupancy_map_monitor/lib:/home/devika/ws_moveit2/install/moveit_resources_prbt_ikfast_manipulator_plugin/lib:/home/devika/ws_moveit2/install/moveit_planners_chomp/lib:/home/devika/ws_moveit2/install/moveit_kinematics/lib:/home/devika/ws_moveit2/install/moveit_chomp_optimizer_adapter/lib:/home/devika/ws_moveit2/install/chomp_motion_planner/lib:/home/devika/ws_moveit2/install/moveit_core/lib:/home/devika/ws_moveit2/install/srdfdom/lib:/home/devika/ws_moveit2/install/rviz_marker_tools/lib:/home/devika/ws_moveit2/install/rosparam_shortcuts/lib:/home/devika/ws_moveit2/install/moveit_task_constructor_msgs/lib:/home/devika/robo_ws/install/warehouse_ros_mongo/lib:/home/devika/robo_ws/install/moveit_task_constructor_visualization/lib:/home/devika/robo_ws/install/moveit_task_constructor_demo/lib:/home/devika/robo_ws/install/moveit_task_constructor_capabilities/lib:/home/devika/robo_ws/install/hello_moveit_task_constructor/lib:/home/devika/robo_ws/install/moveit_task_constructor_core/lib:/home/devika/robo_ws/install/gazebo_ros2_control/lib:/usr/lib/x86_64-linux-gnu/gazebo-11/plugins:/opt/ros/humble/opt/rviz_ogre_vendor/lib:/opt/ros/humble/lib/x86_64-linux-gnu:/opt/ros/humble/lib /usr/bin/cmake --build /home/devika/robo_ws/build/moveit_task_constructor_core
[10.826s] DEBUG:colcon.colcon_core.event_handler.log_command:Invoking command in '/home/devika/robo_ws/build/moveit_task_constructor_core': CMAKE_PREFIX_PATH=/home/devika/robo_ws/install/rviz_marker_tools:/home/devika/robo_ws/install/moveit_task_constructor_msgs:/home/devika/ws_moveit2/install/pilz_industrial_motion_planner_testutils:/home/devika/ws_moveit2/install/moveit_runtime:/home/devika/ws_moveit2/install/moveit2_tutorials:/home/devika/ws_moveit2/install/moveit:/home/devika/ws_moveit2/install/moveit_planners:/home/devika/ws_moveit2/install/pilz_industrial_motion_planner:/home/devika/ws_moveit2/install/moveit_visual_tools:/home/devika/ws_moveit2/install/moveit_task_constructor_visualization:/home/devika/ws_moveit2/install/moveit_task_constructor_demo:/home/devika/ws_moveit2/install/moveit_task_constructor_capabilities:/home/devika/ws_moveit2/install/moveit_task_constructor_core:/home/devika/ws_moveit2/install/moveit_ros_control_interface:/home/devika/ws_moveit2/install/moveit_plugins:/home/devika/ws_moveit2/install/moveit_simple_controller_manager:/home/devika/ws_moveit2/install/moveit_setup_assistant:/home/devika/ws_moveit2/install/moveit_setup_srdf_plugins:/home/devika/ws_moveit2/install/moveit_setup_core_plugins:/home/devika/ws_moveit2/install/moveit_setup_controllers:/home/devika/ws_moveit2/install/moveit_setup_app_plugins:/home/devika/ws_moveit2/install/moveit_setup_framework:/home/devika/ws_moveit2/install/moveit_servo:/home/devika/ws_moveit2/install/moveit_ros:/home/devika/ws_moveit2/install/moveit_ros_visualization:/home/devika/ws_moveit2/install/moveit_hybrid_planning:/home/devika/ws_moveit2/install/moveit_ros_planning_interface:/home/devika/ws_moveit2/install/moveit_ros_benchmarks:/home/devika/ws_moveit2/install/moveit_ros_warehouse:/home/devika/ws_moveit2/install/moveit_ros_robot_interaction:/home/devika/ws_moveit2/install/moveit_ros_perception:/home/devika/ws_moveit2/install/moveit_resources_prbt_pg70_support:/home/devika/ws_moveit2/install/moveit_resources_prbt_moveit_config:/home/devika/ws_moveit2/install/moveit_ros_move_group:/home/devika/ws_moveit2/install/moveit_planners_ompl:/home/devika/ws_moveit2/install/moveit_ros_planning:/home/devika/ws_moveit2/install/moveit_ros_occupancy_map_monitor:/home/devika/ws_moveit2/install/moveit_resources_prbt_ikfast_manipulator_plugin:/home/devika/ws_moveit2/install/moveit_planners_chomp:/home/devika/ws_moveit2/install/moveit_kinematics:/home/devika/ws_moveit2/install/moveit_chomp_optimizer_adapter:/home/devika/ws_moveit2/install/chomp_motion_planner:/home/devika/ws_moveit2/install/moveit_core:/home/devika/ws_moveit2/install/srdfdom:/home/devika/ws_moveit2/install/rviz_marker_tools:/home/devika/ws_moveit2/install/rosparam_shortcuts:/home/devika/ws_moveit2/install/moveit_task_constructor_msgs:/home/devika/ws_moveit2/install/moveit_resources_prbt_support:/home/devika/ws_moveit2/install/moveit_resources:/home/devika/ws_moveit2/install/moveit_resources_pr2_description:/home/devika/ws_moveit2/install/moveit_resources_panda_moveit_config:/home/devika/ws_moveit2/install/moveit_resources_panda_description:/home/devika/ws_moveit2/install/moveit_resources_fanuc_moveit_config:/home/devika/ws_moveit2/install/moveit_resources_fanuc_description:/home/devika/ws_moveit2/install/moveit_common:/home/devika/robo_ws/install/urdf_humble_test_moveit_config:/home/devika/robo_ws/install/warehouse_ros_mongo:/home/devika/robo_ws/install/urdf_humble_test:/home/devika/robo_ws/install/moveit_task_constructor_visualization:/home/devika/robo_ws/install/moveit_task_constructor_demo:/home/devika/robo_ws/install/moveit_task_constructor_capabilities:/home/devika/robo_ws/install/hello_moveit_task_constructor:/home/devika/robo_ws/install/moveit_task_constructor_core:/home/devika/robo_ws/install/hello_moveit:/home/devika/robo_ws/install/gazebo_ros2_control:/home/devika/manga_ws/install/urdf_humble_test_moveit_config:/home/devika/manga_ws/install/urdf_humble_test:/home/devika/manga_ws/install/hello_moveit:/home/devika/some_ws/install/motoman_hc10_support:/home/devika/some_ws/install/motoman_resources:/home/devika/some_ws/install/hello_moveit:/home/devika/some_ws/install/hc20_sim_moveit_config:/home/devika/some_ws/install/hc20_moveit_config:/home/devika/some_ws/install/hc10_movit2v3:/home/devika/some_ws/install/hc10dt_moveit_config:/home/devika/ws_moveit2/install/moveit_configs_utils:/home/devika/ws_moveit2/install/launch_param_builder:/home/devika/robo_ws/install/perception_vision:/home/devika/robo_ws/install/cylinder_position_estimator:/opt/ros/humble LD_LIBRARY_PATH=/home/devika/robo_ws/install/rviz_marker_tools/lib:/home/devika/robo_ws/install/moveit_task_constructor_msgs/lib:/home/devika/ws_moveit2/install/pilz_industrial_motion_planner_testutils/lib:/home/devika/ws_moveit2/install/pilz_industrial_motion_planner/lib:/home/devika/ws_moveit2/install/moveit_visual_tools/lib:/home/devika/ws_moveit2/install/moveit_task_constructor_visualization/lib:/home/devika/ws_moveit2/install/moveit_task_constructor_demo/lib:/home/devika/ws_moveit2/install/moveit_task_constructor_capabilities/lib:/home/devika/ws_moveit2/install/moveit_task_constructor_core/lib:/home/devika/ws_moveit2/install/moveit_ros_control_interface/lib:/home/devika/ws_moveit2/install/moveit_simple_controller_manager/lib:/home/devika/ws_moveit2/install/moveit_setup_assistant/lib:/home/devika/ws_moveit2/install/moveit_setup_srdf_plugins/lib:/home/devika/ws_moveit2/install/moveit_setup_core_plugins/lib:/home/devika/ws_moveit2/install/moveit_setup_controllers/lib:/home/devika/ws_moveit2/install/moveit_setup_app_plugins/lib:/home/devika/ws_moveit2/install/moveit_setup_framework/lib:/home/devika/ws_moveit2/install/moveit_servo/lib:/home/devika/ws_moveit2/install/moveit_ros_visualization/lib:/home/devika/ws_moveit2/install/moveit_hybrid_planning/lib:/home/devika/ws_moveit2/install/moveit_ros_planning_interface/lib:/home/devika/ws_moveit2/install/moveit_ros_benchmarks/lib:/home/devika/ws_moveit2/install/moveit_ros_warehouse/lib:/home/devika/ws_moveit2/install/moveit_ros_robot_interaction/lib:/home/devika/ws_moveit2/install/moveit_ros_perception/lib:/home/devika/ws_moveit2/install/moveit_ros_move_group/lib:/home/devika/ws_moveit2/install/moveit_planners_ompl/lib:/home/devika/ws_moveit2/install/moveit_ros_planning/lib:/home/devika/ws_moveit2/install/moveit_ros_occupancy_map_monitor/lib:/home/devika/ws_moveit2/install/moveit_resources_prbt_ikfast_manipulator_plugin/lib:/home/devika/ws_moveit2/install/moveit_planners_chomp/lib:/home/devika/ws_moveit2/install/moveit_kinematics/lib:/home/devika/ws_moveit2/install/moveit_chomp_optimizer_adapter/lib:/home/devika/ws_moveit2/install/chomp_motion_planner/lib:/home/devika/ws_moveit2/install/moveit_core/lib:/home/devika/ws_moveit2/install/srdfdom/lib:/home/devika/ws_moveit2/install/rviz_marker_tools/lib:/home/devika/ws_moveit2/install/rosparam_shortcuts/lib:/home/devika/ws_moveit2/install/moveit_task_constructor_msgs/lib:/home/devika/robo_ws/install/warehouse_ros_mongo/lib:/home/devika/robo_ws/install/moveit_task_constructor_visualization/lib:/home/devika/robo_ws/install/moveit_task_constructor_demo/lib:/home/devika/robo_ws/install/moveit_task_constructor_capabilities/lib:/home/devika/robo_ws/install/hello_moveit_task_constructor/lib:/home/devika/robo_ws/install/moveit_task_constructor_core/lib:/home/devika/robo_ws/install/gazebo_ros2_control/lib:/usr/lib/x86_64-linux-gnu/gazebo-11/plugins:/opt/ros/humble/opt/rviz_ogre_vendor/lib:/opt/ros/humble/lib/x86_64-linux-gnu:/opt/ros/humble/lib /usr/bin/cmake --install /home/devika/robo_ws/build/moveit_task_constructor_core
[11.055s] Level 1:colcon.colcon_core.environment:create_environment_scripts_only(moveit_task_constructor_core)
[11.056s] Level 1:colcon.colcon_core.environment:checking '/home/devika/robo_ws/install/moveit_task_constructor_core' for CMake module files
[11.058s] DEBUG:colcon.colcon_core.event_handler.log_command:Invoked command in '/home/devika/robo_ws/build/moveit_task_constructor_core' returned '0': CMAKE_PREFIX_PATH=/home/devika/robo_ws/install/rviz_marker_tools:/home/devika/robo_ws/install/moveit_task_constructor_msgs:/home/devika/ws_moveit2/install/pilz_industrial_motion_planner_testutils:/home/devika/ws_moveit2/install/moveit_runtime:/home/devika/ws_moveit2/install/moveit2_tutorials:/home/devika/ws_moveit2/install/moveit:/home/devika/ws_moveit2/install/moveit_planners:/home/devika/ws_moveit2/install/pilz_industrial_motion_planner:/home/devika/ws_moveit2/install/moveit_visual_tools:/home/devika/ws_moveit2/install/moveit_task_constructor_visualization:/home/devika/ws_moveit2/install/moveit_task_constructor_demo:/home/devika/ws_moveit2/install/moveit_task_constructor_capabilities:/home/devika/ws_moveit2/install/moveit_task_constructor_core:/home/devika/ws_moveit2/install/moveit_ros_control_interface:/home/devika/ws_moveit2/install/moveit_plugins:/home/devika/ws_moveit2/install/moveit_simple_controller_manager:/home/devika/ws_moveit2/install/moveit_setup_assistant:/home/devika/ws_moveit2/install/moveit_setup_srdf_plugins:/home/devika/ws_moveit2/install/moveit_setup_core_plugins:/home/devika/ws_moveit2/install/moveit_setup_controllers:/home/devika/ws_moveit2/install/moveit_setup_app_plugins:/home/devika/ws_moveit2/install/moveit_setup_framework:/home/devika/ws_moveit2/install/moveit_servo:/home/devika/ws_moveit2/install/moveit_ros:/home/devika/ws_moveit2/install/moveit_ros_visualization:/home/devika/ws_moveit2/install/moveit_hybrid_planning:/home/devika/ws_moveit2/install/moveit_ros_planning_interface:/home/devika/ws_moveit2/install/moveit_ros_benchmarks:/home/devika/ws_moveit2/install/moveit_ros_warehouse:/home/devika/ws_moveit2/install/moveit_ros_robot_interaction:/home/devika/ws_moveit2/install/moveit_ros_perception:/home/devika/ws_moveit2/install/moveit_resources_prbt_pg70_support:/home/devika/ws_moveit2/install/moveit_resources_prbt_moveit_config:/home/devika/ws_moveit2/install/moveit_ros_move_group:/home/devika/ws_moveit2/install/moveit_planners_ompl:/home/devika/ws_moveit2/install/moveit_ros_planning:/home/devika/ws_moveit2/install/moveit_ros_occupancy_map_monitor:/home/devika/ws_moveit2/install/moveit_resources_prbt_ikfast_manipulator_plugin:/home/devika/ws_moveit2/install/moveit_planners_chomp:/home/devika/ws_moveit2/install/moveit_kinematics:/home/devika/ws_moveit2/install/moveit_chomp_optimizer_adapter:/home/devika/ws_moveit2/install/chomp_motion_planner:/home/devika/ws_moveit2/install/moveit_core:/home/devika/ws_moveit2/install/srdfdom:/home/devika/ws_moveit2/install/rviz_marker_tools:/home/devika/ws_moveit2/install/rosparam_shortcuts:/home/devika/ws_moveit2/install/moveit_task_constructor_msgs:/home/devika/ws_moveit2/install/moveit_resources_prbt_support:/home/devika/ws_moveit2/install/moveit_resources:/home/devika/ws_moveit2/install/moveit_resources_pr2_description:/home/devika/ws_moveit2/install/moveit_resources_panda_moveit_config:/home/devika/ws_moveit2/install/moveit_resources_panda_description:/home/devika/ws_moveit2/install/moveit_resources_fanuc_moveit_config:/home/devika/ws_moveit2/install/moveit_resources_fanuc_description:/home/devika/ws_moveit2/install/moveit_common:/home/devika/robo_ws/install/urdf_humble_test_moveit_config:/home/devika/robo_ws/install/warehouse_ros_mongo:/home/devika/robo_ws/install/urdf_humble_test:/home/devika/robo_ws/install/moveit_task_constructor_visualization:/home/devika/robo_ws/install/moveit_task_constructor_demo:/home/devika/robo_ws/install/moveit_task_constructor_capabilities:/home/devika/robo_ws/install/hello_moveit_task_constructor:/home/devika/robo_ws/install/moveit_task_constructor_core:/home/devika/robo_ws/install/hello_moveit:/home/devika/robo_ws/install/gazebo_ros2_control:/home/devika/manga_ws/install/urdf_humble_test_moveit_config:/home/devika/manga_ws/install/urdf_humble_test:/home/devika/manga_ws/install/hello_moveit:/home/devika/some_ws/install/motoman_hc10_support:/home/devika/some_ws/install/motoman_resources:/home/devika/some_ws/install/hello_moveit:/home/devika/some_ws/install/hc20_sim_moveit_config:/home/devika/some_ws/install/hc20_moveit_config:/home/devika/some_ws/install/hc10_movit2v3:/home/devika/some_ws/install/hc10dt_moveit_config:/home/devika/ws_moveit2/install/moveit_configs_utils:/home/devika/ws_moveit2/install/launch_param_builder:/home/devika/robo_ws/install/perception_vision:/home/devika/robo_ws/install/cylinder_position_estimator:/opt/ros/humble LD_LIBRARY_PATH=/home/devika/robo_ws/install/rviz_marker_tools/lib:/home/devika/robo_ws/install/moveit_task_constructor_msgs/lib:/home/devika/ws_moveit2/install/pilz_industrial_motion_planner_testutils/lib:/home/devika/ws_moveit2/install/pilz_industrial_motion_planner/lib:/home/devika/ws_moveit2/install/moveit_visual_tools/lib:/home/devika/ws_moveit2/install/moveit_task_constructor_visualization/lib:/home/devika/ws_moveit2/install/moveit_task_constructor_demo/lib:/home/devika/ws_moveit2/install/moveit_task_constructor_capabilities/lib:/home/devika/ws_moveit2/install/moveit_task_constructor_core/lib:/home/devika/ws_moveit2/install/moveit_ros_control_interface/lib:/home/devika/ws_moveit2/install/moveit_simple_controller_manager/lib:/home/devika/ws_moveit2/install/moveit_setup_assistant/lib:/home/devika/ws_moveit2/install/moveit_setup_srdf_plugins/lib:/home/devika/ws_moveit2/install/moveit_setup_core_plugins/lib:/home/devika/ws_moveit2/install/moveit_setup_controllers/lib:/home/devika/ws_moveit2/install/moveit_setup_app_plugins/lib:/home/devika/ws_moveit2/install/moveit_setup_framework/lib:/home/devika/ws_moveit2/install/moveit_servo/lib:/home/devika/ws_moveit2/install/moveit_ros_visualization/lib:/home/devika/ws_moveit2/install/moveit_hybrid_planning/lib:/home/devika/ws_moveit2/install/moveit_ros_planning_interface/lib:/home/devika/ws_moveit2/install/moveit_ros_benchmarks/lib:/home/devika/ws_moveit2/install/moveit_ros_warehouse/lib:/home/devika/ws_moveit2/install/moveit_ros_robot_interaction/lib:/home/devika/ws_moveit2/install/moveit_ros_perception/lib:/home/devika/ws_moveit2/install/moveit_ros_move_group/lib:/home/devika/ws_moveit2/install/moveit_planners_ompl/lib:/home/devika/ws_moveit2/install/moveit_ros_planning/lib:/home/devika/ws_moveit2/install/moveit_ros_occupancy_map_monitor/lib:/home/devika/ws_moveit2/install/moveit_resources_prbt_ikfast_manipulator_plugin/lib:/home/devika/ws_moveit2/install/moveit_planners_chomp/lib:/home/devika/ws_moveit2/install/moveit_kinematics/lib:/home/devika/ws_moveit2/install/moveit_chomp_optimizer_adapter/lib:/home/devika/ws_moveit2/install/chomp_motion_planner/lib:/home/devika/ws_moveit2/install/moveit_core/lib:/home/devika/ws_moveit2/install/srdfdom/lib:/home/devika/ws_moveit2/install/rviz_marker_tools/lib:/home/devika/ws_moveit2/install/rosparam_shortcuts/lib:/home/devika/ws_moveit2/install/moveit_task_constructor_msgs/lib:/home/devika/robo_ws/install/warehouse_ros_mongo/lib:/home/devika/robo_ws/install/moveit_task_constructor_visualization/lib:/home/devika/robo_ws/install/moveit_task_constructor_demo/lib:/home/devika/robo_ws/install/moveit_task_constructor_capabilities/lib:/home/devika/robo_ws/install/hello_moveit_task_constructor/lib:/home/devika/robo_ws/install/moveit_task_constructor_core/lib:/home/devika/robo_ws/install/gazebo_ros2_control/lib:/usr/lib/x86_64-linux-gnu/gazebo-11/plugins:/opt/ros/humble/opt/rviz_ogre_vendor/lib:/opt/ros/humble/lib/x86_64-linux-gnu:/opt/ros/humble/lib /usr/bin/cmake --install /home/devika/robo_ws/build/moveit_task_constructor_core
[11.060s] Level 1:colcon.colcon_core.shell:create_environment_hook('moveit_task_constructor_core', 'cmake_module_path')
[11.061s] INFO:colcon.colcon_core.shell:Creating environment hook '/home/devika/robo_ws/install/moveit_task_constructor_core/share/moveit_task_constructor_core/hook/cmake_module_path.ps1'
[11.062s] INFO:colcon.colcon_core.shell:Creating environment descriptor '/home/devika/robo_ws/install/moveit_task_constructor_core/share/moveit_task_constructor_core/hook/cmake_module_path.dsv'
[11.063s] INFO:colcon.colcon_core.shell:Creating environment hook '/home/devika/robo_ws/install/moveit_task_constructor_core/share/moveit_task_constructor_core/hook/cmake_module_path.sh'
[11.065s] Level 1:colcon.colcon_core.environment:checking '/home/devika/robo_ws/install/moveit_task_constructor_core' for CMake config files
[11.075s] Level 1:colcon.colcon_core.shell:create_environment_hook('moveit_task_constructor_core', 'cmake_prefix_path')
[11.076s] INFO:colcon.colcon_core.shell:Creating environment hook '/home/devika/robo_ws/install/moveit_task_constructor_core/share/moveit_task_constructor_core/hook/cmake_prefix_path.ps1'
[11.078s] INFO:colcon.colcon_core.shell:Creating environment descriptor '/home/devika/robo_ws/install/moveit_task_constructor_core/share/moveit_task_constructor_core/hook/cmake_prefix_path.dsv'
[11.079s] INFO:colcon.colcon_core.shell:Creating environment hook '/home/devika/robo_ws/install/moveit_task_constructor_core/share/moveit_task_constructor_core/hook/cmake_prefix_path.sh'
[11.081s] Level 1:colcon.colcon_core.environment:checking '/home/devika/robo_ws/install/moveit_task_constructor_core/lib'
[11.082s] Level 1:colcon.colcon_core.shell:create_environment_hook('moveit_task_constructor_core', 'ld_library_path_lib')
[11.082s] INFO:colcon.colcon_core.shell:Creating environment hook '/home/devika/robo_ws/install/moveit_task_constructor_core/share/moveit_task_constructor_core/hook/ld_library_path_lib.ps1'
[11.084s] INFO:colcon.colcon_core.shell:Creating environment descriptor '/home/devika/robo_ws/install/moveit_task_constructor_core/share/moveit_task_constructor_core/hook/ld_library_path_lib.dsv'
[11.085s] INFO:colcon.colcon_core.shell:Creating environment hook '/home/devika/robo_ws/install/moveit_task_constructor_core/share/moveit_task_constructor_core/hook/ld_library_path_lib.sh'
[11.087s] Level 1:colcon.colcon_core.environment:checking '/home/devika/robo_ws/install/moveit_task_constructor_core/bin'
[11.087s] Level 1:colcon.colcon_core.environment:checking '/home/devika/robo_ws/install/moveit_task_constructor_core/lib/pkgconfig/moveit_task_constructor_core.pc'
[11.088s] Level 1:colcon.colcon_core.environment:checking '/home/devika/robo_ws/install/moveit_task_constructor_core/lib/python3.10/site-packages'
[11.088s] Level 1:colcon.colcon_core.environment:checking '/home/devika/robo_ws/install/moveit_task_constructor_core/bin'
[11.090s] INFO:colcon.colcon_core.shell:Creating package script '/home/devika/robo_ws/install/moveit_task_constructor_core/share/moveit_task_constructor_core/package.ps1'
[11.092s] INFO:colcon.colcon_core.shell:Creating package descriptor '/home/devika/robo_ws/install/moveit_task_constructor_core/share/moveit_task_constructor_core/package.dsv'
[11.093s] INFO:colcon.colcon_core.shell:Creating package script '/home/devika/robo_ws/install/moveit_task_constructor_core/share/moveit_task_constructor_core/package.sh'
[11.094s] INFO:colcon.colcon_core.shell:Creating package script '/home/devika/robo_ws/install/moveit_task_constructor_core/share/moveit_task_constructor_core/package.bash'
[11.095s] INFO:colcon.colcon_core.shell:Creating package script '/home/devika/robo_ws/install/moveit_task_constructor_core/share/moveit_task_constructor_core/package.zsh'
[11.097s] Level 1:colcon.colcon_core.environment:create_file_with_runtime_dependencies(/home/devika/robo_ws/install/moveit_task_constructor_core/share/colcon-core/packages/moveit_task_constructor_core)
[11.099s] Level 1:colcon.colcon_core.environment:create_environment_scripts_only(moveit_task_constructor_core)
[11.100s] Level 1:colcon.colcon_core.environment:checking '/home/devika/robo_ws/install/moveit_task_constructor_core' for CMake module files
[11.101s] Level 1:colcon.colcon_core.shell:create_environment_hook('moveit_task_constructor_core', 'cmake_module_path')
[11.102s] INFO:colcon.colcon_core.shell:Creating environment hook '/home/devika/robo_ws/install/moveit_task_constructor_core/share/moveit_task_constructor_core/hook/cmake_module_path.ps1'
[11.104s] INFO:colcon.colcon_core.shell:Creating environment descriptor '/home/devika/robo_ws/install/moveit_task_constructor_core/share/moveit_task_constructor_core/hook/cmake_module_path.dsv'
[11.105s] INFO:colcon.colcon_core.shell:Creating environment hook '/home/devika/robo_ws/install/moveit_task_constructor_core/share/moveit_task_constructor_core/hook/cmake_module_path.sh'
[11.106s] Level 1:colcon.colcon_core.environment:checking '/home/devika/robo_ws/install/moveit_task_constructor_core' for CMake config files
[11.108s] Level 1:colcon.colcon_core.shell:create_environment_hook('moveit_task_constructor_core', 'cmake_prefix_path')
[11.109s] INFO:colcon.colcon_core.shell:Creating environment hook '/home/devika/robo_ws/install/moveit_task_constructor_core/share/moveit_task_constructor_core/hook/cmake_prefix_path.ps1'
[11.111s] INFO:colcon.colcon_core.shell:Creating environment descriptor '/home/devika/robo_ws/install/moveit_task_constructor_core/share/moveit_task_constructor_core/hook/cmake_prefix_path.dsv'
[11.112s] INFO:colcon.colcon_core.shell:Creating environment hook '/home/devika/robo_ws/install/moveit_task_constructor_core/share/moveit_task_constructor_core/hook/cmake_prefix_path.sh'
[11.114s] Level 1:colcon.colcon_core.environment:checking '/home/devika/robo_ws/install/moveit_task_constructor_core/lib'
[11.115s] Level 1:colcon.colcon_core.shell:create_environment_hook('moveit_task_constructor_core', 'ld_library_path_lib')
[11.116s] INFO:colcon.colcon_core.shell:Creating environment hook '/home/devika/robo_ws/install/moveit_task_constructor_core/share/moveit_task_constructor_core/hook/ld_library_path_lib.ps1'
[11.117s] INFO:colcon.colcon_core.shell:Creating environment descriptor '/home/devika/robo_ws/install/moveit_task_constructor_core/share/moveit_task_constructor_core/hook/ld_library_path_lib.dsv'
[11.118s] INFO:colcon.colcon_core.shell:Creating environment hook '/home/devika/robo_ws/install/moveit_task_constructor_core/share/moveit_task_constructor_core/hook/ld_library_path_lib.sh'
[11.120s] Level 1:colcon.colcon_core.environment:checking '/home/devika/robo_ws/install/moveit_task_constructor_core/bin'
[11.121s] Level 1:colcon.colcon_core.environment:checking '/home/devika/robo_ws/install/moveit_task_constructor_core/lib/pkgconfig/moveit_task_constructor_core.pc'
[11.121s] Level 1:colcon.colcon_core.environment:checking '/home/devika/robo_ws/install/moveit_task_constructor_core/lib/python3.10/site-packages'
[11.122s] Level 1:colcon.colcon_core.environment:checking '/home/devika/robo_ws/install/moveit_task_constructor_core/bin'
[11.123s] INFO:colcon.colcon_core.shell:Creating package script '/home/devika/robo_ws/install/moveit_task_constructor_core/share/moveit_task_constructor_core/package.ps1'
[11.125s] INFO:colcon.colcon_core.shell:Creating package descriptor '/home/devika/robo_ws/install/moveit_task_constructor_core/share/moveit_task_constructor_core/package.dsv'
[11.127s] INFO:colcon.colcon_core.shell:Creating package script '/home/devika/robo_ws/install/moveit_task_constructor_core/share/moveit_task_constructor_core/package.sh'
[11.128s] INFO:colcon.colcon_core.shell:Creating package script '/home/devika/robo_ws/install/moveit_task_constructor_core/share/moveit_task_constructor_core/package.bash'
[11.130s] INFO:colcon.colcon_core.shell:Creating package script '/home/devika/robo_ws/install/moveit_task_constructor_core/share/moveit_task_constructor_core/package.zsh'
[11.132s] Level 1:colcon.colcon_core.environment:create_file_with_runtime_dependencies(/home/devika/robo_ws/install/moveit_task_constructor_core/share/colcon-core/packages/moveit_task_constructor_core)
[11.133s] INFO:colcon.colcon_ros.task.ament_cmake.build:Building ROS package in '/home/devika/robo_ws/src/moveit_task_constructor/capabilities' with build type 'ament_cmake'
[11.133s] INFO:colcon.colcon_cmake.task.cmake.build:Building CMake package in '/home/devika/robo_ws/src/moveit_task_constructor/capabilities'
[11.134s] INFO:colcon.colcon_core.shell:Skip shell extension 'powershell' for command environment: Not usable outside of PowerShell
[11.134s] DEBUG:colcon.colcon_core.shell:Skip shell extension 'dsv' for command environment
[11.166s] INFO:colcon.colcon_ros.task.ament_cmake.build:Building ROS package in '/home/devika/robo_ws/src/hello_moveit_task_constructor' with build type 'ament_cmake'
[11.166s] INFO:colcon.colcon_cmake.task.cmake.build:Building CMake package in '/home/devika/robo_ws/src/hello_moveit_task_constructor'
[11.167s] INFO:colcon.colcon_core.shell:Skip shell extension 'powershell' for command environment: Not usable outside of PowerShell
[11.167s] DEBUG:colcon.colcon_core.shell:Skip shell extension 'dsv' for command environment
[11.199s] INFO:colcon.colcon_ros.task.ament_cmake.build:Building ROS package in '/home/devika/robo_ws/src/moveit_task_constructor/visualization' with build type 'ament_cmake'
[11.199s] INFO:colcon.colcon_cmake.task.cmake.build:Building CMake package in '/home/devika/robo_ws/src/moveit_task_constructor/visualization'
[11.200s] INFO:colcon.colcon_core.shell:Skip shell extension 'powershell' for command environment: Not usable outside of PowerShell
[11.201s] DEBUG:colcon.colcon_core.shell:Skip shell extension 'dsv' for command environment
[11.257s] DEBUG:colcon.colcon_core.event_handler.log_command:Invoking command in '/home/devika/robo_ws/build/moveit_task_constructor_capabilities': CMAKE_MODULE_PATH=/home/devika/robo_ws/install/moveit_task_constructor_core/share/moveit_task_constructor_core/cmake:/home/devika/ws_moveit2/install/moveit_task_constructor_core/share/moveit_task_constructor_core/cmake:/home/devika/robo_ws/install/warehouse_ros_mongo/share/warehouse_ros_mongo/cmake CMAKE_PREFIX_PATH=/home/devika/robo_ws/install/moveit_task_constructor_core:/home/devika/robo_ws/install/rviz_marker_tools:/home/devika/robo_ws/install/moveit_task_constructor_msgs:/home/devika/ws_moveit2/install/pilz_industrial_motion_planner_testutils:/home/devika/ws_moveit2/install/moveit_runtime:/home/devika/ws_moveit2/install/moveit2_tutorials:/home/devika/ws_moveit2/install/moveit:/home/devika/ws_moveit2/install/moveit_planners:/home/devika/ws_moveit2/install/pilz_industrial_motion_planner:/home/devika/ws_moveit2/install/moveit_visual_tools:/home/devika/ws_moveit2/install/moveit_task_constructor_visualization:/home/devika/ws_moveit2/install/moveit_task_constructor_demo:/home/devika/ws_moveit2/install/moveit_task_constructor_capabilities:/home/devika/ws_moveit2/install/moveit_task_constructor_core:/home/devika/ws_moveit2/install/moveit_ros_control_interface:/home/devika/ws_moveit2/install/moveit_plugins:/home/devika/ws_moveit2/install/moveit_simple_controller_manager:/home/devika/ws_moveit2/install/moveit_setup_assistant:/home/devika/ws_moveit2/install/moveit_setup_srdf_plugins:/home/devika/ws_moveit2/install/moveit_setup_core_plugins:/home/devika/ws_moveit2/install/moveit_setup_controllers:/home/devika/ws_moveit2/install/moveit_setup_app_plugins:/home/devika/ws_moveit2/install/moveit_setup_framework:/home/devika/ws_moveit2/install/moveit_servo:/home/devika/ws_moveit2/install/moveit_ros:/home/devika/ws_moveit2/install/moveit_ros_visualization:/home/devika/ws_moveit2/install/moveit_hybrid_planning:/home/devika/ws_moveit2/install/moveit_ros_planning_interface:/home/devika/ws_moveit2/install/moveit_ros_benchmarks:/home/devika/ws_moveit2/install/moveit_ros_warehouse:/home/devika/ws_moveit2/install/moveit_ros_robot_interaction:/home/devika/ws_moveit2/install/moveit_ros_perception:/home/devika/ws_moveit2/install/moveit_resources_prbt_pg70_support:/home/devika/ws_moveit2/install/moveit_resources_prbt_moveit_config:/home/devika/ws_moveit2/install/moveit_ros_move_group:/home/devika/ws_moveit2/install/moveit_planners_ompl:/home/devika/ws_moveit2/install/moveit_ros_planning:/home/devika/ws_moveit2/install/moveit_ros_occupancy_map_monitor:/home/devika/ws_moveit2/install/moveit_resources_prbt_ikfast_manipulator_plugin:/home/devika/ws_moveit2/install/moveit_planners_chomp:/home/devika/ws_moveit2/install/moveit_kinematics:/home/devika/ws_moveit2/install/moveit_chomp_optimizer_adapter:/home/devika/ws_moveit2/install/chomp_motion_planner:/home/devika/ws_moveit2/install/moveit_core:/home/devika/ws_moveit2/install/srdfdom:/home/devika/ws_moveit2/install/rviz_marker_tools:/home/devika/ws_moveit2/install/rosparam_shortcuts:/home/devika/ws_moveit2/install/moveit_task_constructor_msgs:/home/devika/ws_moveit2/install/moveit_resources_prbt_support:/home/devika/ws_moveit2/install/moveit_resources:/home/devika/ws_moveit2/install/moveit_resources_pr2_description:/home/devika/ws_moveit2/install/moveit_resources_panda_moveit_config:/home/devika/ws_moveit2/install/moveit_resources_panda_description:/home/devika/ws_moveit2/install/moveit_resources_fanuc_moveit_config:/home/devika/ws_moveit2/install/moveit_resources_fanuc_description:/home/devika/ws_moveit2/install/moveit_common:/home/devika/robo_ws/install/urdf_humble_test_moveit_config:/home/devika/robo_ws/install/warehouse_ros_mongo:/home/devika/robo_ws/install/urdf_humble_test:/home/devika/robo_ws/install/moveit_task_constructor_visualization:/home/devika/robo_ws/install/moveit_task_constructor_demo:/home/devika/robo_ws/install/moveit_task_constructor_capabilities:/home/devika/robo_ws/install/hello_moveit_task_constructor:/home/devika/robo_ws/install/hello_moveit:/home/devika/robo_ws/install/gazebo_ros2_control:/home/devika/manga_ws/install/urdf_humble_test_moveit_config:/home/devika/manga_ws/install/urdf_humble_test:/home/devika/manga_ws/install/hello_moveit:/home/devika/some_ws/install/motoman_hc10_support:/home/devika/some_ws/install/motoman_resources:/home/devika/some_ws/install/hello_moveit:/home/devika/some_ws/install/hc20_sim_moveit_config:/home/devika/some_ws/install/hc20_moveit_config:/home/devika/some_ws/install/hc10_movit2v3:/home/devika/some_ws/install/hc10dt_moveit_config:/home/devika/ws_moveit2/install/moveit_configs_utils:/home/devika/ws_moveit2/install/launch_param_builder:/home/devika/robo_ws/install/perception_vision:/home/devika/robo_ws/install/cylinder_position_estimator:/opt/ros/humble LD_LIBRARY_PATH=/home/devika/robo_ws/install/moveit_task_constructor_core/lib:/home/devika/robo_ws/install/rviz_marker_tools/lib:/home/devika/robo_ws/install/moveit_task_constructor_msgs/lib:/home/devika/ws_moveit2/install/pilz_industrial_motion_planner_testutils/lib:/home/devika/ws_moveit2/install/pilz_industrial_motion_planner/lib:/home/devika/ws_moveit2/install/moveit_visual_tools/lib:/home/devika/ws_moveit2/install/moveit_task_constructor_visualization/lib:/home/devika/ws_moveit2/install/moveit_task_constructor_demo/lib:/home/devika/ws_moveit2/install/moveit_task_constructor_capabilities/lib:/home/devika/ws_moveit2/install/moveit_task_constructor_core/lib:/home/devika/ws_moveit2/install/moveit_ros_control_interface/lib:/home/devika/ws_moveit2/install/moveit_simple_controller_manager/lib:/home/devika/ws_moveit2/install/moveit_setup_assistant/lib:/home/devika/ws_moveit2/install/moveit_setup_srdf_plugins/lib:/home/devika/ws_moveit2/install/moveit_setup_core_plugins/lib:/home/devika/ws_moveit2/install/moveit_setup_controllers/lib:/home/devika/ws_moveit2/install/moveit_setup_app_plugins/lib:/home/devika/ws_moveit2/install/moveit_setup_framework/lib:/home/devika/ws_moveit2/install/moveit_servo/lib:/home/devika/ws_moveit2/install/moveit_ros_visualization/lib:/home/devika/ws_moveit2/install/moveit_hybrid_planning/lib:/home/devika/ws_moveit2/install/moveit_ros_planning_interface/lib:/home/devika/ws_moveit2/install/moveit_ros_benchmarks/lib:/home/devika/ws_moveit2/install/moveit_ros_warehouse/lib:/home/devika/ws_moveit2/install/moveit_ros_robot_interaction/lib:/home/devika/ws_moveit2/install/moveit_ros_perception/lib:/home/devika/ws_moveit2/install/moveit_ros_move_group/lib:/home/devika/ws_moveit2/install/moveit_planners_ompl/lib:/home/devika/ws_moveit2/install/moveit_ros_planning/lib:/home/devika/ws_moveit2/install/moveit_ros_occupancy_map_monitor/lib:/home/devika/ws_moveit2/install/moveit_resources_prbt_ikfast_manipulator_plugin/lib:/home/devika/ws_moveit2/install/moveit_planners_chomp/lib:/home/devika/ws_moveit2/install/moveit_kinematics/lib:/home/devika/ws_moveit2/install/moveit_chomp_optimizer_adapter/lib:/home/devika/ws_moveit2/install/chomp_motion_planner/lib:/home/devika/ws_moveit2/install/moveit_core/lib:/home/devika/ws_moveit2/install/srdfdom/lib:/home/devika/ws_moveit2/install/rviz_marker_tools/lib:/home/devika/ws_moveit2/install/rosparam_shortcuts/lib:/home/devika/ws_moveit2/install/moveit_task_constructor_msgs/lib:/home/devika/robo_ws/install/warehouse_ros_mongo/lib:/home/devika/robo_ws/install/moveit_task_constructor_visualization/lib:/home/devika/robo_ws/install/moveit_task_constructor_demo/lib:/home/devika/robo_ws/install/moveit_task_constructor_capabilities/lib:/home/devika/robo_ws/install/hello_moveit_task_constructor/lib:/home/devika/robo_ws/install/gazebo_ros2_control/lib:/usr/lib/x86_64-linux-gnu/gazebo-11/plugins:/opt/ros/humble/opt/rviz_ogre_vendor/lib:/opt/ros/humble/lib/x86_64-linux-gnu:/opt/ros/humble/lib /usr/bin/cmake --build /home/devika/robo_ws/build/moveit_task_constructor_capabilities
[11.279s] DEBUG:colcon.colcon_core.event_handler.log_command:Invoking command in '/home/devika/robo_ws/build/hello_moveit_task_constructor': CMAKE_MODULE_PATH=/home/devika/robo_ws/install/moveit_task_constructor_core/share/moveit_task_constructor_core/cmake:/home/devika/ws_moveit2/install/moveit_task_constructor_core/share/moveit_task_constructor_core/cmake:/home/devika/robo_ws/install/warehouse_ros_mongo/share/warehouse_ros_mongo/cmake CMAKE_PREFIX_PATH=/home/devika/robo_ws/install/moveit_task_constructor_core:/home/devika/robo_ws/install/rviz_marker_tools:/home/devika/robo_ws/install/moveit_task_constructor_msgs:/home/devika/ws_moveit2/install/pilz_industrial_motion_planner_testutils:/home/devika/ws_moveit2/install/moveit_runtime:/home/devika/ws_moveit2/install/moveit2_tutorials:/home/devika/ws_moveit2/install/moveit:/home/devika/ws_moveit2/install/moveit_planners:/home/devika/ws_moveit2/install/pilz_industrial_motion_planner:/home/devika/ws_moveit2/install/moveit_visual_tools:/home/devika/ws_moveit2/install/moveit_task_constructor_visualization:/home/devika/ws_moveit2/install/moveit_task_constructor_demo:/home/devika/ws_moveit2/install/moveit_task_constructor_capabilities:/home/devika/ws_moveit2/install/moveit_task_constructor_core:/home/devika/ws_moveit2/install/moveit_ros_control_interface:/home/devika/ws_moveit2/install/moveit_plugins:/home/devika/ws_moveit2/install/moveit_simple_controller_manager:/home/devika/ws_moveit2/install/moveit_setup_assistant:/home/devika/ws_moveit2/install/moveit_setup_srdf_plugins:/home/devika/ws_moveit2/install/moveit_setup_core_plugins:/home/devika/ws_moveit2/install/moveit_setup_controllers:/home/devika/ws_moveit2/install/moveit_setup_app_plugins:/home/devika/ws_moveit2/install/moveit_setup_framework:/home/devika/ws_moveit2/install/moveit_servo:/home/devika/ws_moveit2/install/moveit_ros:/home/devika/ws_moveit2/install/moveit_ros_visualization:/home/devika/ws_moveit2/install/moveit_hybrid_planning:/home/devika/ws_moveit2/install/moveit_ros_planning_interface:/home/devika/ws_moveit2/install/moveit_ros_benchmarks:/home/devika/ws_moveit2/install/moveit_ros_warehouse:/home/devika/ws_moveit2/install/moveit_ros_robot_interaction:/home/devika/ws_moveit2/install/moveit_ros_perception:/home/devika/ws_moveit2/install/moveit_resources_prbt_pg70_support:/home/devika/ws_moveit2/install/moveit_resources_prbt_moveit_config:/home/devika/ws_moveit2/install/moveit_ros_move_group:/home/devika/ws_moveit2/install/moveit_planners_ompl:/home/devika/ws_moveit2/install/moveit_ros_planning:/home/devika/ws_moveit2/install/moveit_ros_occupancy_map_monitor:/home/devika/ws_moveit2/install/moveit_resources_prbt_ikfast_manipulator_plugin:/home/devika/ws_moveit2/install/moveit_planners_chomp:/home/devika/ws_moveit2/install/moveit_kinematics:/home/devika/ws_moveit2/install/moveit_chomp_optimizer_adapter:/home/devika/ws_moveit2/install/chomp_motion_planner:/home/devika/ws_moveit2/install/moveit_core:/home/devika/ws_moveit2/install/srdfdom:/home/devika/ws_moveit2/install/rviz_marker_tools:/home/devika/ws_moveit2/install/rosparam_shortcuts:/home/devika/ws_moveit2/install/moveit_task_constructor_msgs:/home/devika/ws_moveit2/install/moveit_resources_prbt_support:/home/devika/ws_moveit2/install/moveit_resources:/home/devika/ws_moveit2/install/moveit_resources_pr2_description:/home/devika/ws_moveit2/install/moveit_resources_panda_moveit_config:/home/devika/ws_moveit2/install/moveit_resources_panda_description:/home/devika/ws_moveit2/install/moveit_resources_fanuc_moveit_config:/home/devika/ws_moveit2/install/moveit_resources_fanuc_description:/home/devika/ws_moveit2/install/moveit_common:/home/devika/robo_ws/install/urdf_humble_test_moveit_config:/home/devika/robo_ws/install/warehouse_ros_mongo:/home/devika/robo_ws/install/urdf_humble_test:/home/devika/robo_ws/install/moveit_task_constructor_visualization:/home/devika/robo_ws/install/moveit_task_constructor_demo:/home/devika/robo_ws/install/moveit_task_constructor_capabilities:/home/devika/robo_ws/install/hello_moveit_task_constructor:/home/devika/robo_ws/install/hello_moveit:/home/devika/robo_ws/install/gazebo_ros2_control:/home/devika/manga_ws/install/urdf_humble_test_moveit_config:/home/devika/manga_ws/install/urdf_humble_test:/home/devika/manga_ws/install/hello_moveit:/home/devika/some_ws/install/motoman_hc10_support:/home/devika/some_ws/install/motoman_resources:/home/devika/some_ws/install/hello_moveit:/home/devika/some_ws/install/hc20_sim_moveit_config:/home/devika/some_ws/install/hc20_moveit_config:/home/devika/some_ws/install/hc10_movit2v3:/home/devika/some_ws/install/hc10dt_moveit_config:/home/devika/ws_moveit2/install/moveit_configs_utils:/home/devika/ws_moveit2/install/launch_param_builder:/home/devika/robo_ws/install/perception_vision:/home/devika/robo_ws/install/cylinder_position_estimator:/opt/ros/humble LD_LIBRARY_PATH=/home/devika/robo_ws/install/moveit_task_constructor_core/lib:/home/devika/robo_ws/install/rviz_marker_tools/lib:/home/devika/robo_ws/install/moveit_task_constructor_msgs/lib:/home/devika/ws_moveit2/install/pilz_industrial_motion_planner_testutils/lib:/home/devika/ws_moveit2/install/pilz_industrial_motion_planner/lib:/home/devika/ws_moveit2/install/moveit_visual_tools/lib:/home/devika/ws_moveit2/install/moveit_task_constructor_visualization/lib:/home/devika/ws_moveit2/install/moveit_task_constructor_demo/lib:/home/devika/ws_moveit2/install/moveit_task_constructor_capabilities/lib:/home/devika/ws_moveit2/install/moveit_task_constructor_core/lib:/home/devika/ws_moveit2/install/moveit_ros_control_interface/lib:/home/devika/ws_moveit2/install/moveit_simple_controller_manager/lib:/home/devika/ws_moveit2/install/moveit_setup_assistant/lib:/home/devika/ws_moveit2/install/moveit_setup_srdf_plugins/lib:/home/devika/ws_moveit2/install/moveit_setup_core_plugins/lib:/home/devika/ws_moveit2/install/moveit_setup_controllers/lib:/home/devika/ws_moveit2/install/moveit_setup_app_plugins/lib:/home/devika/ws_moveit2/install/moveit_setup_framework/lib:/home/devika/ws_moveit2/install/moveit_servo/lib:/home/devika/ws_moveit2/install/moveit_ros_visualization/lib:/home/devika/ws_moveit2/install/moveit_hybrid_planning/lib:/home/devika/ws_moveit2/install/moveit_ros_planning_interface/lib:/home/devika/ws_moveit2/install/moveit_ros_benchmarks/lib:/home/devika/ws_moveit2/install/moveit_ros_warehouse/lib:/home/devika/ws_moveit2/install/moveit_ros_robot_interaction/lib:/home/devika/ws_moveit2/install/moveit_ros_perception/lib:/home/devika/ws_moveit2/install/moveit_ros_move_group/lib:/home/devika/ws_moveit2/install/moveit_planners_ompl/lib:/home/devika/ws_moveit2/install/moveit_ros_planning/lib:/home/devika/ws_moveit2/install/moveit_ros_occupancy_map_monitor/lib:/home/devika/ws_moveit2/install/moveit_resources_prbt_ikfast_manipulator_plugin/lib:/home/devika/ws_moveit2/install/moveit_planners_chomp/lib:/home/devika/ws_moveit2/install/moveit_kinematics/lib:/home/devika/ws_moveit2/install/moveit_chomp_optimizer_adapter/lib:/home/devika/ws_moveit2/install/chomp_motion_planner/lib:/home/devika/ws_moveit2/install/moveit_core/lib:/home/devika/ws_moveit2/install/srdfdom/lib:/home/devika/ws_moveit2/install/rviz_marker_tools/lib:/home/devika/ws_moveit2/install/rosparam_shortcuts/lib:/home/devika/ws_moveit2/install/moveit_task_constructor_msgs/lib:/home/devika/robo_ws/install/warehouse_ros_mongo/lib:/home/devika/robo_ws/install/moveit_task_constructor_visualization/lib:/home/devika/robo_ws/install/moveit_task_constructor_demo/lib:/home/devika/robo_ws/install/moveit_task_constructor_capabilities/lib:/home/devika/robo_ws/install/hello_moveit_task_constructor/lib:/home/devika/robo_ws/install/gazebo_ros2_control/lib:/usr/lib/x86_64-linux-gnu/gazebo-11/plugins:/opt/ros/humble/opt/rviz_ogre_vendor/lib:/opt/ros/humble/lib/x86_64-linux-gnu:/opt/ros/humble/lib /usr/bin/cmake --build /home/devika/robo_ws/build/hello_moveit_task_constructor
[11.321s] DEBUG:colcon.colcon_core.event_handler.log_command:Invoking command in '/home/devika/robo_ws/build/moveit_task_constructor_visualization': CMAKE_MODULE_PATH=/home/devika/robo_ws/install/moveit_task_constructor_core/share/moveit_task_constructor_core/cmake:/home/devika/ws_moveit2/install/moveit_task_constructor_core/share/moveit_task_constructor_core/cmake:/home/devika/robo_ws/install/warehouse_ros_mongo/share/warehouse_ros_mongo/cmake CMAKE_PREFIX_PATH=/home/devika/robo_ws/install/moveit_task_constructor_core:/home/devika/robo_ws/install/rviz_marker_tools:/home/devika/robo_ws/install/moveit_task_constructor_msgs:/home/devika/ws_moveit2/install/pilz_industrial_motion_planner_testutils:/home/devika/ws_moveit2/install/moveit_runtime:/home/devika/ws_moveit2/install/moveit2_tutorials:/home/devika/ws_moveit2/install/moveit:/home/devika/ws_moveit2/install/moveit_planners:/home/devika/ws_moveit2/install/pilz_industrial_motion_planner:/home/devika/ws_moveit2/install/moveit_visual_tools:/home/devika/ws_moveit2/install/moveit_task_constructor_visualization:/home/devika/ws_moveit2/install/moveit_task_constructor_demo:/home/devika/ws_moveit2/install/moveit_task_constructor_capabilities:/home/devika/ws_moveit2/install/moveit_task_constructor_core:/home/devika/ws_moveit2/install/moveit_ros_control_interface:/home/devika/ws_moveit2/install/moveit_plugins:/home/devika/ws_moveit2/install/moveit_simple_controller_manager:/home/devika/ws_moveit2/install/moveit_setup_assistant:/home/devika/ws_moveit2/install/moveit_setup_srdf_plugins:/home/devika/ws_moveit2/install/moveit_setup_core_plugins:/home/devika/ws_moveit2/install/moveit_setup_controllers:/home/devika/ws_moveit2/install/moveit_setup_app_plugins:/home/devika/ws_moveit2/install/moveit_setup_framework:/home/devika/ws_moveit2/install/moveit_servo:/home/devika/ws_moveit2/install/moveit_ros:/home/devika/ws_moveit2/install/moveit_ros_visualization:/home/devika/ws_moveit2/install/moveit_hybrid_planning:/home/devika/ws_moveit2/install/moveit_ros_planning_interface:/home/devika/ws_moveit2/install/moveit_ros_benchmarks:/home/devika/ws_moveit2/install/moveit_ros_warehouse:/home/devika/ws_moveit2/install/moveit_ros_robot_interaction:/home/devika/ws_moveit2/install/moveit_ros_perception:/home/devika/ws_moveit2/install/moveit_resources_prbt_pg70_support:/home/devika/ws_moveit2/install/moveit_resources_prbt_moveit_config:/home/devika/ws_moveit2/install/moveit_ros_move_group:/home/devika/ws_moveit2/install/moveit_planners_ompl:/home/devika/ws_moveit2/install/moveit_ros_planning:/home/devika/ws_moveit2/install/moveit_ros_occupancy_map_monitor:/home/devika/ws_moveit2/install/moveit_resources_prbt_ikfast_manipulator_plugin:/home/devika/ws_moveit2/install/moveit_planners_chomp:/home/devika/ws_moveit2/install/moveit_kinematics:/home/devika/ws_moveit2/install/moveit_chomp_optimizer_adapter:/home/devika/ws_moveit2/install/chomp_motion_planner:/home/devika/ws_moveit2/install/moveit_core:/home/devika/ws_moveit2/install/srdfdom:/home/devika/ws_moveit2/install/rviz_marker_tools:/home/devika/ws_moveit2/install/rosparam_shortcuts:/home/devika/ws_moveit2/install/moveit_task_constructor_msgs:/home/devika/ws_moveit2/install/moveit_resources_prbt_support:/home/devika/ws_moveit2/install/moveit_resources:/home/devika/ws_moveit2/install/moveit_resources_pr2_description:/home/devika/ws_moveit2/install/moveit_resources_panda_moveit_config:/home/devika/ws_moveit2/install/moveit_resources_panda_description:/home/devika/ws_moveit2/install/moveit_resources_fanuc_moveit_config:/home/devika/ws_moveit2/install/moveit_resources_fanuc_description:/home/devika/ws_moveit2/install/moveit_common:/home/devika/robo_ws/install/urdf_humble_test_moveit_config:/home/devika/robo_ws/install/warehouse_ros_mongo:/home/devika/robo_ws/install/urdf_humble_test:/home/devika/robo_ws/install/moveit_task_constructor_visualization:/home/devika/robo_ws/install/moveit_task_constructor_demo:/home/devika/robo_ws/install/moveit_task_constructor_capabilities:/home/devika/robo_ws/install/hello_moveit_task_constructor:/home/devika/robo_ws/install/hello_moveit:/home/devika/robo_ws/install/gazebo_ros2_control:/home/devika/manga_ws/install/urdf_humble_test_moveit_config:/home/devika/manga_ws/install/urdf_humble_test:/home/devika/manga_ws/install/hello_moveit:/home/devika/some_ws/install/motoman_hc10_support:/home/devika/some_ws/install/motoman_resources:/home/devika/some_ws/install/hello_moveit:/home/devika/some_ws/install/hc20_sim_moveit_config:/home/devika/some_ws/install/hc20_moveit_config:/home/devika/some_ws/install/hc10_movit2v3:/home/devika/some_ws/install/hc10dt_moveit_config:/home/devika/ws_moveit2/install/moveit_configs_utils:/home/devika/ws_moveit2/install/launch_param_builder:/home/devika/robo_ws/install/perception_vision:/home/devika/robo_ws/install/cylinder_position_estimator:/opt/ros/humble LD_LIBRARY_PATH=/home/devika/robo_ws/install/moveit_task_constructor_core/lib:/home/devika/robo_ws/install/rviz_marker_tools/lib:/home/devika/robo_ws/install/moveit_task_constructor_msgs/lib:/home/devika/ws_moveit2/install/pilz_industrial_motion_planner_testutils/lib:/home/devika/ws_moveit2/install/pilz_industrial_motion_planner/lib:/home/devika/ws_moveit2/install/moveit_visual_tools/lib:/home/devika/ws_moveit2/install/moveit_task_constructor_visualization/lib:/home/devika/ws_moveit2/install/moveit_task_constructor_demo/lib:/home/devika/ws_moveit2/install/moveit_task_constructor_capabilities/lib:/home/devika/ws_moveit2/install/moveit_task_constructor_core/lib:/home/devika/ws_moveit2/install/moveit_ros_control_interface/lib:/home/devika/ws_moveit2/install/moveit_simple_controller_manager/lib:/home/devika/ws_moveit2/install/moveit_setup_assistant/lib:/home/devika/ws_moveit2/install/moveit_setup_srdf_plugins/lib:/home/devika/ws_moveit2/install/moveit_setup_core_plugins/lib:/home/devika/ws_moveit2/install/moveit_setup_controllers/lib:/home/devika/ws_moveit2/install/moveit_setup_app_plugins/lib:/home/devika/ws_moveit2/install/moveit_setup_framework/lib:/home/devika/ws_moveit2/install/moveit_servo/lib:/home/devika/ws_moveit2/install/moveit_ros_visualization/lib:/home/devika/ws_moveit2/install/moveit_hybrid_planning/lib:/home/devika/ws_moveit2/install/moveit_ros_planning_interface/lib:/home/devika/ws_moveit2/install/moveit_ros_benchmarks/lib:/home/devika/ws_moveit2/install/moveit_ros_warehouse/lib:/home/devika/ws_moveit2/install/moveit_ros_robot_interaction/lib:/home/devika/ws_moveit2/install/moveit_ros_perception/lib:/home/devika/ws_moveit2/install/moveit_ros_move_group/lib:/home/devika/ws_moveit2/install/moveit_planners_ompl/lib:/home/devika/ws_moveit2/install/moveit_ros_planning/lib:/home/devika/ws_moveit2/install/moveit_ros_occupancy_map_monitor/lib:/home/devika/ws_moveit2/install/moveit_resources_prbt_ikfast_manipulator_plugin/lib:/home/devika/ws_moveit2/install/moveit_planners_chomp/lib:/home/devika/ws_moveit2/install/moveit_kinematics/lib:/home/devika/ws_moveit2/install/moveit_chomp_optimizer_adapter/lib:/home/devika/ws_moveit2/install/chomp_motion_planner/lib:/home/devika/ws_moveit2/install/moveit_core/lib:/home/devika/ws_moveit2/install/srdfdom/lib:/home/devika/ws_moveit2/install/rviz_marker_tools/lib:/home/devika/ws_moveit2/install/rosparam_shortcuts/lib:/home/devika/ws_moveit2/install/moveit_task_constructor_msgs/lib:/home/devika/robo_ws/install/warehouse_ros_mongo/lib:/home/devika/robo_ws/install/moveit_task_constructor_visualization/lib:/home/devika/robo_ws/install/moveit_task_constructor_demo/lib:/home/devika/robo_ws/install/moveit_task_constructor_capabilities/lib:/home/devika/robo_ws/install/hello_moveit_task_constructor/lib:/home/devika/robo_ws/install/gazebo_ros2_control/lib:/usr/lib/x86_64-linux-gnu/gazebo-11/plugins:/opt/ros/humble/opt/rviz_ogre_vendor/lib:/opt/ros/humble/lib/x86_64-linux-gnu:/opt/ros/humble/lib /usr/bin/cmake --build /home/devika/robo_ws/build/moveit_task_constructor_visualization
[11.677s] DEBUG:colcon.colcon_core.event_handler.log_command:Invoked command in '/home/devika/robo_ws/build/moveit_task_constructor_capabilities' returned '0': CMAKE_MODULE_PATH=/home/devika/robo_ws/install/moveit_task_constructor_core/share/moveit_task_constructor_core/cmake:/home/devika/ws_moveit2/install/moveit_task_constructor_core/share/moveit_task_constructor_core/cmake:/home/devika/robo_ws/install/warehouse_ros_mongo/share/warehouse_ros_mongo/cmake CMAKE_PREFIX_PATH=/home/devika/robo_ws/install/moveit_task_constructor_core:/home/devika/robo_ws/install/rviz_marker_tools:/home/devika/robo_ws/install/moveit_task_constructor_msgs:/home/devika/ws_moveit2/install/pilz_industrial_motion_planner_testutils:/home/devika/ws_moveit2/install/moveit_runtime:/home/devika/ws_moveit2/install/moveit2_tutorials:/home/devika/ws_moveit2/install/moveit:/home/devika/ws_moveit2/install/moveit_planners:/home/devika/ws_moveit2/install/pilz_industrial_motion_planner:/home/devika/ws_moveit2/install/moveit_visual_tools:/home/devika/ws_moveit2/install/moveit_task_constructor_visualization:/home/devika/ws_moveit2/install/moveit_task_constructor_demo:/home/devika/ws_moveit2/install/moveit_task_constructor_capabilities:/home/devika/ws_moveit2/install/moveit_task_constructor_core:/home/devika/ws_moveit2/install/moveit_ros_control_interface:/home/devika/ws_moveit2/install/moveit_plugins:/home/devika/ws_moveit2/install/moveit_simple_controller_manager:/home/devika/ws_moveit2/install/moveit_setup_assistant:/home/devika/ws_moveit2/install/moveit_setup_srdf_plugins:/home/devika/ws_moveit2/install/moveit_setup_core_plugins:/home/devika/ws_moveit2/install/moveit_setup_controllers:/home/devika/ws_moveit2/install/moveit_setup_app_plugins:/home/devika/ws_moveit2/install/moveit_setup_framework:/home/devika/ws_moveit2/install/moveit_servo:/home/devika/ws_moveit2/install/moveit_ros:/home/devika/ws_moveit2/install/moveit_ros_visualization:/home/devika/ws_moveit2/install/moveit_hybrid_planning:/home/devika/ws_moveit2/install/moveit_ros_planning_interface:/home/devika/ws_moveit2/install/moveit_ros_benchmarks:/home/devika/ws_moveit2/install/moveit_ros_warehouse:/home/devika/ws_moveit2/install/moveit_ros_robot_interaction:/home/devika/ws_moveit2/install/moveit_ros_perception:/home/devika/ws_moveit2/install/moveit_resources_prbt_pg70_support:/home/devika/ws_moveit2/install/moveit_resources_prbt_moveit_config:/home/devika/ws_moveit2/install/moveit_ros_move_group:/home/devika/ws_moveit2/install/moveit_planners_ompl:/home/devika/ws_moveit2/install/moveit_ros_planning:/home/devika/ws_moveit2/install/moveit_ros_occupancy_map_monitor:/home/devika/ws_moveit2/install/moveit_resources_prbt_ikfast_manipulator_plugin:/home/devika/ws_moveit2/install/moveit_planners_chomp:/home/devika/ws_moveit2/install/moveit_kinematics:/home/devika/ws_moveit2/install/moveit_chomp_optimizer_adapter:/home/devika/ws_moveit2/install/chomp_motion_planner:/home/devika/ws_moveit2/install/moveit_core:/home/devika/ws_moveit2/install/srdfdom:/home/devika/ws_moveit2/install/rviz_marker_tools:/home/devika/ws_moveit2/install/rosparam_shortcuts:/home/devika/ws_moveit2/install/moveit_task_constructor_msgs:/home/devika/ws_moveit2/install/moveit_resources_prbt_support:/home/devika/ws_moveit2/install/moveit_resources:/home/devika/ws_moveit2/install/moveit_resources_pr2_description:/home/devika/ws_moveit2/install/moveit_resources_panda_moveit_config:/home/devika/ws_moveit2/install/moveit_resources_panda_description:/home/devika/ws_moveit2/install/moveit_resources_fanuc_moveit_config:/home/devika/ws_moveit2/install/moveit_resources_fanuc_description:/home/devika/ws_moveit2/install/moveit_common:/home/devika/robo_ws/install/urdf_humble_test_moveit_config:/home/devika/robo_ws/install/warehouse_ros_mongo:/home/devika/robo_ws/install/urdf_humble_test:/home/devika/robo_ws/install/moveit_task_constructor_visualization:/home/devika/robo_ws/install/moveit_task_constructor_demo:/home/devika/robo_ws/install/moveit_task_constructor_capabilities:/home/devika/robo_ws/install/hello_moveit_task_constructor:/home/devika/robo_ws/install/hello_moveit:/home/devika/robo_ws/install/gazebo_ros2_control:/home/devika/manga_ws/install/urdf_humble_test_moveit_config:/home/devika/manga_ws/install/urdf_humble_test:/home/devika/manga_ws/install/hello_moveit:/home/devika/some_ws/install/motoman_hc10_support:/home/devika/some_ws/install/motoman_resources:/home/devika/some_ws/install/hello_moveit:/home/devika/some_ws/install/hc20_sim_moveit_config:/home/devika/some_ws/install/hc20_moveit_config:/home/devika/some_ws/install/hc10_movit2v3:/home/devika/some_ws/install/hc10dt_moveit_config:/home/devika/ws_moveit2/install/moveit_configs_utils:/home/devika/ws_moveit2/install/launch_param_builder:/home/devika/robo_ws/install/perception_vision:/home/devika/robo_ws/install/cylinder_position_estimator:/opt/ros/humble LD_LIBRARY_PATH=/home/devika/robo_ws/install/moveit_task_constructor_core/lib:/home/devika/robo_ws/install/rviz_marker_tools/lib:/home/devika/robo_ws/install/moveit_task_constructor_msgs/lib:/home/devika/ws_moveit2/install/pilz_industrial_motion_planner_testutils/lib:/home/devika/ws_moveit2/install/pilz_industrial_motion_planner/lib:/home/devika/ws_moveit2/install/moveit_visual_tools/lib:/home/devika/ws_moveit2/install/moveit_task_constructor_visualization/lib:/home/devika/ws_moveit2/install/moveit_task_constructor_demo/lib:/home/devika/ws_moveit2/install/moveit_task_constructor_capabilities/lib:/home/devika/ws_moveit2/install/moveit_task_constructor_core/lib:/home/devika/ws_moveit2/install/moveit_ros_control_interface/lib:/home/devika/ws_moveit2/install/moveit_simple_controller_manager/lib:/home/devika/ws_moveit2/install/moveit_setup_assistant/lib:/home/devika/ws_moveit2/install/moveit_setup_srdf_plugins/lib:/home/devika/ws_moveit2/install/moveit_setup_core_plugins/lib:/home/devika/ws_moveit2/install/moveit_setup_controllers/lib:/home/devika/ws_moveit2/install/moveit_setup_app_plugins/lib:/home/devika/ws_moveit2/install/moveit_setup_framework/lib:/home/devika/ws_moveit2/install/moveit_servo/lib:/home/devika/ws_moveit2/install/moveit_ros_visualization/lib:/home/devika/ws_moveit2/install/moveit_hybrid_planning/lib:/home/devika/ws_moveit2/install/moveit_ros_planning_interface/lib:/home/devika/ws_moveit2/install/moveit_ros_benchmarks/lib:/home/devika/ws_moveit2/install/moveit_ros_warehouse/lib:/home/devika/ws_moveit2/install/moveit_ros_robot_interaction/lib:/home/devika/ws_moveit2/install/moveit_ros_perception/lib:/home/devika/ws_moveit2/install/moveit_ros_move_group/lib:/home/devika/ws_moveit2/install/moveit_planners_ompl/lib:/home/devika/ws_moveit2/install/moveit_ros_planning/lib:/home/devika/ws_moveit2/install/moveit_ros_occupancy_map_monitor/lib:/home/devika/ws_moveit2/install/moveit_resources_prbt_ikfast_manipulator_plugin/lib:/home/devika/ws_moveit2/install/moveit_planners_chomp/lib:/home/devika/ws_moveit2/install/moveit_kinematics/lib:/home/devika/ws_moveit2/install/moveit_chomp_optimizer_adapter/lib:/home/devika/ws_moveit2/install/chomp_motion_planner/lib:/home/devika/ws_moveit2/install/moveit_core/lib:/home/devika/ws_moveit2/install/srdfdom/lib:/home/devika/ws_moveit2/install/rviz_marker_tools/lib:/home/devika/ws_moveit2/install/rosparam_shortcuts/lib:/home/devika/ws_moveit2/install/moveit_task_constructor_msgs/lib:/home/devika/robo_ws/install/warehouse_ros_mongo/lib:/home/devika/robo_ws/install/moveit_task_constructor_visualization/lib:/home/devika/robo_ws/install/moveit_task_constructor_demo/lib:/home/devika/robo_ws/install/moveit_task_constructor_capabilities/lib:/home/devika/robo_ws/install/hello_moveit_task_constructor/lib:/home/devika/robo_ws/install/gazebo_ros2_control/lib:/usr/lib/x86_64-linux-gnu/gazebo-11/plugins:/opt/ros/humble/opt/rviz_ogre_vendor/lib:/opt/ros/humble/lib/x86_64-linux-gnu:/opt/ros/humble/lib /usr/bin/cmake --build /home/devika/robo_ws/build/moveit_task_constructor_capabilities
[11.685s] DEBUG:colcon.colcon_core.event_handler.log_command:Invoking command in '/home/devika/robo_ws/build/moveit_task_constructor_capabilities': CMAKE_MODULE_PATH=/home/devika/robo_ws/install/moveit_task_constructor_core/share/moveit_task_constructor_core/cmake:/home/devika/ws_moveit2/install/moveit_task_constructor_core/share/moveit_task_constructor_core/cmake:/home/devika/robo_ws/install/warehouse_ros_mongo/share/warehouse_ros_mongo/cmake CMAKE_PREFIX_PATH=/home/devika/robo_ws/install/moveit_task_constructor_core:/home/devika/robo_ws/install/rviz_marker_tools:/home/devika/robo_ws/install/moveit_task_constructor_msgs:/home/devika/ws_moveit2/install/pilz_industrial_motion_planner_testutils:/home/devika/ws_moveit2/install/moveit_runtime:/home/devika/ws_moveit2/install/moveit2_tutorials:/home/devika/ws_moveit2/install/moveit:/home/devika/ws_moveit2/install/moveit_planners:/home/devika/ws_moveit2/install/pilz_industrial_motion_planner:/home/devika/ws_moveit2/install/moveit_visual_tools:/home/devika/ws_moveit2/install/moveit_task_constructor_visualization:/home/devika/ws_moveit2/install/moveit_task_constructor_demo:/home/devika/ws_moveit2/install/moveit_task_constructor_capabilities:/home/devika/ws_moveit2/install/moveit_task_constructor_core:/home/devika/ws_moveit2/install/moveit_ros_control_interface:/home/devika/ws_moveit2/install/moveit_plugins:/home/devika/ws_moveit2/install/moveit_simple_controller_manager:/home/devika/ws_moveit2/install/moveit_setup_assistant:/home/devika/ws_moveit2/install/moveit_setup_srdf_plugins:/home/devika/ws_moveit2/install/moveit_setup_core_plugins:/home/devika/ws_moveit2/install/moveit_setup_controllers:/home/devika/ws_moveit2/install/moveit_setup_app_plugins:/home/devika/ws_moveit2/install/moveit_setup_framework:/home/devika/ws_moveit2/install/moveit_servo:/home/devika/ws_moveit2/install/moveit_ros:/home/devika/ws_moveit2/install/moveit_ros_visualization:/home/devika/ws_moveit2/install/moveit_hybrid_planning:/home/devika/ws_moveit2/install/moveit_ros_planning_interface:/home/devika/ws_moveit2/install/moveit_ros_benchmarks:/home/devika/ws_moveit2/install/moveit_ros_warehouse:/home/devika/ws_moveit2/install/moveit_ros_robot_interaction:/home/devika/ws_moveit2/install/moveit_ros_perception:/home/devika/ws_moveit2/install/moveit_resources_prbt_pg70_support:/home/devika/ws_moveit2/install/moveit_resources_prbt_moveit_config:/home/devika/ws_moveit2/install/moveit_ros_move_group:/home/devika/ws_moveit2/install/moveit_planners_ompl:/home/devika/ws_moveit2/install/moveit_ros_planning:/home/devika/ws_moveit2/install/moveit_ros_occupancy_map_monitor:/home/devika/ws_moveit2/install/moveit_resources_prbt_ikfast_manipulator_plugin:/home/devika/ws_moveit2/install/moveit_planners_chomp:/home/devika/ws_moveit2/install/moveit_kinematics:/home/devika/ws_moveit2/install/moveit_chomp_optimizer_adapter:/home/devika/ws_moveit2/install/chomp_motion_planner:/home/devika/ws_moveit2/install/moveit_core:/home/devika/ws_moveit2/install/srdfdom:/home/devika/ws_moveit2/install/rviz_marker_tools:/home/devika/ws_moveit2/install/rosparam_shortcuts:/home/devika/ws_moveit2/install/moveit_task_constructor_msgs:/home/devika/ws_moveit2/install/moveit_resources_prbt_support:/home/devika/ws_moveit2/install/moveit_resources:/home/devika/ws_moveit2/install/moveit_resources_pr2_description:/home/devika/ws_moveit2/install/moveit_resources_panda_moveit_config:/home/devika/ws_moveit2/install/moveit_resources_panda_description:/home/devika/ws_moveit2/install/moveit_resources_fanuc_moveit_config:/home/devika/ws_moveit2/install/moveit_resources_fanuc_description:/home/devika/ws_moveit2/install/moveit_common:/home/devika/robo_ws/install/urdf_humble_test_moveit_config:/home/devika/robo_ws/install/warehouse_ros_mongo:/home/devika/robo_ws/install/urdf_humble_test:/home/devika/robo_ws/install/moveit_task_constructor_visualization:/home/devika/robo_ws/install/moveit_task_constructor_demo:/home/devika/robo_ws/install/moveit_task_constructor_capabilities:/home/devika/robo_ws/install/hello_moveit_task_constructor:/home/devika/robo_ws/install/hello_moveit:/home/devika/robo_ws/install/gazebo_ros2_control:/home/devika/manga_ws/install/urdf_humble_test_moveit_config:/home/devika/manga_ws/install/urdf_humble_test:/home/devika/manga_ws/install/hello_moveit:/home/devika/some_ws/install/motoman_hc10_support:/home/devika/some_ws/install/motoman_resources:/home/devika/some_ws/install/hello_moveit:/home/devika/some_ws/install/hc20_sim_moveit_config:/home/devika/some_ws/install/hc20_moveit_config:/home/devika/some_ws/install/hc10_movit2v3:/home/devika/some_ws/install/hc10dt_moveit_config:/home/devika/ws_moveit2/install/moveit_configs_utils:/home/devika/ws_moveit2/install/launch_param_builder:/home/devika/robo_ws/install/perception_vision:/home/devika/robo_ws/install/cylinder_position_estimator:/opt/ros/humble LD_LIBRARY_PATH=/home/devika/robo_ws/install/moveit_task_constructor_core/lib:/home/devika/robo_ws/install/rviz_marker_tools/lib:/home/devika/robo_ws/install/moveit_task_constructor_msgs/lib:/home/devika/ws_moveit2/install/pilz_industrial_motion_planner_testutils/lib:/home/devika/ws_moveit2/install/pilz_industrial_motion_planner/lib:/home/devika/ws_moveit2/install/moveit_visual_tools/lib:/home/devika/ws_moveit2/install/moveit_task_constructor_visualization/lib:/home/devika/ws_moveit2/install/moveit_task_constructor_demo/lib:/home/devika/ws_moveit2/install/moveit_task_constructor_capabilities/lib:/home/devika/ws_moveit2/install/moveit_task_constructor_core/lib:/home/devika/ws_moveit2/install/moveit_ros_control_interface/lib:/home/devika/ws_moveit2/install/moveit_simple_controller_manager/lib:/home/devika/ws_moveit2/install/moveit_setup_assistant/lib:/home/devika/ws_moveit2/install/moveit_setup_srdf_plugins/lib:/home/devika/ws_moveit2/install/moveit_setup_core_plugins/lib:/home/devika/ws_moveit2/install/moveit_setup_controllers/lib:/home/devika/ws_moveit2/install/moveit_setup_app_plugins/lib:/home/devika/ws_moveit2/install/moveit_setup_framework/lib:/home/devika/ws_moveit2/install/moveit_servo/lib:/home/devika/ws_moveit2/install/moveit_ros_visualization/lib:/home/devika/ws_moveit2/install/moveit_hybrid_planning/lib:/home/devika/ws_moveit2/install/moveit_ros_planning_interface/lib:/home/devika/ws_moveit2/install/moveit_ros_benchmarks/lib:/home/devika/ws_moveit2/install/moveit_ros_warehouse/lib:/home/devika/ws_moveit2/install/moveit_ros_robot_interaction/lib:/home/devika/ws_moveit2/install/moveit_ros_perception/lib:/home/devika/ws_moveit2/install/moveit_ros_move_group/lib:/home/devika/ws_moveit2/install/moveit_planners_ompl/lib:/home/devika/ws_moveit2/install/moveit_ros_planning/lib:/home/devika/ws_moveit2/install/moveit_ros_occupancy_map_monitor/lib:/home/devika/ws_moveit2/install/moveit_resources_prbt_ikfast_manipulator_plugin/lib:/home/devika/ws_moveit2/install/moveit_planners_chomp/lib:/home/devika/ws_moveit2/install/moveit_kinematics/lib:/home/devika/ws_moveit2/install/moveit_chomp_optimizer_adapter/lib:/home/devika/ws_moveit2/install/chomp_motion_planner/lib:/home/devika/ws_moveit2/install/moveit_core/lib:/home/devika/ws_moveit2/install/srdfdom/lib:/home/devika/ws_moveit2/install/rviz_marker_tools/lib:/home/devika/ws_moveit2/install/rosparam_shortcuts/lib:/home/devika/ws_moveit2/install/moveit_task_constructor_msgs/lib:/home/devika/robo_ws/install/warehouse_ros_mongo/lib:/home/devika/robo_ws/install/moveit_task_constructor_visualization/lib:/home/devika/robo_ws/install/moveit_task_constructor_demo/lib:/home/devika/robo_ws/install/moveit_task_constructor_capabilities/lib:/home/devika/robo_ws/install/hello_moveit_task_constructor/lib:/home/devika/robo_ws/install/gazebo_ros2_control/lib:/usr/lib/x86_64-linux-gnu/gazebo-11/plugins:/opt/ros/humble/opt/rviz_ogre_vendor/lib:/opt/ros/humble/lib/x86_64-linux-gnu:/opt/ros/humble/lib /usr/bin/cmake --install /home/devika/robo_ws/build/moveit_task_constructor_capabilities
[11.740s] Level 1:colcon.colcon_core.environment:create_environment_scripts_only(moveit_task_constructor_capabilities)
[11.741s] Level 1:colcon.colcon_core.environment:checking '/home/devika/robo_ws/install/moveit_task_constructor_capabilities' for CMake module files
[11.744s] DEBUG:colcon.colcon_core.event_handler.log_command:Invoked command in '/home/devika/robo_ws/build/moveit_task_constructor_capabilities' returned '0': CMAKE_MODULE_PATH=/home/devika/robo_ws/install/moveit_task_constructor_core/share/moveit_task_constructor_core/cmake:/home/devika/ws_moveit2/install/moveit_task_constructor_core/share/moveit_task_constructor_core/cmake:/home/devika/robo_ws/install/warehouse_ros_mongo/share/warehouse_ros_mongo/cmake CMAKE_PREFIX_PATH=/home/devika/robo_ws/install/moveit_task_constructor_core:/home/devika/robo_ws/install/rviz_marker_tools:/home/devika/robo_ws/install/moveit_task_constructor_msgs:/home/devika/ws_moveit2/install/pilz_industrial_motion_planner_testutils:/home/devika/ws_moveit2/install/moveit_runtime:/home/devika/ws_moveit2/install/moveit2_tutorials:/home/devika/ws_moveit2/install/moveit:/home/devika/ws_moveit2/install/moveit_planners:/home/devika/ws_moveit2/install/pilz_industrial_motion_planner:/home/devika/ws_moveit2/install/moveit_visual_tools:/home/devika/ws_moveit2/install/moveit_task_constructor_visualization:/home/devika/ws_moveit2/install/moveit_task_constructor_demo:/home/devika/ws_moveit2/install/moveit_task_constructor_capabilities:/home/devika/ws_moveit2/install/moveit_task_constructor_core:/home/devika/ws_moveit2/install/moveit_ros_control_interface:/home/devika/ws_moveit2/install/moveit_plugins:/home/devika/ws_moveit2/install/moveit_simple_controller_manager:/home/devika/ws_moveit2/install/moveit_setup_assistant:/home/devika/ws_moveit2/install/moveit_setup_srdf_plugins:/home/devika/ws_moveit2/install/moveit_setup_core_plugins:/home/devika/ws_moveit2/install/moveit_setup_controllers:/home/devika/ws_moveit2/install/moveit_setup_app_plugins:/home/devika/ws_moveit2/install/moveit_setup_framework:/home/devika/ws_moveit2/install/moveit_servo:/home/devika/ws_moveit2/install/moveit_ros:/home/devika/ws_moveit2/install/moveit_ros_visualization:/home/devika/ws_moveit2/install/moveit_hybrid_planning:/home/devika/ws_moveit2/install/moveit_ros_planning_interface:/home/devika/ws_moveit2/install/moveit_ros_benchmarks:/home/devika/ws_moveit2/install/moveit_ros_warehouse:/home/devika/ws_moveit2/install/moveit_ros_robot_interaction:/home/devika/ws_moveit2/install/moveit_ros_perception:/home/devika/ws_moveit2/install/moveit_resources_prbt_pg70_support:/home/devika/ws_moveit2/install/moveit_resources_prbt_moveit_config:/home/devika/ws_moveit2/install/moveit_ros_move_group:/home/devika/ws_moveit2/install/moveit_planners_ompl:/home/devika/ws_moveit2/install/moveit_ros_planning:/home/devika/ws_moveit2/install/moveit_ros_occupancy_map_monitor:/home/devika/ws_moveit2/install/moveit_resources_prbt_ikfast_manipulator_plugin:/home/devika/ws_moveit2/install/moveit_planners_chomp:/home/devika/ws_moveit2/install/moveit_kinematics:/home/devika/ws_moveit2/install/moveit_chomp_optimizer_adapter:/home/devika/ws_moveit2/install/chomp_motion_planner:/home/devika/ws_moveit2/install/moveit_core:/home/devika/ws_moveit2/install/srdfdom:/home/devika/ws_moveit2/install/rviz_marker_tools:/home/devika/ws_moveit2/install/rosparam_shortcuts:/home/devika/ws_moveit2/install/moveit_task_constructor_msgs:/home/devika/ws_moveit2/install/moveit_resources_prbt_support:/home/devika/ws_moveit2/install/moveit_resources:/home/devika/ws_moveit2/install/moveit_resources_pr2_description:/home/devika/ws_moveit2/install/moveit_resources_panda_moveit_config:/home/devika/ws_moveit2/install/moveit_resources_panda_description:/home/devika/ws_moveit2/install/moveit_resources_fanuc_moveit_config:/home/devika/ws_moveit2/install/moveit_resources_fanuc_description:/home/devika/ws_moveit2/install/moveit_common:/home/devika/robo_ws/install/urdf_humble_test_moveit_config:/home/devika/robo_ws/install/warehouse_ros_mongo:/home/devika/robo_ws/install/urdf_humble_test:/home/devika/robo_ws/install/moveit_task_constructor_visualization:/home/devika/robo_ws/install/moveit_task_constructor_demo:/home/devika/robo_ws/install/moveit_task_constructor_capabilities:/home/devika/robo_ws/install/hello_moveit_task_constructor:/home/devika/robo_ws/install/hello_moveit:/home/devika/robo_ws/install/gazebo_ros2_control:/home/devika/manga_ws/install/urdf_humble_test_moveit_config:/home/devika/manga_ws/install/urdf_humble_test:/home/devika/manga_ws/install/hello_moveit:/home/devika/some_ws/install/motoman_hc10_support:/home/devika/some_ws/install/motoman_resources:/home/devika/some_ws/install/hello_moveit:/home/devika/some_ws/install/hc20_sim_moveit_config:/home/devika/some_ws/install/hc20_moveit_config:/home/devika/some_ws/install/hc10_movit2v3:/home/devika/some_ws/install/hc10dt_moveit_config:/home/devika/ws_moveit2/install/moveit_configs_utils:/home/devika/ws_moveit2/install/launch_param_builder:/home/devika/robo_ws/install/perception_vision:/home/devika/robo_ws/install/cylinder_position_estimator:/opt/ros/humble LD_LIBRARY_PATH=/home/devika/robo_ws/install/moveit_task_constructor_core/lib:/home/devika/robo_ws/install/rviz_marker_tools/lib:/home/devika/robo_ws/install/moveit_task_constructor_msgs/lib:/home/devika/ws_moveit2/install/pilz_industrial_motion_planner_testutils/lib:/home/devika/ws_moveit2/install/pilz_industrial_motion_planner/lib:/home/devika/ws_moveit2/install/moveit_visual_tools/lib:/home/devika/ws_moveit2/install/moveit_task_constructor_visualization/lib:/home/devika/ws_moveit2/install/moveit_task_constructor_demo/lib:/home/devika/ws_moveit2/install/moveit_task_constructor_capabilities/lib:/home/devika/ws_moveit2/install/moveit_task_constructor_core/lib:/home/devika/ws_moveit2/install/moveit_ros_control_interface/lib:/home/devika/ws_moveit2/install/moveit_simple_controller_manager/lib:/home/devika/ws_moveit2/install/moveit_setup_assistant/lib:/home/devika/ws_moveit2/install/moveit_setup_srdf_plugins/lib:/home/devika/ws_moveit2/install/moveit_setup_core_plugins/lib:/home/devika/ws_moveit2/install/moveit_setup_controllers/lib:/home/devika/ws_moveit2/install/moveit_setup_app_plugins/lib:/home/devika/ws_moveit2/install/moveit_setup_framework/lib:/home/devika/ws_moveit2/install/moveit_servo/lib:/home/devika/ws_moveit2/install/moveit_ros_visualization/lib:/home/devika/ws_moveit2/install/moveit_hybrid_planning/lib:/home/devika/ws_moveit2/install/moveit_ros_planning_interface/lib:/home/devika/ws_moveit2/install/moveit_ros_benchmarks/lib:/home/devika/ws_moveit2/install/moveit_ros_warehouse/lib:/home/devika/ws_moveit2/install/moveit_ros_robot_interaction/lib:/home/devika/ws_moveit2/install/moveit_ros_perception/lib:/home/devika/ws_moveit2/install/moveit_ros_move_group/lib:/home/devika/ws_moveit2/install/moveit_planners_ompl/lib:/home/devika/ws_moveit2/install/moveit_ros_planning/lib:/home/devika/ws_moveit2/install/moveit_ros_occupancy_map_monitor/lib:/home/devika/ws_moveit2/install/moveit_resources_prbt_ikfast_manipulator_plugin/lib:/home/devika/ws_moveit2/install/moveit_planners_chomp/lib:/home/devika/ws_moveit2/install/moveit_kinematics/lib:/home/devika/ws_moveit2/install/moveit_chomp_optimizer_adapter/lib:/home/devika/ws_moveit2/install/chomp_motion_planner/lib:/home/devika/ws_moveit2/install/moveit_core/lib:/home/devika/ws_moveit2/install/srdfdom/lib:/home/devika/ws_moveit2/install/rviz_marker_tools/lib:/home/devika/ws_moveit2/install/rosparam_shortcuts/lib:/home/devika/ws_moveit2/install/moveit_task_constructor_msgs/lib:/home/devika/robo_ws/install/warehouse_ros_mongo/lib:/home/devika/robo_ws/install/moveit_task_constructor_visualization/lib:/home/devika/robo_ws/install/moveit_task_constructor_demo/lib:/home/devika/robo_ws/install/moveit_task_constructor_capabilities/lib:/home/devika/robo_ws/install/hello_moveit_task_constructor/lib:/home/devika/robo_ws/install/gazebo_ros2_control/lib:/usr/lib/x86_64-linux-gnu/gazebo-11/plugins:/opt/ros/humble/opt/rviz_ogre_vendor/lib:/opt/ros/humble/lib/x86_64-linux-gnu:/opt/ros/humble/lib /usr/bin/cmake --install /home/devika/robo_ws/build/moveit_task_constructor_capabilities
[11.746s] Level 1:colcon.colcon_core.environment:checking '/home/devika/robo_ws/install/moveit_task_constructor_capabilities' for CMake config files
[11.750s] Level 1:colcon.colcon_core.shell:create_environment_hook('moveit_task_constructor_capabilities', 'cmake_prefix_path')
[11.751s] INFO:colcon.colcon_core.shell:Creating environment hook '/home/devika/robo_ws/install/moveit_task_constructor_capabilities/share/moveit_task_constructor_capabilities/hook/cmake_prefix_path.ps1'
[11.754s] INFO:colcon.colcon_core.shell:Creating environment descriptor '/home/devika/robo_ws/install/moveit_task_constructor_capabilities/share/moveit_task_constructor_capabilities/hook/cmake_prefix_path.dsv'
[11.756s] INFO:colcon.colcon_core.shell:Creating environment hook '/home/devika/robo_ws/install/moveit_task_constructor_capabilities/share/moveit_task_constructor_capabilities/hook/cmake_prefix_path.sh'
[11.758s] Level 1:colcon.colcon_core.environment:checking '/home/devika/robo_ws/install/moveit_task_constructor_capabilities/lib'
[11.759s] Level 1:colcon.colcon_core.shell:create_environment_hook('moveit_task_constructor_capabilities', 'ld_library_path_lib')
[11.760s] INFO:colcon.colcon_core.shell:Creating environment hook '/home/devika/robo_ws/install/moveit_task_constructor_capabilities/share/moveit_task_constructor_capabilities/hook/ld_library_path_lib.ps1'
[11.762s] INFO:colcon.colcon_core.shell:Creating environment descriptor '/home/devika/robo_ws/install/moveit_task_constructor_capabilities/share/moveit_task_constructor_capabilities/hook/ld_library_path_lib.dsv'
[11.766s] INFO:colcon.colcon_core.shell:Creating environment hook '/home/devika/robo_ws/install/moveit_task_constructor_capabilities/share/moveit_task_constructor_capabilities/hook/ld_library_path_lib.sh'
[11.767s] Level 1:colcon.colcon_core.environment:checking '/home/devika/robo_ws/install/moveit_task_constructor_capabilities/bin'
[11.767s] Level 1:colcon.colcon_core.environment:checking '/home/devika/robo_ws/install/moveit_task_constructor_capabilities/lib/pkgconfig/moveit_task_constructor_capabilities.pc'
[11.768s] Level 1:colcon.colcon_core.environment:checking '/home/devika/robo_ws/install/moveit_task_constructor_capabilities/lib/python3.10/site-packages'
[11.769s] Level 1:colcon.colcon_core.environment:checking '/home/devika/robo_ws/install/moveit_task_constructor_capabilities/bin'
[11.770s] INFO:colcon.colcon_core.shell:Creating package script '/home/devika/robo_ws/install/moveit_task_constructor_capabilities/share/moveit_task_constructor_capabilities/package.ps1'
[11.774s] INFO:colcon.colcon_core.shell:Creating package descriptor '/home/devika/robo_ws/install/moveit_task_constructor_capabilities/share/moveit_task_constructor_capabilities/package.dsv'
[11.775s] INFO:colcon.colcon_core.shell:Creating package script '/home/devika/robo_ws/install/moveit_task_constructor_capabilities/share/moveit_task_constructor_capabilities/package.sh'
[11.777s] INFO:colcon.colcon_core.shell:Creating package script '/home/devika/robo_ws/install/moveit_task_constructor_capabilities/share/moveit_task_constructor_capabilities/package.bash'
[11.779s] INFO:colcon.colcon_core.shell:Creating package script '/home/devika/robo_ws/install/moveit_task_constructor_capabilities/share/moveit_task_constructor_capabilities/package.zsh'
[11.780s] Level 1:colcon.colcon_core.environment:create_file_with_runtime_dependencies(/home/devika/robo_ws/install/moveit_task_constructor_capabilities/share/colcon-core/packages/moveit_task_constructor_capabilities)
[11.783s] Level 1:colcon.colcon_core.environment:create_environment_scripts_only(moveit_task_constructor_capabilities)
[11.785s] Level 1:colcon.colcon_core.environment:checking '/home/devika/robo_ws/install/moveit_task_constructor_capabilities' for CMake module files
[11.786s] Level 1:colcon.colcon_core.environment:checking '/home/devika/robo_ws/install/moveit_task_constructor_capabilities' for CMake config files
[11.787s] Level 1:colcon.colcon_core.shell:create_environment_hook('moveit_task_constructor_capabilities', 'cmake_prefix_path')
[11.787s] INFO:colcon.colcon_core.shell:Creating environment hook '/home/devika/robo_ws/install/moveit_task_constructor_capabilities/share/moveit_task_constructor_capabilities/hook/cmake_prefix_path.ps1'
[11.790s] INFO:colcon.colcon_core.shell:Creating environment descriptor '/home/devika/robo_ws/install/moveit_task_constructor_capabilities/share/moveit_task_constructor_capabilities/hook/cmake_prefix_path.dsv'
[11.792s] INFO:colcon.colcon_core.shell:Creating environment hook '/home/devika/robo_ws/install/moveit_task_constructor_capabilities/share/moveit_task_constructor_capabilities/hook/cmake_prefix_path.sh'
[11.795s] Level 1:colcon.colcon_core.environment:checking '/home/devika/robo_ws/install/moveit_task_constructor_capabilities/lib'
[11.795s] Level 1:colcon.colcon_core.shell:create_environment_hook('moveit_task_constructor_capabilities', 'ld_library_path_lib')
[11.796s] INFO:colcon.colcon_core.shell:Creating environment hook '/home/devika/robo_ws/install/moveit_task_constructor_capabilities/share/moveit_task_constructor_capabilities/hook/ld_library_path_lib.ps1'
[11.797s] INFO:colcon.colcon_core.shell:Creating environment descriptor '/home/devika/robo_ws/install/moveit_task_constructor_capabilities/share/moveit_task_constructor_capabilities/hook/ld_library_path_lib.dsv'
[11.799s] INFO:colcon.colcon_core.shell:Creating environment hook '/home/devika/robo_ws/install/moveit_task_constructor_capabilities/share/moveit_task_constructor_capabilities/hook/ld_library_path_lib.sh'
[11.801s] Level 1:colcon.colcon_core.environment:checking '/home/devika/robo_ws/install/moveit_task_constructor_capabilities/bin'
[11.801s] Level 1:colcon.colcon_core.environment:checking '/home/devika/robo_ws/install/moveit_task_constructor_capabilities/lib/pkgconfig/moveit_task_constructor_capabilities.pc'
[11.802s] Level 1:colcon.colcon_core.environment:checking '/home/devika/robo_ws/install/moveit_task_constructor_capabilities/lib/python3.10/site-packages'
[11.802s] Level 1:colcon.colcon_core.environment:checking '/home/devika/robo_ws/install/moveit_task_constructor_capabilities/bin'
[11.806s] INFO:colcon.colcon_core.shell:Creating package script '/home/devika/robo_ws/install/moveit_task_constructor_capabilities/share/moveit_task_constructor_capabilities/package.ps1'
[11.810s] INFO:colcon.colcon_core.shell:Creating package descriptor '/home/devika/robo_ws/install/moveit_task_constructor_capabilities/share/moveit_task_constructor_capabilities/package.dsv'
[11.812s] INFO:colcon.colcon_core.shell:Creating package script '/home/devika/robo_ws/install/moveit_task_constructor_capabilities/share/moveit_task_constructor_capabilities/package.sh'
[11.814s] INFO:colcon.colcon_core.shell:Creating package script '/home/devika/robo_ws/install/moveit_task_constructor_capabilities/share/moveit_task_constructor_capabilities/package.bash'
[11.816s] INFO:colcon.colcon_core.shell:Creating package script '/home/devika/robo_ws/install/moveit_task_constructor_capabilities/share/moveit_task_constructor_capabilities/package.zsh'
[11.818s] Level 1:colcon.colcon_core.environment:create_file_with_runtime_dependencies(/home/devika/robo_ws/install/moveit_task_constructor_capabilities/share/colcon-core/packages/moveit_task_constructor_capabilities)
[11.820s] INFO:colcon.colcon_ros.task.ament_cmake.build:Building ROS package in '/home/devika/robo_ws/src/moveit_task_constructor/demo' with build type 'ament_cmake'
[11.821s] INFO:colcon.colcon_cmake.task.cmake.build:Building CMake package in '/home/devika/robo_ws/src/moveit_task_constructor/demo'
[11.822s] INFO:colcon.colcon_core.shell:Skip shell extension 'powershell' for command environment: Not usable outside of PowerShell
[11.825s] DEBUG:colcon.colcon_core.shell:Skip shell extension 'dsv' for command environment
[11.998s] DEBUG:colcon.colcon_core.event_handler.log_command:Invoking command in '/home/devika/robo_ws/build/moveit_task_constructor_demo': CMAKE_MODULE_PATH=/home/devika/robo_ws/install/moveit_task_constructor_core/share/moveit_task_constructor_core/cmake:/home/devika/ws_moveit2/install/moveit_task_constructor_core/share/moveit_task_constructor_core/cmake:/home/devika/robo_ws/install/warehouse_ros_mongo/share/warehouse_ros_mongo/cmake CMAKE_PREFIX_PATH=/home/devika/robo_ws/install/moveit_task_constructor_capabilities:/home/devika/robo_ws/install/moveit_task_constructor_core:/home/devika/robo_ws/install/rviz_marker_tools:/home/devika/robo_ws/install/moveit_task_constructor_msgs:/home/devika/ws_moveit2/install/pilz_industrial_motion_planner_testutils:/home/devika/ws_moveit2/install/moveit_runtime:/home/devika/ws_moveit2/install/moveit2_tutorials:/home/devika/ws_moveit2/install/moveit:/home/devika/ws_moveit2/install/moveit_planners:/home/devika/ws_moveit2/install/pilz_industrial_motion_planner:/home/devika/ws_moveit2/install/moveit_visual_tools:/home/devika/ws_moveit2/install/moveit_task_constructor_visualization:/home/devika/ws_moveit2/install/moveit_task_constructor_demo:/home/devika/ws_moveit2/install/moveit_task_constructor_capabilities:/home/devika/ws_moveit2/install/moveit_task_constructor_core:/home/devika/ws_moveit2/install/moveit_ros_control_interface:/home/devika/ws_moveit2/install/moveit_plugins:/home/devika/ws_moveit2/install/moveit_simple_controller_manager:/home/devika/ws_moveit2/install/moveit_setup_assistant:/home/devika/ws_moveit2/install/moveit_setup_srdf_plugins:/home/devika/ws_moveit2/install/moveit_setup_core_plugins:/home/devika/ws_moveit2/install/moveit_setup_controllers:/home/devika/ws_moveit2/install/moveit_setup_app_plugins:/home/devika/ws_moveit2/install/moveit_setup_framework:/home/devika/ws_moveit2/install/moveit_servo:/home/devika/ws_moveit2/install/moveit_ros:/home/devika/ws_moveit2/install/moveit_ros_visualization:/home/devika/ws_moveit2/install/moveit_hybrid_planning:/home/devika/ws_moveit2/install/moveit_ros_planning_interface:/home/devika/ws_moveit2/install/moveit_ros_benchmarks:/home/devika/ws_moveit2/install/moveit_ros_warehouse:/home/devika/ws_moveit2/install/moveit_ros_robot_interaction:/home/devika/ws_moveit2/install/moveit_ros_perception:/home/devika/ws_moveit2/install/moveit_resources_prbt_pg70_support:/home/devika/ws_moveit2/install/moveit_resources_prbt_moveit_config:/home/devika/ws_moveit2/install/moveit_ros_move_group:/home/devika/ws_moveit2/install/moveit_planners_ompl:/home/devika/ws_moveit2/install/moveit_ros_planning:/home/devika/ws_moveit2/install/moveit_ros_occupancy_map_monitor:/home/devika/ws_moveit2/install/moveit_resources_prbt_ikfast_manipulator_plugin:/home/devika/ws_moveit2/install/moveit_planners_chomp:/home/devika/ws_moveit2/install/moveit_kinematics:/home/devika/ws_moveit2/install/moveit_chomp_optimizer_adapter:/home/devika/ws_moveit2/install/chomp_motion_planner:/home/devika/ws_moveit2/install/moveit_core:/home/devika/ws_moveit2/install/srdfdom:/home/devika/ws_moveit2/install/rviz_marker_tools:/home/devika/ws_moveit2/install/rosparam_shortcuts:/home/devika/ws_moveit2/install/moveit_task_constructor_msgs:/home/devika/ws_moveit2/install/moveit_resources_prbt_support:/home/devika/ws_moveit2/install/moveit_resources:/home/devika/ws_moveit2/install/moveit_resources_pr2_description:/home/devika/ws_moveit2/install/moveit_resources_panda_moveit_config:/home/devika/ws_moveit2/install/moveit_resources_panda_description:/home/devika/ws_moveit2/install/moveit_resources_fanuc_moveit_config:/home/devika/ws_moveit2/install/moveit_resources_fanuc_description:/home/devika/ws_moveit2/install/moveit_common:/home/devika/robo_ws/install/urdf_humble_test_moveit_config:/home/devika/robo_ws/install/warehouse_ros_mongo:/home/devika/robo_ws/install/urdf_humble_test:/home/devika/robo_ws/install/moveit_task_constructor_visualization:/home/devika/robo_ws/install/moveit_task_constructor_demo:/home/devika/robo_ws/install/hello_moveit_task_constructor:/home/devika/robo_ws/install/hello_moveit:/home/devika/robo_ws/install/gazebo_ros2_control:/home/devika/manga_ws/install/urdf_humble_test_moveit_config:/home/devika/manga_ws/install/urdf_humble_test:/home/devika/manga_ws/install/hello_moveit:/home/devika/some_ws/install/motoman_hc10_support:/home/devika/some_ws/install/motoman_resources:/home/devika/some_ws/install/hello_moveit:/home/devika/some_ws/install/hc20_sim_moveit_config:/home/devika/some_ws/install/hc20_moveit_config:/home/devika/some_ws/install/hc10_movit2v3:/home/devika/some_ws/install/hc10dt_moveit_config:/home/devika/ws_moveit2/install/moveit_configs_utils:/home/devika/ws_moveit2/install/launch_param_builder:/home/devika/robo_ws/install/perception_vision:/home/devika/robo_ws/install/cylinder_position_estimator:/opt/ros/humble LD_LIBRARY_PATH=/home/devika/robo_ws/install/moveit_task_constructor_capabilities/lib:/home/devika/robo_ws/install/moveit_task_constructor_core/lib:/home/devika/robo_ws/install/rviz_marker_tools/lib:/home/devika/robo_ws/install/moveit_task_constructor_msgs/lib:/home/devika/ws_moveit2/install/pilz_industrial_motion_planner_testutils/lib:/home/devika/ws_moveit2/install/pilz_industrial_motion_planner/lib:/home/devika/ws_moveit2/install/moveit_visual_tools/lib:/home/devika/ws_moveit2/install/moveit_task_constructor_visualization/lib:/home/devika/ws_moveit2/install/moveit_task_constructor_demo/lib:/home/devika/ws_moveit2/install/moveit_task_constructor_capabilities/lib:/home/devika/ws_moveit2/install/moveit_task_constructor_core/lib:/home/devika/ws_moveit2/install/moveit_ros_control_interface/lib:/home/devika/ws_moveit2/install/moveit_simple_controller_manager/lib:/home/devika/ws_moveit2/install/moveit_setup_assistant/lib:/home/devika/ws_moveit2/install/moveit_setup_srdf_plugins/lib:/home/devika/ws_moveit2/install/moveit_setup_core_plugins/lib:/home/devika/ws_moveit2/install/moveit_setup_controllers/lib:/home/devika/ws_moveit2/install/moveit_setup_app_plugins/lib:/home/devika/ws_moveit2/install/moveit_setup_framework/lib:/home/devika/ws_moveit2/install/moveit_servo/lib:/home/devika/ws_moveit2/install/moveit_ros_visualization/lib:/home/devika/ws_moveit2/install/moveit_hybrid_planning/lib:/home/devika/ws_moveit2/install/moveit_ros_planning_interface/lib:/home/devika/ws_moveit2/install/moveit_ros_benchmarks/lib:/home/devika/ws_moveit2/install/moveit_ros_warehouse/lib:/home/devika/ws_moveit2/install/moveit_ros_robot_interaction/lib:/home/devika/ws_moveit2/install/moveit_ros_perception/lib:/home/devika/ws_moveit2/install/moveit_ros_move_group/lib:/home/devika/ws_moveit2/install/moveit_planners_ompl/lib:/home/devika/ws_moveit2/install/moveit_ros_planning/lib:/home/devika/ws_moveit2/install/moveit_ros_occupancy_map_monitor/lib:/home/devika/ws_moveit2/install/moveit_resources_prbt_ikfast_manipulator_plugin/lib:/home/devika/ws_moveit2/install/moveit_planners_chomp/lib:/home/devika/ws_moveit2/install/moveit_kinematics/lib:/home/devika/ws_moveit2/install/moveit_chomp_optimizer_adapter/lib:/home/devika/ws_moveit2/install/chomp_motion_planner/lib:/home/devika/ws_moveit2/install/moveit_core/lib:/home/devika/ws_moveit2/install/srdfdom/lib:/home/devika/ws_moveit2/install/rviz_marker_tools/lib:/home/devika/ws_moveit2/install/rosparam_shortcuts/lib:/home/devika/ws_moveit2/install/moveit_task_constructor_msgs/lib:/home/devika/robo_ws/install/warehouse_ros_mongo/lib:/home/devika/robo_ws/install/moveit_task_constructor_visualization/lib:/home/devika/robo_ws/install/moveit_task_constructor_demo/lib:/home/devika/robo_ws/install/hello_moveit_task_constructor/lib:/home/devika/robo_ws/install/gazebo_ros2_control/lib:/usr/lib/x86_64-linux-gnu/gazebo-11/plugins:/opt/ros/humble/opt/rviz_ogre_vendor/lib:/opt/ros/humble/lib/x86_64-linux-gnu:/opt/ros/humble/lib /usr/bin/cmake --build /home/devika/robo_ws/build/moveit_task_constructor_demo
[13.166s] DEBUG:colcon.colcon_core.event_handler.log_command:Invoked command in '/home/devika/robo_ws/build/hello_moveit_task_constructor' returned '0': CMAKE_MODULE_PATH=/home/devika/robo_ws/install/moveit_task_constructor_core/share/moveit_task_constructor_core/cmake:/home/devika/ws_moveit2/install/moveit_task_constructor_core/share/moveit_task_constructor_core/cmake:/home/devika/robo_ws/install/warehouse_ros_mongo/share/warehouse_ros_mongo/cmake CMAKE_PREFIX_PATH=/home/devika/robo_ws/install/moveit_task_constructor_core:/home/devika/robo_ws/install/rviz_marker_tools:/home/devika/robo_ws/install/moveit_task_constructor_msgs:/home/devika/ws_moveit2/install/pilz_industrial_motion_planner_testutils:/home/devika/ws_moveit2/install/moveit_runtime:/home/devika/ws_moveit2/install/moveit2_tutorials:/home/devika/ws_moveit2/install/moveit:/home/devika/ws_moveit2/install/moveit_planners:/home/devika/ws_moveit2/install/pilz_industrial_motion_planner:/home/devika/ws_moveit2/install/moveit_visual_tools:/home/devika/ws_moveit2/install/moveit_task_constructor_visualization:/home/devika/ws_moveit2/install/moveit_task_constructor_demo:/home/devika/ws_moveit2/install/moveit_task_constructor_capabilities:/home/devika/ws_moveit2/install/moveit_task_constructor_core:/home/devika/ws_moveit2/install/moveit_ros_control_interface:/home/devika/ws_moveit2/install/moveit_plugins:/home/devika/ws_moveit2/install/moveit_simple_controller_manager:/home/devika/ws_moveit2/install/moveit_setup_assistant:/home/devika/ws_moveit2/install/moveit_setup_srdf_plugins:/home/devika/ws_moveit2/install/moveit_setup_core_plugins:/home/devika/ws_moveit2/install/moveit_setup_controllers:/home/devika/ws_moveit2/install/moveit_setup_app_plugins:/home/devika/ws_moveit2/install/moveit_setup_framework:/home/devika/ws_moveit2/install/moveit_servo:/home/devika/ws_moveit2/install/moveit_ros:/home/devika/ws_moveit2/install/moveit_ros_visualization:/home/devika/ws_moveit2/install/moveit_hybrid_planning:/home/devika/ws_moveit2/install/moveit_ros_planning_interface:/home/devika/ws_moveit2/install/moveit_ros_benchmarks:/home/devika/ws_moveit2/install/moveit_ros_warehouse:/home/devika/ws_moveit2/install/moveit_ros_robot_interaction:/home/devika/ws_moveit2/install/moveit_ros_perception:/home/devika/ws_moveit2/install/moveit_resources_prbt_pg70_support:/home/devika/ws_moveit2/install/moveit_resources_prbt_moveit_config:/home/devika/ws_moveit2/install/moveit_ros_move_group:/home/devika/ws_moveit2/install/moveit_planners_ompl:/home/devika/ws_moveit2/install/moveit_ros_planning:/home/devika/ws_moveit2/install/moveit_ros_occupancy_map_monitor:/home/devika/ws_moveit2/install/moveit_resources_prbt_ikfast_manipulator_plugin:/home/devika/ws_moveit2/install/moveit_planners_chomp:/home/devika/ws_moveit2/install/moveit_kinematics:/home/devika/ws_moveit2/install/moveit_chomp_optimizer_adapter:/home/devika/ws_moveit2/install/chomp_motion_planner:/home/devika/ws_moveit2/install/moveit_core:/home/devika/ws_moveit2/install/srdfdom:/home/devika/ws_moveit2/install/rviz_marker_tools:/home/devika/ws_moveit2/install/rosparam_shortcuts:/home/devika/ws_moveit2/install/moveit_task_constructor_msgs:/home/devika/ws_moveit2/install/moveit_resources_prbt_support:/home/devika/ws_moveit2/install/moveit_resources:/home/devika/ws_moveit2/install/moveit_resources_pr2_description:/home/devika/ws_moveit2/install/moveit_resources_panda_moveit_config:/home/devika/ws_moveit2/install/moveit_resources_panda_description:/home/devika/ws_moveit2/install/moveit_resources_fanuc_moveit_config:/home/devika/ws_moveit2/install/moveit_resources_fanuc_description:/home/devika/ws_moveit2/install/moveit_common:/home/devika/robo_ws/install/urdf_humble_test_moveit_config:/home/devika/robo_ws/install/warehouse_ros_mongo:/home/devika/robo_ws/install/urdf_humble_test:/home/devika/robo_ws/install/moveit_task_constructor_visualization:/home/devika/robo_ws/install/moveit_task_constructor_demo:/home/devika/robo_ws/install/moveit_task_constructor_capabilities:/home/devika/robo_ws/install/hello_moveit_task_constructor:/home/devika/robo_ws/install/hello_moveit:/home/devika/robo_ws/install/gazebo_ros2_control:/home/devika/manga_ws/install/urdf_humble_test_moveit_config:/home/devika/manga_ws/install/urdf_humble_test:/home/devika/manga_ws/install/hello_moveit:/home/devika/some_ws/install/motoman_hc10_support:/home/devika/some_ws/install/motoman_resources:/home/devika/some_ws/install/hello_moveit:/home/devika/some_ws/install/hc20_sim_moveit_config:/home/devika/some_ws/install/hc20_moveit_config:/home/devika/some_ws/install/hc10_movit2v3:/home/devika/some_ws/install/hc10dt_moveit_config:/home/devika/ws_moveit2/install/moveit_configs_utils:/home/devika/ws_moveit2/install/launch_param_builder:/home/devika/robo_ws/install/perception_vision:/home/devika/robo_ws/install/cylinder_position_estimator:/opt/ros/humble LD_LIBRARY_PATH=/home/devika/robo_ws/install/moveit_task_constructor_core/lib:/home/devika/robo_ws/install/rviz_marker_tools/lib:/home/devika/robo_ws/install/moveit_task_constructor_msgs/lib:/home/devika/ws_moveit2/install/pilz_industrial_motion_planner_testutils/lib:/home/devika/ws_moveit2/install/pilz_industrial_motion_planner/lib:/home/devika/ws_moveit2/install/moveit_visual_tools/lib:/home/devika/ws_moveit2/install/moveit_task_constructor_visualization/lib:/home/devika/ws_moveit2/install/moveit_task_constructor_demo/lib:/home/devika/ws_moveit2/install/moveit_task_constructor_capabilities/lib:/home/devika/ws_moveit2/install/moveit_task_constructor_core/lib:/home/devika/ws_moveit2/install/moveit_ros_control_interface/lib:/home/devika/ws_moveit2/install/moveit_simple_controller_manager/lib:/home/devika/ws_moveit2/install/moveit_setup_assistant/lib:/home/devika/ws_moveit2/install/moveit_setup_srdf_plugins/lib:/home/devika/ws_moveit2/install/moveit_setup_core_plugins/lib:/home/devika/ws_moveit2/install/moveit_setup_controllers/lib:/home/devika/ws_moveit2/install/moveit_setup_app_plugins/lib:/home/devika/ws_moveit2/install/moveit_setup_framework/lib:/home/devika/ws_moveit2/install/moveit_servo/lib:/home/devika/ws_moveit2/install/moveit_ros_visualization/lib:/home/devika/ws_moveit2/install/moveit_hybrid_planning/lib:/home/devika/ws_moveit2/install/moveit_ros_planning_interface/lib:/home/devika/ws_moveit2/install/moveit_ros_benchmarks/lib:/home/devika/ws_moveit2/install/moveit_ros_warehouse/lib:/home/devika/ws_moveit2/install/moveit_ros_robot_interaction/lib:/home/devika/ws_moveit2/install/moveit_ros_perception/lib:/home/devika/ws_moveit2/install/moveit_ros_move_group/lib:/home/devika/ws_moveit2/install/moveit_planners_ompl/lib:/home/devika/ws_moveit2/install/moveit_ros_planning/lib:/home/devika/ws_moveit2/install/moveit_ros_occupancy_map_monitor/lib:/home/devika/ws_moveit2/install/moveit_resources_prbt_ikfast_manipulator_plugin/lib:/home/devika/ws_moveit2/install/moveit_planners_chomp/lib:/home/devika/ws_moveit2/install/moveit_kinematics/lib:/home/devika/ws_moveit2/install/moveit_chomp_optimizer_adapter/lib:/home/devika/ws_moveit2/install/chomp_motion_planner/lib:/home/devika/ws_moveit2/install/moveit_core/lib:/home/devika/ws_moveit2/install/srdfdom/lib:/home/devika/ws_moveit2/install/rviz_marker_tools/lib:/home/devika/ws_moveit2/install/rosparam_shortcuts/lib:/home/devika/ws_moveit2/install/moveit_task_constructor_msgs/lib:/home/devika/robo_ws/install/warehouse_ros_mongo/lib:/home/devika/robo_ws/install/moveit_task_constructor_visualization/lib:/home/devika/robo_ws/install/moveit_task_constructor_demo/lib:/home/devika/robo_ws/install/moveit_task_constructor_capabilities/lib:/home/devika/robo_ws/install/hello_moveit_task_constructor/lib:/home/devika/robo_ws/install/gazebo_ros2_control/lib:/usr/lib/x86_64-linux-gnu/gazebo-11/plugins:/opt/ros/humble/opt/rviz_ogre_vendor/lib:/opt/ros/humble/lib/x86_64-linux-gnu:/opt/ros/humble/lib /usr/bin/cmake --build /home/devika/robo_ws/build/hello_moveit_task_constructor
[13.177s] DEBUG:colcon.colcon_core.event_handler.log_command:Invoking command in '/home/devika/robo_ws/build/hello_moveit_task_constructor': CMAKE_MODULE_PATH=/home/devika/robo_ws/install/moveit_task_constructor_core/share/moveit_task_constructor_core/cmake:/home/devika/ws_moveit2/install/moveit_task_constructor_core/share/moveit_task_constructor_core/cmake:/home/devika/robo_ws/install/warehouse_ros_mongo/share/warehouse_ros_mongo/cmake CMAKE_PREFIX_PATH=/home/devika/robo_ws/install/moveit_task_constructor_core:/home/devika/robo_ws/install/rviz_marker_tools:/home/devika/robo_ws/install/moveit_task_constructor_msgs:/home/devika/ws_moveit2/install/pilz_industrial_motion_planner_testutils:/home/devika/ws_moveit2/install/moveit_runtime:/home/devika/ws_moveit2/install/moveit2_tutorials:/home/devika/ws_moveit2/install/moveit:/home/devika/ws_moveit2/install/moveit_planners:/home/devika/ws_moveit2/install/pilz_industrial_motion_planner:/home/devika/ws_moveit2/install/moveit_visual_tools:/home/devika/ws_moveit2/install/moveit_task_constructor_visualization:/home/devika/ws_moveit2/install/moveit_task_constructor_demo:/home/devika/ws_moveit2/install/moveit_task_constructor_capabilities:/home/devika/ws_moveit2/install/moveit_task_constructor_core:/home/devika/ws_moveit2/install/moveit_ros_control_interface:/home/devika/ws_moveit2/install/moveit_plugins:/home/devika/ws_moveit2/install/moveit_simple_controller_manager:/home/devika/ws_moveit2/install/moveit_setup_assistant:/home/devika/ws_moveit2/install/moveit_setup_srdf_plugins:/home/devika/ws_moveit2/install/moveit_setup_core_plugins:/home/devika/ws_moveit2/install/moveit_setup_controllers:/home/devika/ws_moveit2/install/moveit_setup_app_plugins:/home/devika/ws_moveit2/install/moveit_setup_framework:/home/devika/ws_moveit2/install/moveit_servo:/home/devika/ws_moveit2/install/moveit_ros:/home/devika/ws_moveit2/install/moveit_ros_visualization:/home/devika/ws_moveit2/install/moveit_hybrid_planning:/home/devika/ws_moveit2/install/moveit_ros_planning_interface:/home/devika/ws_moveit2/install/moveit_ros_benchmarks:/home/devika/ws_moveit2/install/moveit_ros_warehouse:/home/devika/ws_moveit2/install/moveit_ros_robot_interaction:/home/devika/ws_moveit2/install/moveit_ros_perception:/home/devika/ws_moveit2/install/moveit_resources_prbt_pg70_support:/home/devika/ws_moveit2/install/moveit_resources_prbt_moveit_config:/home/devika/ws_moveit2/install/moveit_ros_move_group:/home/devika/ws_moveit2/install/moveit_planners_ompl:/home/devika/ws_moveit2/install/moveit_ros_planning:/home/devika/ws_moveit2/install/moveit_ros_occupancy_map_monitor:/home/devika/ws_moveit2/install/moveit_resources_prbt_ikfast_manipulator_plugin:/home/devika/ws_moveit2/install/moveit_planners_chomp:/home/devika/ws_moveit2/install/moveit_kinematics:/home/devika/ws_moveit2/install/moveit_chomp_optimizer_adapter:/home/devika/ws_moveit2/install/chomp_motion_planner:/home/devika/ws_moveit2/install/moveit_core:/home/devika/ws_moveit2/install/srdfdom:/home/devika/ws_moveit2/install/rviz_marker_tools:/home/devika/ws_moveit2/install/rosparam_shortcuts:/home/devika/ws_moveit2/install/moveit_task_constructor_msgs:/home/devika/ws_moveit2/install/moveit_resources_prbt_support:/home/devika/ws_moveit2/install/moveit_resources:/home/devika/ws_moveit2/install/moveit_resources_pr2_description:/home/devika/ws_moveit2/install/moveit_resources_panda_moveit_config:/home/devika/ws_moveit2/install/moveit_resources_panda_description:/home/devika/ws_moveit2/install/moveit_resources_fanuc_moveit_config:/home/devika/ws_moveit2/install/moveit_resources_fanuc_description:/home/devika/ws_moveit2/install/moveit_common:/home/devika/robo_ws/install/urdf_humble_test_moveit_config:/home/devika/robo_ws/install/warehouse_ros_mongo:/home/devika/robo_ws/install/urdf_humble_test:/home/devika/robo_ws/install/moveit_task_constructor_visualization:/home/devika/robo_ws/install/moveit_task_constructor_demo:/home/devika/robo_ws/install/moveit_task_constructor_capabilities:/home/devika/robo_ws/install/hello_moveit_task_constructor:/home/devika/robo_ws/install/hello_moveit:/home/devika/robo_ws/install/gazebo_ros2_control:/home/devika/manga_ws/install/urdf_humble_test_moveit_config:/home/devika/manga_ws/install/urdf_humble_test:/home/devika/manga_ws/install/hello_moveit:/home/devika/some_ws/install/motoman_hc10_support:/home/devika/some_ws/install/motoman_resources:/home/devika/some_ws/install/hello_moveit:/home/devika/some_ws/install/hc20_sim_moveit_config:/home/devika/some_ws/install/hc20_moveit_config:/home/devika/some_ws/install/hc10_movit2v3:/home/devika/some_ws/install/hc10dt_moveit_config:/home/devika/ws_moveit2/install/moveit_configs_utils:/home/devika/ws_moveit2/install/launch_param_builder:/home/devika/robo_ws/install/perception_vision:/home/devika/robo_ws/install/cylinder_position_estimator:/opt/ros/humble LD_LIBRARY_PATH=/home/devika/robo_ws/install/moveit_task_constructor_core/lib:/home/devika/robo_ws/install/rviz_marker_tools/lib:/home/devika/robo_ws/install/moveit_task_constructor_msgs/lib:/home/devika/ws_moveit2/install/pilz_industrial_motion_planner_testutils/lib:/home/devika/ws_moveit2/install/pilz_industrial_motion_planner/lib:/home/devika/ws_moveit2/install/moveit_visual_tools/lib:/home/devika/ws_moveit2/install/moveit_task_constructor_visualization/lib:/home/devika/ws_moveit2/install/moveit_task_constructor_demo/lib:/home/devika/ws_moveit2/install/moveit_task_constructor_capabilities/lib:/home/devika/ws_moveit2/install/moveit_task_constructor_core/lib:/home/devika/ws_moveit2/install/moveit_ros_control_interface/lib:/home/devika/ws_moveit2/install/moveit_simple_controller_manager/lib:/home/devika/ws_moveit2/install/moveit_setup_assistant/lib:/home/devika/ws_moveit2/install/moveit_setup_srdf_plugins/lib:/home/devika/ws_moveit2/install/moveit_setup_core_plugins/lib:/home/devika/ws_moveit2/install/moveit_setup_controllers/lib:/home/devika/ws_moveit2/install/moveit_setup_app_plugins/lib:/home/devika/ws_moveit2/install/moveit_setup_framework/lib:/home/devika/ws_moveit2/install/moveit_servo/lib:/home/devika/ws_moveit2/install/moveit_ros_visualization/lib:/home/devika/ws_moveit2/install/moveit_hybrid_planning/lib:/home/devika/ws_moveit2/install/moveit_ros_planning_interface/lib:/home/devika/ws_moveit2/install/moveit_ros_benchmarks/lib:/home/devika/ws_moveit2/install/moveit_ros_warehouse/lib:/home/devika/ws_moveit2/install/moveit_ros_robot_interaction/lib:/home/devika/ws_moveit2/install/moveit_ros_perception/lib:/home/devika/ws_moveit2/install/moveit_ros_move_group/lib:/home/devika/ws_moveit2/install/moveit_planners_ompl/lib:/home/devika/ws_moveit2/install/moveit_ros_planning/lib:/home/devika/ws_moveit2/install/moveit_ros_occupancy_map_monitor/lib:/home/devika/ws_moveit2/install/moveit_resources_prbt_ikfast_manipulator_plugin/lib:/home/devika/ws_moveit2/install/moveit_planners_chomp/lib:/home/devika/ws_moveit2/install/moveit_kinematics/lib:/home/devika/ws_moveit2/install/moveit_chomp_optimizer_adapter/lib:/home/devika/ws_moveit2/install/chomp_motion_planner/lib:/home/devika/ws_moveit2/install/moveit_core/lib:/home/devika/ws_moveit2/install/srdfdom/lib:/home/devika/ws_moveit2/install/rviz_marker_tools/lib:/home/devika/ws_moveit2/install/rosparam_shortcuts/lib:/home/devika/ws_moveit2/install/moveit_task_constructor_msgs/lib:/home/devika/robo_ws/install/warehouse_ros_mongo/lib:/home/devika/robo_ws/install/moveit_task_constructor_visualization/lib:/home/devika/robo_ws/install/moveit_task_constructor_demo/lib:/home/devika/robo_ws/install/moveit_task_constructor_capabilities/lib:/home/devika/robo_ws/install/hello_moveit_task_constructor/lib:/home/devika/robo_ws/install/gazebo_ros2_control/lib:/usr/lib/x86_64-linux-gnu/gazebo-11/plugins:/opt/ros/humble/opt/rviz_ogre_vendor/lib:/opt/ros/humble/lib/x86_64-linux-gnu:/opt/ros/humble/lib /usr/bin/cmake --install /home/devika/robo_ws/build/hello_moveit_task_constructor
[13.254s] Level 1:colcon.colcon_core.environment:create_environment_scripts_only(hello_moveit_task_constructor)
[13.256s] Level 1:colcon.colcon_core.environment:checking '/home/devika/robo_ws/install/hello_moveit_task_constructor' for CMake module files
[13.258s] DEBUG:colcon.colcon_core.event_handler.log_command:Invoked command in '/home/devika/robo_ws/build/hello_moveit_task_constructor' returned '0': CMAKE_MODULE_PATH=/home/devika/robo_ws/install/moveit_task_constructor_core/share/moveit_task_constructor_core/cmake:/home/devika/ws_moveit2/install/moveit_task_constructor_core/share/moveit_task_constructor_core/cmake:/home/devika/robo_ws/install/warehouse_ros_mongo/share/warehouse_ros_mongo/cmake CMAKE_PREFIX_PATH=/home/devika/robo_ws/install/moveit_task_constructor_core:/home/devika/robo_ws/install/rviz_marker_tools:/home/devika/robo_ws/install/moveit_task_constructor_msgs:/home/devika/ws_moveit2/install/pilz_industrial_motion_planner_testutils:/home/devika/ws_moveit2/install/moveit_runtime:/home/devika/ws_moveit2/install/moveit2_tutorials:/home/devika/ws_moveit2/install/moveit:/home/devika/ws_moveit2/install/moveit_planners:/home/devika/ws_moveit2/install/pilz_industrial_motion_planner:/home/devika/ws_moveit2/install/moveit_visual_tools:/home/devika/ws_moveit2/install/moveit_task_constructor_visualization:/home/devika/ws_moveit2/install/moveit_task_constructor_demo:/home/devika/ws_moveit2/install/moveit_task_constructor_capabilities:/home/devika/ws_moveit2/install/moveit_task_constructor_core:/home/devika/ws_moveit2/install/moveit_ros_control_interface:/home/devika/ws_moveit2/install/moveit_plugins:/home/devika/ws_moveit2/install/moveit_simple_controller_manager:/home/devika/ws_moveit2/install/moveit_setup_assistant:/home/devika/ws_moveit2/install/moveit_setup_srdf_plugins:/home/devika/ws_moveit2/install/moveit_setup_core_plugins:/home/devika/ws_moveit2/install/moveit_setup_controllers:/home/devika/ws_moveit2/install/moveit_setup_app_plugins:/home/devika/ws_moveit2/install/moveit_setup_framework:/home/devika/ws_moveit2/install/moveit_servo:/home/devika/ws_moveit2/install/moveit_ros:/home/devika/ws_moveit2/install/moveit_ros_visualization:/home/devika/ws_moveit2/install/moveit_hybrid_planning:/home/devika/ws_moveit2/install/moveit_ros_planning_interface:/home/devika/ws_moveit2/install/moveit_ros_benchmarks:/home/devika/ws_moveit2/install/moveit_ros_warehouse:/home/devika/ws_moveit2/install/moveit_ros_robot_interaction:/home/devika/ws_moveit2/install/moveit_ros_perception:/home/devika/ws_moveit2/install/moveit_resources_prbt_pg70_support:/home/devika/ws_moveit2/install/moveit_resources_prbt_moveit_config:/home/devika/ws_moveit2/install/moveit_ros_move_group:/home/devika/ws_moveit2/install/moveit_planners_ompl:/home/devika/ws_moveit2/install/moveit_ros_planning:/home/devika/ws_moveit2/install/moveit_ros_occupancy_map_monitor:/home/devika/ws_moveit2/install/moveit_resources_prbt_ikfast_manipulator_plugin:/home/devika/ws_moveit2/install/moveit_planners_chomp:/home/devika/ws_moveit2/install/moveit_kinematics:/home/devika/ws_moveit2/install/moveit_chomp_optimizer_adapter:/home/devika/ws_moveit2/install/chomp_motion_planner:/home/devika/ws_moveit2/install/moveit_core:/home/devika/ws_moveit2/install/srdfdom:/home/devika/ws_moveit2/install/rviz_marker_tools:/home/devika/ws_moveit2/install/rosparam_shortcuts:/home/devika/ws_moveit2/install/moveit_task_constructor_msgs:/home/devika/ws_moveit2/install/moveit_resources_prbt_support:/home/devika/ws_moveit2/install/moveit_resources:/home/devika/ws_moveit2/install/moveit_resources_pr2_description:/home/devika/ws_moveit2/install/moveit_resources_panda_moveit_config:/home/devika/ws_moveit2/install/moveit_resources_panda_description:/home/devika/ws_moveit2/install/moveit_resources_fanuc_moveit_config:/home/devika/ws_moveit2/install/moveit_resources_fanuc_description:/home/devika/ws_moveit2/install/moveit_common:/home/devika/robo_ws/install/urdf_humble_test_moveit_config:/home/devika/robo_ws/install/warehouse_ros_mongo:/home/devika/robo_ws/install/urdf_humble_test:/home/devika/robo_ws/install/moveit_task_constructor_visualization:/home/devika/robo_ws/install/moveit_task_constructor_demo:/home/devika/robo_ws/install/moveit_task_constructor_capabilities:/home/devika/robo_ws/install/hello_moveit_task_constructor:/home/devika/robo_ws/install/hello_moveit:/home/devika/robo_ws/install/gazebo_ros2_control:/home/devika/manga_ws/install/urdf_humble_test_moveit_config:/home/devika/manga_ws/install/urdf_humble_test:/home/devika/manga_ws/install/hello_moveit:/home/devika/some_ws/install/motoman_hc10_support:/home/devika/some_ws/install/motoman_resources:/home/devika/some_ws/install/hello_moveit:/home/devika/some_ws/install/hc20_sim_moveit_config:/home/devika/some_ws/install/hc20_moveit_config:/home/devika/some_ws/install/hc10_movit2v3:/home/devika/some_ws/install/hc10dt_moveit_config:/home/devika/ws_moveit2/install/moveit_configs_utils:/home/devika/ws_moveit2/install/launch_param_builder:/home/devika/robo_ws/install/perception_vision:/home/devika/robo_ws/install/cylinder_position_estimator:/opt/ros/humble LD_LIBRARY_PATH=/home/devika/robo_ws/install/moveit_task_constructor_core/lib:/home/devika/robo_ws/install/rviz_marker_tools/lib:/home/devika/robo_ws/install/moveit_task_constructor_msgs/lib:/home/devika/ws_moveit2/install/pilz_industrial_motion_planner_testutils/lib:/home/devika/ws_moveit2/install/pilz_industrial_motion_planner/lib:/home/devika/ws_moveit2/install/moveit_visual_tools/lib:/home/devika/ws_moveit2/install/moveit_task_constructor_visualization/lib:/home/devika/ws_moveit2/install/moveit_task_constructor_demo/lib:/home/devika/ws_moveit2/install/moveit_task_constructor_capabilities/lib:/home/devika/ws_moveit2/install/moveit_task_constructor_core/lib:/home/devika/ws_moveit2/install/moveit_ros_control_interface/lib:/home/devika/ws_moveit2/install/moveit_simple_controller_manager/lib:/home/devika/ws_moveit2/install/moveit_setup_assistant/lib:/home/devika/ws_moveit2/install/moveit_setup_srdf_plugins/lib:/home/devika/ws_moveit2/install/moveit_setup_core_plugins/lib:/home/devika/ws_moveit2/install/moveit_setup_controllers/lib:/home/devika/ws_moveit2/install/moveit_setup_app_plugins/lib:/home/devika/ws_moveit2/install/moveit_setup_framework/lib:/home/devika/ws_moveit2/install/moveit_servo/lib:/home/devika/ws_moveit2/install/moveit_ros_visualization/lib:/home/devika/ws_moveit2/install/moveit_hybrid_planning/lib:/home/devika/ws_moveit2/install/moveit_ros_planning_interface/lib:/home/devika/ws_moveit2/install/moveit_ros_benchmarks/lib:/home/devika/ws_moveit2/install/moveit_ros_warehouse/lib:/home/devika/ws_moveit2/install/moveit_ros_robot_interaction/lib:/home/devika/ws_moveit2/install/moveit_ros_perception/lib:/home/devika/ws_moveit2/install/moveit_ros_move_group/lib:/home/devika/ws_moveit2/install/moveit_planners_ompl/lib:/home/devika/ws_moveit2/install/moveit_ros_planning/lib:/home/devika/ws_moveit2/install/moveit_ros_occupancy_map_monitor/lib:/home/devika/ws_moveit2/install/moveit_resources_prbt_ikfast_manipulator_plugin/lib:/home/devika/ws_moveit2/install/moveit_planners_chomp/lib:/home/devika/ws_moveit2/install/moveit_kinematics/lib:/home/devika/ws_moveit2/install/moveit_chomp_optimizer_adapter/lib:/home/devika/ws_moveit2/install/chomp_motion_planner/lib:/home/devika/ws_moveit2/install/moveit_core/lib:/home/devika/ws_moveit2/install/srdfdom/lib:/home/devika/ws_moveit2/install/rviz_marker_tools/lib:/home/devika/ws_moveit2/install/rosparam_shortcuts/lib:/home/devika/ws_moveit2/install/moveit_task_constructor_msgs/lib:/home/devika/robo_ws/install/warehouse_ros_mongo/lib:/home/devika/robo_ws/install/moveit_task_constructor_visualization/lib:/home/devika/robo_ws/install/moveit_task_constructor_demo/lib:/home/devika/robo_ws/install/moveit_task_constructor_capabilities/lib:/home/devika/robo_ws/install/hello_moveit_task_constructor/lib:/home/devika/robo_ws/install/gazebo_ros2_control/lib:/usr/lib/x86_64-linux-gnu/gazebo-11/plugins:/opt/ros/humble/opt/rviz_ogre_vendor/lib:/opt/ros/humble/lib/x86_64-linux-gnu:/opt/ros/humble/lib /usr/bin/cmake --install /home/devika/robo_ws/build/hello_moveit_task_constructor
[13.261s] Level 1:colcon.colcon_core.environment:checking '/home/devika/robo_ws/install/hello_moveit_task_constructor' for CMake config files
[13.272s] Level 1:colcon.colcon_core.shell:create_environment_hook('hello_moveit_task_constructor', 'cmake_prefix_path')
[13.273s] INFO:colcon.colcon_core.shell:Creating environment hook '/home/devika/robo_ws/install/hello_moveit_task_constructor/share/hello_moveit_task_constructor/hook/cmake_prefix_path.ps1'
[13.275s] INFO:colcon.colcon_core.shell:Creating environment descriptor '/home/devika/robo_ws/install/hello_moveit_task_constructor/share/hello_moveit_task_constructor/hook/cmake_prefix_path.dsv'
[13.277s] INFO:colcon.colcon_core.shell:Creating environment hook '/home/devika/robo_ws/install/hello_moveit_task_constructor/share/hello_moveit_task_constructor/hook/cmake_prefix_path.sh'
[13.280s] Level 1:colcon.colcon_core.environment:checking '/home/devika/robo_ws/install/hello_moveit_task_constructor/lib'
[13.280s] Level 1:colcon.colcon_core.shell:create_environment_hook('hello_moveit_task_constructor', 'ld_library_path_lib')
[13.280s] INFO:colcon.colcon_core.shell:Creating environment hook '/home/devika/robo_ws/install/hello_moveit_task_constructor/share/hello_moveit_task_constructor/hook/ld_library_path_lib.ps1'
[13.282s] INFO:colcon.colcon_core.shell:Creating environment descriptor '/home/devika/robo_ws/install/hello_moveit_task_constructor/share/hello_moveit_task_constructor/hook/ld_library_path_lib.dsv'
[13.284s] INFO:colcon.colcon_core.shell:Creating environment hook '/home/devika/robo_ws/install/hello_moveit_task_constructor/share/hello_moveit_task_constructor/hook/ld_library_path_lib.sh'
[13.286s] Level 1:colcon.colcon_core.environment:checking '/home/devika/robo_ws/install/hello_moveit_task_constructor/bin'
[13.287s] Level 1:colcon.colcon_core.environment:checking '/home/devika/robo_ws/install/hello_moveit_task_constructor/lib/pkgconfig/hello_moveit_task_constructor.pc'
[13.289s] Level 1:colcon.colcon_core.environment:checking '/home/devika/robo_ws/install/hello_moveit_task_constructor/lib/python3.10/site-packages'
[13.290s] Level 1:colcon.colcon_core.environment:checking '/home/devika/robo_ws/install/hello_moveit_task_constructor/bin'
[13.291s] INFO:colcon.colcon_core.shell:Creating package script '/home/devika/robo_ws/install/hello_moveit_task_constructor/share/hello_moveit_task_constructor/package.ps1'
[13.295s] INFO:colcon.colcon_core.shell:Creating package descriptor '/home/devika/robo_ws/install/hello_moveit_task_constructor/share/hello_moveit_task_constructor/package.dsv'
[13.298s] INFO:colcon.colcon_core.shell:Creating package script '/home/devika/robo_ws/install/hello_moveit_task_constructor/share/hello_moveit_task_constructor/package.sh'
[13.300s] INFO:colcon.colcon_core.shell:Creating package script '/home/devika/robo_ws/install/hello_moveit_task_constructor/share/hello_moveit_task_constructor/package.bash'
[13.303s] INFO:colcon.colcon_core.shell:Creating package script '/home/devika/robo_ws/install/hello_moveit_task_constructor/share/hello_moveit_task_constructor/package.zsh'
[13.305s] Level 1:colcon.colcon_core.environment:create_file_with_runtime_dependencies(/home/devika/robo_ws/install/hello_moveit_task_constructor/share/colcon-core/packages/hello_moveit_task_constructor)
[13.308s] Level 1:colcon.colcon_core.environment:create_environment_scripts_only(hello_moveit_task_constructor)
[13.308s] Level 1:colcon.colcon_core.environment:checking '/home/devika/robo_ws/install/hello_moveit_task_constructor' for CMake module files
[13.310s] Level 1:colcon.colcon_core.environment:checking '/home/devika/robo_ws/install/hello_moveit_task_constructor' for CMake config files
[13.311s] Level 1:colcon.colcon_core.shell:create_environment_hook('hello_moveit_task_constructor', 'cmake_prefix_path')
[13.312s] INFO:colcon.colcon_core.shell:Creating environment hook '/home/devika/robo_ws/install/hello_moveit_task_constructor/share/hello_moveit_task_constructor/hook/cmake_prefix_path.ps1'
[13.315s] INFO:colcon.colcon_core.shell:Creating environment descriptor '/home/devika/robo_ws/install/hello_moveit_task_constructor/share/hello_moveit_task_constructor/hook/cmake_prefix_path.dsv'
[13.317s] INFO:colcon.colcon_core.shell:Creating environment hook '/home/devika/robo_ws/install/hello_moveit_task_constructor/share/hello_moveit_task_constructor/hook/cmake_prefix_path.sh'
[13.319s] Level 1:colcon.colcon_core.environment:checking '/home/devika/robo_ws/install/hello_moveit_task_constructor/lib'
[13.320s] Level 1:colcon.colcon_core.shell:create_environment_hook('hello_moveit_task_constructor', 'ld_library_path_lib')
[13.321s] INFO:colcon.colcon_core.shell:Creating environment hook '/home/devika/robo_ws/install/hello_moveit_task_constructor/share/hello_moveit_task_constructor/hook/ld_library_path_lib.ps1'
[13.323s] INFO:colcon.colcon_core.shell:Creating environment descriptor '/home/devika/robo_ws/install/hello_moveit_task_constructor/share/hello_moveit_task_constructor/hook/ld_library_path_lib.dsv'
[13.325s] INFO:colcon.colcon_core.shell:Creating environment hook '/home/devika/robo_ws/install/hello_moveit_task_constructor/share/hello_moveit_task_constructor/hook/ld_library_path_lib.sh'
[13.327s] Level 1:colcon.colcon_core.environment:checking '/home/devika/robo_ws/install/hello_moveit_task_constructor/bin'
[13.327s] Level 1:colcon.colcon_core.environment:checking '/home/devika/robo_ws/install/hello_moveit_task_constructor/lib/pkgconfig/hello_moveit_task_constructor.pc'
[13.328s] Level 1:colcon.colcon_core.environment:checking '/home/devika/robo_ws/install/hello_moveit_task_constructor/lib/python3.10/site-packages'
[13.328s] Level 1:colcon.colcon_core.environment:checking '/home/devika/robo_ws/install/hello_moveit_task_constructor/bin'
[13.329s] INFO:colcon.colcon_core.shell:Creating package script '/home/devika/robo_ws/install/hello_moveit_task_constructor/share/hello_moveit_task_constructor/package.ps1'
[13.331s] INFO:colcon.colcon_core.shell:Creating package descriptor '/home/devika/robo_ws/install/hello_moveit_task_constructor/share/hello_moveit_task_constructor/package.dsv'
[13.333s] INFO:colcon.colcon_core.shell:Creating package script '/home/devika/robo_ws/install/hello_moveit_task_constructor/share/hello_moveit_task_constructor/package.sh'
[13.345s] INFO:colcon.colcon_core.shell:Creating package script '/home/devika/robo_ws/install/hello_moveit_task_constructor/share/hello_moveit_task_constructor/package.bash'
[13.346s] INFO:colcon.colcon_core.shell:Creating package script '/home/devika/robo_ws/install/hello_moveit_task_constructor/share/hello_moveit_task_constructor/package.zsh'
[13.349s] Level 1:colcon.colcon_core.environment:create_file_with_runtime_dependencies(/home/devika/robo_ws/install/hello_moveit_task_constructor/share/colcon-core/packages/hello_moveit_task_constructor)
[13.685s] DEBUG:colcon.colcon_core.event_handler.log_command:Invoked command in '/home/devika/robo_ws/build/moveit_task_constructor_demo' returned '0': CMAKE_MODULE_PATH=/home/devika/robo_ws/install/moveit_task_constructor_core/share/moveit_task_constructor_core/cmake:/home/devika/ws_moveit2/install/moveit_task_constructor_core/share/moveit_task_constructor_core/cmake:/home/devika/robo_ws/install/warehouse_ros_mongo/share/warehouse_ros_mongo/cmake CMAKE_PREFIX_PATH=/home/devika/robo_ws/install/moveit_task_constructor_capabilities:/home/devika/robo_ws/install/moveit_task_constructor_core:/home/devika/robo_ws/install/rviz_marker_tools:/home/devika/robo_ws/install/moveit_task_constructor_msgs:/home/devika/ws_moveit2/install/pilz_industrial_motion_planner_testutils:/home/devika/ws_moveit2/install/moveit_runtime:/home/devika/ws_moveit2/install/moveit2_tutorials:/home/devika/ws_moveit2/install/moveit:/home/devika/ws_moveit2/install/moveit_planners:/home/devika/ws_moveit2/install/pilz_industrial_motion_planner:/home/devika/ws_moveit2/install/moveit_visual_tools:/home/devika/ws_moveit2/install/moveit_task_constructor_visualization:/home/devika/ws_moveit2/install/moveit_task_constructor_demo:/home/devika/ws_moveit2/install/moveit_task_constructor_capabilities:/home/devika/ws_moveit2/install/moveit_task_constructor_core:/home/devika/ws_moveit2/install/moveit_ros_control_interface:/home/devika/ws_moveit2/install/moveit_plugins:/home/devika/ws_moveit2/install/moveit_simple_controller_manager:/home/devika/ws_moveit2/install/moveit_setup_assistant:/home/devika/ws_moveit2/install/moveit_setup_srdf_plugins:/home/devika/ws_moveit2/install/moveit_setup_core_plugins:/home/devika/ws_moveit2/install/moveit_setup_controllers:/home/devika/ws_moveit2/install/moveit_setup_app_plugins:/home/devika/ws_moveit2/install/moveit_setup_framework:/home/devika/ws_moveit2/install/moveit_servo:/home/devika/ws_moveit2/install/moveit_ros:/home/devika/ws_moveit2/install/moveit_ros_visualization:/home/devika/ws_moveit2/install/moveit_hybrid_planning:/home/devika/ws_moveit2/install/moveit_ros_planning_interface:/home/devika/ws_moveit2/install/moveit_ros_benchmarks:/home/devika/ws_moveit2/install/moveit_ros_warehouse:/home/devika/ws_moveit2/install/moveit_ros_robot_interaction:/home/devika/ws_moveit2/install/moveit_ros_perception:/home/devika/ws_moveit2/install/moveit_resources_prbt_pg70_support:/home/devika/ws_moveit2/install/moveit_resources_prbt_moveit_config:/home/devika/ws_moveit2/install/moveit_ros_move_group:/home/devika/ws_moveit2/install/moveit_planners_ompl:/home/devika/ws_moveit2/install/moveit_ros_planning:/home/devika/ws_moveit2/install/moveit_ros_occupancy_map_monitor:/home/devika/ws_moveit2/install/moveit_resources_prbt_ikfast_manipulator_plugin:/home/devika/ws_moveit2/install/moveit_planners_chomp:/home/devika/ws_moveit2/install/moveit_kinematics:/home/devika/ws_moveit2/install/moveit_chomp_optimizer_adapter:/home/devika/ws_moveit2/install/chomp_motion_planner:/home/devika/ws_moveit2/install/moveit_core:/home/devika/ws_moveit2/install/srdfdom:/home/devika/ws_moveit2/install/rviz_marker_tools:/home/devika/ws_moveit2/install/rosparam_shortcuts:/home/devika/ws_moveit2/install/moveit_task_constructor_msgs:/home/devika/ws_moveit2/install/moveit_resources_prbt_support:/home/devika/ws_moveit2/install/moveit_resources:/home/devika/ws_moveit2/install/moveit_resources_pr2_description:/home/devika/ws_moveit2/install/moveit_resources_panda_moveit_config:/home/devika/ws_moveit2/install/moveit_resources_panda_description:/home/devika/ws_moveit2/install/moveit_resources_fanuc_moveit_config:/home/devika/ws_moveit2/install/moveit_resources_fanuc_description:/home/devika/ws_moveit2/install/moveit_common:/home/devika/robo_ws/install/urdf_humble_test_moveit_config:/home/devika/robo_ws/install/warehouse_ros_mongo:/home/devika/robo_ws/install/urdf_humble_test:/home/devika/robo_ws/install/moveit_task_constructor_visualization:/home/devika/robo_ws/install/moveit_task_constructor_demo:/home/devika/robo_ws/install/hello_moveit_task_constructor:/home/devika/robo_ws/install/hello_moveit:/home/devika/robo_ws/install/gazebo_ros2_control:/home/devika/manga_ws/install/urdf_humble_test_moveit_config:/home/devika/manga_ws/install/urdf_humble_test:/home/devika/manga_ws/install/hello_moveit:/home/devika/some_ws/install/motoman_hc10_support:/home/devika/some_ws/install/motoman_resources:/home/devika/some_ws/install/hello_moveit:/home/devika/some_ws/install/hc20_sim_moveit_config:/home/devika/some_ws/install/hc20_moveit_config:/home/devika/some_ws/install/hc10_movit2v3:/home/devika/some_ws/install/hc10dt_moveit_config:/home/devika/ws_moveit2/install/moveit_configs_utils:/home/devika/ws_moveit2/install/launch_param_builder:/home/devika/robo_ws/install/perception_vision:/home/devika/robo_ws/install/cylinder_position_estimator:/opt/ros/humble LD_LIBRARY_PATH=/home/devika/robo_ws/install/moveit_task_constructor_capabilities/lib:/home/devika/robo_ws/install/moveit_task_constructor_core/lib:/home/devika/robo_ws/install/rviz_marker_tools/lib:/home/devika/robo_ws/install/moveit_task_constructor_msgs/lib:/home/devika/ws_moveit2/install/pilz_industrial_motion_planner_testutils/lib:/home/devika/ws_moveit2/install/pilz_industrial_motion_planner/lib:/home/devika/ws_moveit2/install/moveit_visual_tools/lib:/home/devika/ws_moveit2/install/moveit_task_constructor_visualization/lib:/home/devika/ws_moveit2/install/moveit_task_constructor_demo/lib:/home/devika/ws_moveit2/install/moveit_task_constructor_capabilities/lib:/home/devika/ws_moveit2/install/moveit_task_constructor_core/lib:/home/devika/ws_moveit2/install/moveit_ros_control_interface/lib:/home/devika/ws_moveit2/install/moveit_simple_controller_manager/lib:/home/devika/ws_moveit2/install/moveit_setup_assistant/lib:/home/devika/ws_moveit2/install/moveit_setup_srdf_plugins/lib:/home/devika/ws_moveit2/install/moveit_setup_core_plugins/lib:/home/devika/ws_moveit2/install/moveit_setup_controllers/lib:/home/devika/ws_moveit2/install/moveit_setup_app_plugins/lib:/home/devika/ws_moveit2/install/moveit_setup_framework/lib:/home/devika/ws_moveit2/install/moveit_servo/lib:/home/devika/ws_moveit2/install/moveit_ros_visualization/lib:/home/devika/ws_moveit2/install/moveit_hybrid_planning/lib:/home/devika/ws_moveit2/install/moveit_ros_planning_interface/lib:/home/devika/ws_moveit2/install/moveit_ros_benchmarks/lib:/home/devika/ws_moveit2/install/moveit_ros_warehouse/lib:/home/devika/ws_moveit2/install/moveit_ros_robot_interaction/lib:/home/devika/ws_moveit2/install/moveit_ros_perception/lib:/home/devika/ws_moveit2/install/moveit_ros_move_group/lib:/home/devika/ws_moveit2/install/moveit_planners_ompl/lib:/home/devika/ws_moveit2/install/moveit_ros_planning/lib:/home/devika/ws_moveit2/install/moveit_ros_occupancy_map_monitor/lib:/home/devika/ws_moveit2/install/moveit_resources_prbt_ikfast_manipulator_plugin/lib:/home/devika/ws_moveit2/install/moveit_planners_chomp/lib:/home/devika/ws_moveit2/install/moveit_kinematics/lib:/home/devika/ws_moveit2/install/moveit_chomp_optimizer_adapter/lib:/home/devika/ws_moveit2/install/chomp_motion_planner/lib:/home/devika/ws_moveit2/install/moveit_core/lib:/home/devika/ws_moveit2/install/srdfdom/lib:/home/devika/ws_moveit2/install/rviz_marker_tools/lib:/home/devika/ws_moveit2/install/rosparam_shortcuts/lib:/home/devika/ws_moveit2/install/moveit_task_constructor_msgs/lib:/home/devika/robo_ws/install/warehouse_ros_mongo/lib:/home/devika/robo_ws/install/moveit_task_constructor_visualization/lib:/home/devika/robo_ws/install/moveit_task_constructor_demo/lib:/home/devika/robo_ws/install/hello_moveit_task_constructor/lib:/home/devika/robo_ws/install/gazebo_ros2_control/lib:/usr/lib/x86_64-linux-gnu/gazebo-11/plugins:/opt/ros/humble/opt/rviz_ogre_vendor/lib:/opt/ros/humble/lib/x86_64-linux-gnu:/opt/ros/humble/lib /usr/bin/cmake --build /home/devika/robo_ws/build/moveit_task_constructor_demo
[13.693s] DEBUG:colcon.colcon_core.event_handler.log_command:Invoking command in '/home/devika/robo_ws/build/moveit_task_constructor_demo': CMAKE_MODULE_PATH=/home/devika/robo_ws/install/moveit_task_constructor_core/share/moveit_task_constructor_core/cmake:/home/devika/ws_moveit2/install/moveit_task_constructor_core/share/moveit_task_constructor_core/cmake:/home/devika/robo_ws/install/warehouse_ros_mongo/share/warehouse_ros_mongo/cmake CMAKE_PREFIX_PATH=/home/devika/robo_ws/install/moveit_task_constructor_capabilities:/home/devika/robo_ws/install/moveit_task_constructor_core:/home/devika/robo_ws/install/rviz_marker_tools:/home/devika/robo_ws/install/moveit_task_constructor_msgs:/home/devika/ws_moveit2/install/pilz_industrial_motion_planner_testutils:/home/devika/ws_moveit2/install/moveit_runtime:/home/devika/ws_moveit2/install/moveit2_tutorials:/home/devika/ws_moveit2/install/moveit:/home/devika/ws_moveit2/install/moveit_planners:/home/devika/ws_moveit2/install/pilz_industrial_motion_planner:/home/devika/ws_moveit2/install/moveit_visual_tools:/home/devika/ws_moveit2/install/moveit_task_constructor_visualization:/home/devika/ws_moveit2/install/moveit_task_constructor_demo:/home/devika/ws_moveit2/install/moveit_task_constructor_capabilities:/home/devika/ws_moveit2/install/moveit_task_constructor_core:/home/devika/ws_moveit2/install/moveit_ros_control_interface:/home/devika/ws_moveit2/install/moveit_plugins:/home/devika/ws_moveit2/install/moveit_simple_controller_manager:/home/devika/ws_moveit2/install/moveit_setup_assistant:/home/devika/ws_moveit2/install/moveit_setup_srdf_plugins:/home/devika/ws_moveit2/install/moveit_setup_core_plugins:/home/devika/ws_moveit2/install/moveit_setup_controllers:/home/devika/ws_moveit2/install/moveit_setup_app_plugins:/home/devika/ws_moveit2/install/moveit_setup_framework:/home/devika/ws_moveit2/install/moveit_servo:/home/devika/ws_moveit2/install/moveit_ros:/home/devika/ws_moveit2/install/moveit_ros_visualization:/home/devika/ws_moveit2/install/moveit_hybrid_planning:/home/devika/ws_moveit2/install/moveit_ros_planning_interface:/home/devika/ws_moveit2/install/moveit_ros_benchmarks:/home/devika/ws_moveit2/install/moveit_ros_warehouse:/home/devika/ws_moveit2/install/moveit_ros_robot_interaction:/home/devika/ws_moveit2/install/moveit_ros_perception:/home/devika/ws_moveit2/install/moveit_resources_prbt_pg70_support:/home/devika/ws_moveit2/install/moveit_resources_prbt_moveit_config:/home/devika/ws_moveit2/install/moveit_ros_move_group:/home/devika/ws_moveit2/install/moveit_planners_ompl:/home/devika/ws_moveit2/install/moveit_ros_planning:/home/devika/ws_moveit2/install/moveit_ros_occupancy_map_monitor:/home/devika/ws_moveit2/install/moveit_resources_prbt_ikfast_manipulator_plugin:/home/devika/ws_moveit2/install/moveit_planners_chomp:/home/devika/ws_moveit2/install/moveit_kinematics:/home/devika/ws_moveit2/install/moveit_chomp_optimizer_adapter:/home/devika/ws_moveit2/install/chomp_motion_planner:/home/devika/ws_moveit2/install/moveit_core:/home/devika/ws_moveit2/install/srdfdom:/home/devika/ws_moveit2/install/rviz_marker_tools:/home/devika/ws_moveit2/install/rosparam_shortcuts:/home/devika/ws_moveit2/install/moveit_task_constructor_msgs:/home/devika/ws_moveit2/install/moveit_resources_prbt_support:/home/devika/ws_moveit2/install/moveit_resources:/home/devika/ws_moveit2/install/moveit_resources_pr2_description:/home/devika/ws_moveit2/install/moveit_resources_panda_moveit_config:/home/devika/ws_moveit2/install/moveit_resources_panda_description:/home/devika/ws_moveit2/install/moveit_resources_fanuc_moveit_config:/home/devika/ws_moveit2/install/moveit_resources_fanuc_description:/home/devika/ws_moveit2/install/moveit_common:/home/devika/robo_ws/install/urdf_humble_test_moveit_config:/home/devika/robo_ws/install/warehouse_ros_mongo:/home/devika/robo_ws/install/urdf_humble_test:/home/devika/robo_ws/install/moveit_task_constructor_visualization:/home/devika/robo_ws/install/moveit_task_constructor_demo:/home/devika/robo_ws/install/hello_moveit_task_constructor:/home/devika/robo_ws/install/hello_moveit:/home/devika/robo_ws/install/gazebo_ros2_control:/home/devika/manga_ws/install/urdf_humble_test_moveit_config:/home/devika/manga_ws/install/urdf_humble_test:/home/devika/manga_ws/install/hello_moveit:/home/devika/some_ws/install/motoman_hc10_support:/home/devika/some_ws/install/motoman_resources:/home/devika/some_ws/install/hello_moveit:/home/devika/some_ws/install/hc20_sim_moveit_config:/home/devika/some_ws/install/hc20_moveit_config:/home/devika/some_ws/install/hc10_movit2v3:/home/devika/some_ws/install/hc10dt_moveit_config:/home/devika/ws_moveit2/install/moveit_configs_utils:/home/devika/ws_moveit2/install/launch_param_builder:/home/devika/robo_ws/install/perception_vision:/home/devika/robo_ws/install/cylinder_position_estimator:/opt/ros/humble LD_LIBRARY_PATH=/home/devika/robo_ws/install/moveit_task_constructor_capabilities/lib:/home/devika/robo_ws/install/moveit_task_constructor_core/lib:/home/devika/robo_ws/install/rviz_marker_tools/lib:/home/devika/robo_ws/install/moveit_task_constructor_msgs/lib:/home/devika/ws_moveit2/install/pilz_industrial_motion_planner_testutils/lib:/home/devika/ws_moveit2/install/pilz_industrial_motion_planner/lib:/home/devika/ws_moveit2/install/moveit_visual_tools/lib:/home/devika/ws_moveit2/install/moveit_task_constructor_visualization/lib:/home/devika/ws_moveit2/install/moveit_task_constructor_demo/lib:/home/devika/ws_moveit2/install/moveit_task_constructor_capabilities/lib:/home/devika/ws_moveit2/install/moveit_task_constructor_core/lib:/home/devika/ws_moveit2/install/moveit_ros_control_interface/lib:/home/devika/ws_moveit2/install/moveit_simple_controller_manager/lib:/home/devika/ws_moveit2/install/moveit_setup_assistant/lib:/home/devika/ws_moveit2/install/moveit_setup_srdf_plugins/lib:/home/devika/ws_moveit2/install/moveit_setup_core_plugins/lib:/home/devika/ws_moveit2/install/moveit_setup_controllers/lib:/home/devika/ws_moveit2/install/moveit_setup_app_plugins/lib:/home/devika/ws_moveit2/install/moveit_setup_framework/lib:/home/devika/ws_moveit2/install/moveit_servo/lib:/home/devika/ws_moveit2/install/moveit_ros_visualization/lib:/home/devika/ws_moveit2/install/moveit_hybrid_planning/lib:/home/devika/ws_moveit2/install/moveit_ros_planning_interface/lib:/home/devika/ws_moveit2/install/moveit_ros_benchmarks/lib:/home/devika/ws_moveit2/install/moveit_ros_warehouse/lib:/home/devika/ws_moveit2/install/moveit_ros_robot_interaction/lib:/home/devika/ws_moveit2/install/moveit_ros_perception/lib:/home/devika/ws_moveit2/install/moveit_ros_move_group/lib:/home/devika/ws_moveit2/install/moveit_planners_ompl/lib:/home/devika/ws_moveit2/install/moveit_ros_planning/lib:/home/devika/ws_moveit2/install/moveit_ros_occupancy_map_monitor/lib:/home/devika/ws_moveit2/install/moveit_resources_prbt_ikfast_manipulator_plugin/lib:/home/devika/ws_moveit2/install/moveit_planners_chomp/lib:/home/devika/ws_moveit2/install/moveit_kinematics/lib:/home/devika/ws_moveit2/install/moveit_chomp_optimizer_adapter/lib:/home/devika/ws_moveit2/install/chomp_motion_planner/lib:/home/devika/ws_moveit2/install/moveit_core/lib:/home/devika/ws_moveit2/install/srdfdom/lib:/home/devika/ws_moveit2/install/rviz_marker_tools/lib:/home/devika/ws_moveit2/install/rosparam_shortcuts/lib:/home/devika/ws_moveit2/install/moveit_task_constructor_msgs/lib:/home/devika/robo_ws/install/warehouse_ros_mongo/lib:/home/devika/robo_ws/install/moveit_task_constructor_visualization/lib:/home/devika/robo_ws/install/moveit_task_constructor_demo/lib:/home/devika/robo_ws/install/hello_moveit_task_constructor/lib:/home/devika/robo_ws/install/gazebo_ros2_control/lib:/usr/lib/x86_64-linux-gnu/gazebo-11/plugins:/opt/ros/humble/opt/rviz_ogre_vendor/lib:/opt/ros/humble/lib/x86_64-linux-gnu:/opt/ros/humble/lib /usr/bin/cmake --install /home/devika/robo_ws/build/moveit_task_constructor_demo
[13.753s] Level 1:colcon.colcon_core.environment:create_environment_scripts_only(moveit_task_constructor_demo)
[13.754s] Level 1:colcon.colcon_core.environment:checking '/home/devika/robo_ws/install/moveit_task_constructor_demo' for CMake module files
[13.755s] DEBUG:colcon.colcon_core.event_handler.log_command:Invoked command in '/home/devika/robo_ws/build/moveit_task_constructor_demo' returned '0': CMAKE_MODULE_PATH=/home/devika/robo_ws/install/moveit_task_constructor_core/share/moveit_task_constructor_core/cmake:/home/devika/ws_moveit2/install/moveit_task_constructor_core/share/moveit_task_constructor_core/cmake:/home/devika/robo_ws/install/warehouse_ros_mongo/share/warehouse_ros_mongo/cmake CMAKE_PREFIX_PATH=/home/devika/robo_ws/install/moveit_task_constructor_capabilities:/home/devika/robo_ws/install/moveit_task_constructor_core:/home/devika/robo_ws/install/rviz_marker_tools:/home/devika/robo_ws/install/moveit_task_constructor_msgs:/home/devika/ws_moveit2/install/pilz_industrial_motion_planner_testutils:/home/devika/ws_moveit2/install/moveit_runtime:/home/devika/ws_moveit2/install/moveit2_tutorials:/home/devika/ws_moveit2/install/moveit:/home/devika/ws_moveit2/install/moveit_planners:/home/devika/ws_moveit2/install/pilz_industrial_motion_planner:/home/devika/ws_moveit2/install/moveit_visual_tools:/home/devika/ws_moveit2/install/moveit_task_constructor_visualization:/home/devika/ws_moveit2/install/moveit_task_constructor_demo:/home/devika/ws_moveit2/install/moveit_task_constructor_capabilities:/home/devika/ws_moveit2/install/moveit_task_constructor_core:/home/devika/ws_moveit2/install/moveit_ros_control_interface:/home/devika/ws_moveit2/install/moveit_plugins:/home/devika/ws_moveit2/install/moveit_simple_controller_manager:/home/devika/ws_moveit2/install/moveit_setup_assistant:/home/devika/ws_moveit2/install/moveit_setup_srdf_plugins:/home/devika/ws_moveit2/install/moveit_setup_core_plugins:/home/devika/ws_moveit2/install/moveit_setup_controllers:/home/devika/ws_moveit2/install/moveit_setup_app_plugins:/home/devika/ws_moveit2/install/moveit_setup_framework:/home/devika/ws_moveit2/install/moveit_servo:/home/devika/ws_moveit2/install/moveit_ros:/home/devika/ws_moveit2/install/moveit_ros_visualization:/home/devika/ws_moveit2/install/moveit_hybrid_planning:/home/devika/ws_moveit2/install/moveit_ros_planning_interface:/home/devika/ws_moveit2/install/moveit_ros_benchmarks:/home/devika/ws_moveit2/install/moveit_ros_warehouse:/home/devika/ws_moveit2/install/moveit_ros_robot_interaction:/home/devika/ws_moveit2/install/moveit_ros_perception:/home/devika/ws_moveit2/install/moveit_resources_prbt_pg70_support:/home/devika/ws_moveit2/install/moveit_resources_prbt_moveit_config:/home/devika/ws_moveit2/install/moveit_ros_move_group:/home/devika/ws_moveit2/install/moveit_planners_ompl:/home/devika/ws_moveit2/install/moveit_ros_planning:/home/devika/ws_moveit2/install/moveit_ros_occupancy_map_monitor:/home/devika/ws_moveit2/install/moveit_resources_prbt_ikfast_manipulator_plugin:/home/devika/ws_moveit2/install/moveit_planners_chomp:/home/devika/ws_moveit2/install/moveit_kinematics:/home/devika/ws_moveit2/install/moveit_chomp_optimizer_adapter:/home/devika/ws_moveit2/install/chomp_motion_planner:/home/devika/ws_moveit2/install/moveit_core:/home/devika/ws_moveit2/install/srdfdom:/home/devika/ws_moveit2/install/rviz_marker_tools:/home/devika/ws_moveit2/install/rosparam_shortcuts:/home/devika/ws_moveit2/install/moveit_task_constructor_msgs:/home/devika/ws_moveit2/install/moveit_resources_prbt_support:/home/devika/ws_moveit2/install/moveit_resources:/home/devika/ws_moveit2/install/moveit_resources_pr2_description:/home/devika/ws_moveit2/install/moveit_resources_panda_moveit_config:/home/devika/ws_moveit2/install/moveit_resources_panda_description:/home/devika/ws_moveit2/install/moveit_resources_fanuc_moveit_config:/home/devika/ws_moveit2/install/moveit_resources_fanuc_description:/home/devika/ws_moveit2/install/moveit_common:/home/devika/robo_ws/install/urdf_humble_test_moveit_config:/home/devika/robo_ws/install/warehouse_ros_mongo:/home/devika/robo_ws/install/urdf_humble_test:/home/devika/robo_ws/install/moveit_task_constructor_visualization:/home/devika/robo_ws/install/moveit_task_constructor_demo:/home/devika/robo_ws/install/hello_moveit_task_constructor:/home/devika/robo_ws/install/hello_moveit:/home/devika/robo_ws/install/gazebo_ros2_control:/home/devika/manga_ws/install/urdf_humble_test_moveit_config:/home/devika/manga_ws/install/urdf_humble_test:/home/devika/manga_ws/install/hello_moveit:/home/devika/some_ws/install/motoman_hc10_support:/home/devika/some_ws/install/motoman_resources:/home/devika/some_ws/install/hello_moveit:/home/devika/some_ws/install/hc20_sim_moveit_config:/home/devika/some_ws/install/hc20_moveit_config:/home/devika/some_ws/install/hc10_movit2v3:/home/devika/some_ws/install/hc10dt_moveit_config:/home/devika/ws_moveit2/install/moveit_configs_utils:/home/devika/ws_moveit2/install/launch_param_builder:/home/devika/robo_ws/install/perception_vision:/home/devika/robo_ws/install/cylinder_position_estimator:/opt/ros/humble LD_LIBRARY_PATH=/home/devika/robo_ws/install/moveit_task_constructor_capabilities/lib:/home/devika/robo_ws/install/moveit_task_constructor_core/lib:/home/devika/robo_ws/install/rviz_marker_tools/lib:/home/devika/robo_ws/install/moveit_task_constructor_msgs/lib:/home/devika/ws_moveit2/install/pilz_industrial_motion_planner_testutils/lib:/home/devika/ws_moveit2/install/pilz_industrial_motion_planner/lib:/home/devika/ws_moveit2/install/moveit_visual_tools/lib:/home/devika/ws_moveit2/install/moveit_task_constructor_visualization/lib:/home/devika/ws_moveit2/install/moveit_task_constructor_demo/lib:/home/devika/ws_moveit2/install/moveit_task_constructor_capabilities/lib:/home/devika/ws_moveit2/install/moveit_task_constructor_core/lib:/home/devika/ws_moveit2/install/moveit_ros_control_interface/lib:/home/devika/ws_moveit2/install/moveit_simple_controller_manager/lib:/home/devika/ws_moveit2/install/moveit_setup_assistant/lib:/home/devika/ws_moveit2/install/moveit_setup_srdf_plugins/lib:/home/devika/ws_moveit2/install/moveit_setup_core_plugins/lib:/home/devika/ws_moveit2/install/moveit_setup_controllers/lib:/home/devika/ws_moveit2/install/moveit_setup_app_plugins/lib:/home/devika/ws_moveit2/install/moveit_setup_framework/lib:/home/devika/ws_moveit2/install/moveit_servo/lib:/home/devika/ws_moveit2/install/moveit_ros_visualization/lib:/home/devika/ws_moveit2/install/moveit_hybrid_planning/lib:/home/devika/ws_moveit2/install/moveit_ros_planning_interface/lib:/home/devika/ws_moveit2/install/moveit_ros_benchmarks/lib:/home/devika/ws_moveit2/install/moveit_ros_warehouse/lib:/home/devika/ws_moveit2/install/moveit_ros_robot_interaction/lib:/home/devika/ws_moveit2/install/moveit_ros_perception/lib:/home/devika/ws_moveit2/install/moveit_ros_move_group/lib:/home/devika/ws_moveit2/install/moveit_planners_ompl/lib:/home/devika/ws_moveit2/install/moveit_ros_planning/lib:/home/devika/ws_moveit2/install/moveit_ros_occupancy_map_monitor/lib:/home/devika/ws_moveit2/install/moveit_resources_prbt_ikfast_manipulator_plugin/lib:/home/devika/ws_moveit2/install/moveit_planners_chomp/lib:/home/devika/ws_moveit2/install/moveit_kinematics/lib:/home/devika/ws_moveit2/install/moveit_chomp_optimizer_adapter/lib:/home/devika/ws_moveit2/install/chomp_motion_planner/lib:/home/devika/ws_moveit2/install/moveit_core/lib:/home/devika/ws_moveit2/install/srdfdom/lib:/home/devika/ws_moveit2/install/rviz_marker_tools/lib:/home/devika/ws_moveit2/install/rosparam_shortcuts/lib:/home/devika/ws_moveit2/install/moveit_task_constructor_msgs/lib:/home/devika/robo_ws/install/warehouse_ros_mongo/lib:/home/devika/robo_ws/install/moveit_task_constructor_visualization/lib:/home/devika/robo_ws/install/moveit_task_constructor_demo/lib:/home/devika/robo_ws/install/hello_moveit_task_constructor/lib:/home/devika/robo_ws/install/gazebo_ros2_control/lib:/usr/lib/x86_64-linux-gnu/gazebo-11/plugins:/opt/ros/humble/opt/rviz_ogre_vendor/lib:/opt/ros/humble/lib/x86_64-linux-gnu:/opt/ros/humble/lib /usr/bin/cmake --install /home/devika/robo_ws/build/moveit_task_constructor_demo
[13.757s] Level 1:colcon.colcon_core.environment:checking '/home/devika/robo_ws/install/moveit_task_constructor_demo' for CMake config files
[13.759s] Level 1:colcon.colcon_core.shell:create_environment_hook('moveit_task_constructor_demo', 'cmake_prefix_path')
[13.760s] INFO:colcon.colcon_core.shell:Creating environment hook '/home/devika/robo_ws/install/moveit_task_constructor_demo/share/moveit_task_constructor_demo/hook/cmake_prefix_path.ps1'
[13.762s] INFO:colcon.colcon_core.shell:Creating environment descriptor '/home/devika/robo_ws/install/moveit_task_constructor_demo/share/moveit_task_constructor_demo/hook/cmake_prefix_path.dsv'
[13.763s] INFO:colcon.colcon_core.shell:Creating environment hook '/home/devika/robo_ws/install/moveit_task_constructor_demo/share/moveit_task_constructor_demo/hook/cmake_prefix_path.sh'
[13.766s] Level 1:colcon.colcon_core.environment:checking '/home/devika/robo_ws/install/moveit_task_constructor_demo/lib'
[13.766s] Level 1:colcon.colcon_core.shell:create_environment_hook('moveit_task_constructor_demo', 'ld_library_path_lib')
[13.767s] INFO:colcon.colcon_core.shell:Creating environment hook '/home/devika/robo_ws/install/moveit_task_constructor_demo/share/moveit_task_constructor_demo/hook/ld_library_path_lib.ps1'
[13.769s] INFO:colcon.colcon_core.shell:Creating environment descriptor '/home/devika/robo_ws/install/moveit_task_constructor_demo/share/moveit_task_constructor_demo/hook/ld_library_path_lib.dsv'
[13.771s] INFO:colcon.colcon_core.shell:Creating environment hook '/home/devika/robo_ws/install/moveit_task_constructor_demo/share/moveit_task_constructor_demo/hook/ld_library_path_lib.sh'
[13.773s] Level 1:colcon.colcon_core.environment:checking '/home/devika/robo_ws/install/moveit_task_constructor_demo/bin'
[13.773s] Level 1:colcon.colcon_core.environment:checking '/home/devika/robo_ws/install/moveit_task_constructor_demo/lib/pkgconfig/moveit_task_constructor_demo.pc'
[13.773s] Level 1:colcon.colcon_core.environment:checking '/home/devika/robo_ws/install/moveit_task_constructor_demo/lib/python3.10/site-packages'
[13.775s] Level 1:colcon.colcon_core.environment:checking '/home/devika/robo_ws/install/moveit_task_constructor_demo/bin'
[13.777s] INFO:colcon.colcon_core.shell:Creating package script '/home/devika/robo_ws/install/moveit_task_constructor_demo/share/moveit_task_constructor_demo/package.ps1'
[13.779s] INFO:colcon.colcon_core.shell:Creating package descriptor '/home/devika/robo_ws/install/moveit_task_constructor_demo/share/moveit_task_constructor_demo/package.dsv'
[13.781s] INFO:colcon.colcon_core.shell:Creating package script '/home/devika/robo_ws/install/moveit_task_constructor_demo/share/moveit_task_constructor_demo/package.sh'
[13.783s] INFO:colcon.colcon_core.shell:Creating package script '/home/devika/robo_ws/install/moveit_task_constructor_demo/share/moveit_task_constructor_demo/package.bash'
[13.785s] INFO:colcon.colcon_core.shell:Creating package script '/home/devika/robo_ws/install/moveit_task_constructor_demo/share/moveit_task_constructor_demo/package.zsh'
[13.786s] Level 1:colcon.colcon_core.environment:create_file_with_runtime_dependencies(/home/devika/robo_ws/install/moveit_task_constructor_demo/share/colcon-core/packages/moveit_task_constructor_demo)
[13.788s] Level 1:colcon.colcon_core.environment:create_environment_scripts_only(moveit_task_constructor_demo)
[13.789s] Level 1:colcon.colcon_core.environment:checking '/home/devika/robo_ws/install/moveit_task_constructor_demo' for CMake module files
[13.790s] Level 1:colcon.colcon_core.environment:checking '/home/devika/robo_ws/install/moveit_task_constructor_demo' for CMake config files
[13.792s] Level 1:colcon.colcon_core.shell:create_environment_hook('moveit_task_constructor_demo', 'cmake_prefix_path')
[13.794s] INFO:colcon.colcon_core.shell:Creating environment hook '/home/devika/robo_ws/install/moveit_task_constructor_demo/share/moveit_task_constructor_demo/hook/cmake_prefix_path.ps1'
[13.797s] INFO:colcon.colcon_core.shell:Creating environment descriptor '/home/devika/robo_ws/install/moveit_task_constructor_demo/share/moveit_task_constructor_demo/hook/cmake_prefix_path.dsv'
[13.799s] INFO:colcon.colcon_core.shell:Creating environment hook '/home/devika/robo_ws/install/moveit_task_constructor_demo/share/moveit_task_constructor_demo/hook/cmake_prefix_path.sh'
[13.802s] Level 1:colcon.colcon_core.environment:checking '/home/devika/robo_ws/install/moveit_task_constructor_demo/lib'
[13.803s] Level 1:colcon.colcon_core.shell:create_environment_hook('moveit_task_constructor_demo', 'ld_library_path_lib')
[13.804s] INFO:colcon.colcon_core.shell:Creating environment hook '/home/devika/robo_ws/install/moveit_task_constructor_demo/share/moveit_task_constructor_demo/hook/ld_library_path_lib.ps1'
[13.805s] INFO:colcon.colcon_core.shell:Creating environment descriptor '/home/devika/robo_ws/install/moveit_task_constructor_demo/share/moveit_task_constructor_demo/hook/ld_library_path_lib.dsv'
[13.806s] INFO:colcon.colcon_core.shell:Creating environment hook '/home/devika/robo_ws/install/moveit_task_constructor_demo/share/moveit_task_constructor_demo/hook/ld_library_path_lib.sh'
[13.808s] Level 1:colcon.colcon_core.environment:checking '/home/devika/robo_ws/install/moveit_task_constructor_demo/bin'
[13.808s] Level 1:colcon.colcon_core.environment:checking '/home/devika/robo_ws/install/moveit_task_constructor_demo/lib/pkgconfig/moveit_task_constructor_demo.pc'
[13.809s] Level 1:colcon.colcon_core.environment:checking '/home/devika/robo_ws/install/moveit_task_constructor_demo/lib/python3.10/site-packages'
[13.810s] Level 1:colcon.colcon_core.environment:checking '/home/devika/robo_ws/install/moveit_task_constructor_demo/bin'
[13.811s] INFO:colcon.colcon_core.shell:Creating package script '/home/devika/robo_ws/install/moveit_task_constructor_demo/share/moveit_task_constructor_demo/package.ps1'
[13.813s] INFO:colcon.colcon_core.shell:Creating package descriptor '/home/devika/robo_ws/install/moveit_task_constructor_demo/share/moveit_task_constructor_demo/package.dsv'
[13.815s] INFO:colcon.colcon_core.shell:Creating package script '/home/devika/robo_ws/install/moveit_task_constructor_demo/share/moveit_task_constructor_demo/package.sh'
[13.817s] INFO:colcon.colcon_core.shell:Creating package script '/home/devika/robo_ws/install/moveit_task_constructor_demo/share/moveit_task_constructor_demo/package.bash'
[13.820s] INFO:colcon.colcon_core.shell:Creating package script '/home/devika/robo_ws/install/moveit_task_constructor_demo/share/moveit_task_constructor_demo/package.zsh'
[13.821s] Level 1:colcon.colcon_core.environment:create_file_with_runtime_dependencies(/home/devika/robo_ws/install/moveit_task_constructor_demo/share/colcon-core/packages/moveit_task_constructor_demo)
[15.713s] DEBUG:colcon.colcon_core.event_handler.log_command:Invoked command in '/home/devika/robo_ws/build/moveit_task_constructor_visualization' returned '0': CMAKE_MODULE_PATH=/home/devika/robo_ws/install/moveit_task_constructor_core/share/moveit_task_constructor_core/cmake:/home/devika/ws_moveit2/install/moveit_task_constructor_core/share/moveit_task_constructor_core/cmake:/home/devika/robo_ws/install/warehouse_ros_mongo/share/warehouse_ros_mongo/cmake CMAKE_PREFIX_PATH=/home/devika/robo_ws/install/moveit_task_constructor_core:/home/devika/robo_ws/install/rviz_marker_tools:/home/devika/robo_ws/install/moveit_task_constructor_msgs:/home/devika/ws_moveit2/install/pilz_industrial_motion_planner_testutils:/home/devika/ws_moveit2/install/moveit_runtime:/home/devika/ws_moveit2/install/moveit2_tutorials:/home/devika/ws_moveit2/install/moveit:/home/devika/ws_moveit2/install/moveit_planners:/home/devika/ws_moveit2/install/pilz_industrial_motion_planner:/home/devika/ws_moveit2/install/moveit_visual_tools:/home/devika/ws_moveit2/install/moveit_task_constructor_visualization:/home/devika/ws_moveit2/install/moveit_task_constructor_demo:/home/devika/ws_moveit2/install/moveit_task_constructor_capabilities:/home/devika/ws_moveit2/install/moveit_task_constructor_core:/home/devika/ws_moveit2/install/moveit_ros_control_interface:/home/devika/ws_moveit2/install/moveit_plugins:/home/devika/ws_moveit2/install/moveit_simple_controller_manager:/home/devika/ws_moveit2/install/moveit_setup_assistant:/home/devika/ws_moveit2/install/moveit_setup_srdf_plugins:/home/devika/ws_moveit2/install/moveit_setup_core_plugins:/home/devika/ws_moveit2/install/moveit_setup_controllers:/home/devika/ws_moveit2/install/moveit_setup_app_plugins:/home/devika/ws_moveit2/install/moveit_setup_framework:/home/devika/ws_moveit2/install/moveit_servo:/home/devika/ws_moveit2/install/moveit_ros:/home/devika/ws_moveit2/install/moveit_ros_visualization:/home/devika/ws_moveit2/install/moveit_hybrid_planning:/home/devika/ws_moveit2/install/moveit_ros_planning_interface:/home/devika/ws_moveit2/install/moveit_ros_benchmarks:/home/devika/ws_moveit2/install/moveit_ros_warehouse:/home/devika/ws_moveit2/install/moveit_ros_robot_interaction:/home/devika/ws_moveit2/install/moveit_ros_perception:/home/devika/ws_moveit2/install/moveit_resources_prbt_pg70_support:/home/devika/ws_moveit2/install/moveit_resources_prbt_moveit_config:/home/devika/ws_moveit2/install/moveit_ros_move_group:/home/devika/ws_moveit2/install/moveit_planners_ompl:/home/devika/ws_moveit2/install/moveit_ros_planning:/home/devika/ws_moveit2/install/moveit_ros_occupancy_map_monitor:/home/devika/ws_moveit2/install/moveit_resources_prbt_ikfast_manipulator_plugin:/home/devika/ws_moveit2/install/moveit_planners_chomp:/home/devika/ws_moveit2/install/moveit_kinematics:/home/devika/ws_moveit2/install/moveit_chomp_optimizer_adapter:/home/devika/ws_moveit2/install/chomp_motion_planner:/home/devika/ws_moveit2/install/moveit_core:/home/devika/ws_moveit2/install/srdfdom:/home/devika/ws_moveit2/install/rviz_marker_tools:/home/devika/ws_moveit2/install/rosparam_shortcuts:/home/devika/ws_moveit2/install/moveit_task_constructor_msgs:/home/devika/ws_moveit2/install/moveit_resources_prbt_support:/home/devika/ws_moveit2/install/moveit_resources:/home/devika/ws_moveit2/install/moveit_resources_pr2_description:/home/devika/ws_moveit2/install/moveit_resources_panda_moveit_config:/home/devika/ws_moveit2/install/moveit_resources_panda_description:/home/devika/ws_moveit2/install/moveit_resources_fanuc_moveit_config:/home/devika/ws_moveit2/install/moveit_resources_fanuc_description:/home/devika/ws_moveit2/install/moveit_common:/home/devika/robo_ws/install/urdf_humble_test_moveit_config:/home/devika/robo_ws/install/warehouse_ros_mongo:/home/devika/robo_ws/install/urdf_humble_test:/home/devika/robo_ws/install/moveit_task_constructor_visualization:/home/devika/robo_ws/install/moveit_task_constructor_demo:/home/devika/robo_ws/install/moveit_task_constructor_capabilities:/home/devika/robo_ws/install/hello_moveit_task_constructor:/home/devika/robo_ws/install/hello_moveit:/home/devika/robo_ws/install/gazebo_ros2_control:/home/devika/manga_ws/install/urdf_humble_test_moveit_config:/home/devika/manga_ws/install/urdf_humble_test:/home/devika/manga_ws/install/hello_moveit:/home/devika/some_ws/install/motoman_hc10_support:/home/devika/some_ws/install/motoman_resources:/home/devika/some_ws/install/hello_moveit:/home/devika/some_ws/install/hc20_sim_moveit_config:/home/devika/some_ws/install/hc20_moveit_config:/home/devika/some_ws/install/hc10_movit2v3:/home/devika/some_ws/install/hc10dt_moveit_config:/home/devika/ws_moveit2/install/moveit_configs_utils:/home/devika/ws_moveit2/install/launch_param_builder:/home/devika/robo_ws/install/perception_vision:/home/devika/robo_ws/install/cylinder_position_estimator:/opt/ros/humble LD_LIBRARY_PATH=/home/devika/robo_ws/install/moveit_task_constructor_core/lib:/home/devika/robo_ws/install/rviz_marker_tools/lib:/home/devika/robo_ws/install/moveit_task_constructor_msgs/lib:/home/devika/ws_moveit2/install/pilz_industrial_motion_planner_testutils/lib:/home/devika/ws_moveit2/install/pilz_industrial_motion_planner/lib:/home/devika/ws_moveit2/install/moveit_visual_tools/lib:/home/devika/ws_moveit2/install/moveit_task_constructor_visualization/lib:/home/devika/ws_moveit2/install/moveit_task_constructor_demo/lib:/home/devika/ws_moveit2/install/moveit_task_constructor_capabilities/lib:/home/devika/ws_moveit2/install/moveit_task_constructor_core/lib:/home/devika/ws_moveit2/install/moveit_ros_control_interface/lib:/home/devika/ws_moveit2/install/moveit_simple_controller_manager/lib:/home/devika/ws_moveit2/install/moveit_setup_assistant/lib:/home/devika/ws_moveit2/install/moveit_setup_srdf_plugins/lib:/home/devika/ws_moveit2/install/moveit_setup_core_plugins/lib:/home/devika/ws_moveit2/install/moveit_setup_controllers/lib:/home/devika/ws_moveit2/install/moveit_setup_app_plugins/lib:/home/devika/ws_moveit2/install/moveit_setup_framework/lib:/home/devika/ws_moveit2/install/moveit_servo/lib:/home/devika/ws_moveit2/install/moveit_ros_visualization/lib:/home/devika/ws_moveit2/install/moveit_hybrid_planning/lib:/home/devika/ws_moveit2/install/moveit_ros_planning_interface/lib:/home/devika/ws_moveit2/install/moveit_ros_benchmarks/lib:/home/devika/ws_moveit2/install/moveit_ros_warehouse/lib:/home/devika/ws_moveit2/install/moveit_ros_robot_interaction/lib:/home/devika/ws_moveit2/install/moveit_ros_perception/lib:/home/devika/ws_moveit2/install/moveit_ros_move_group/lib:/home/devika/ws_moveit2/install/moveit_planners_ompl/lib:/home/devika/ws_moveit2/install/moveit_ros_planning/lib:/home/devika/ws_moveit2/install/moveit_ros_occupancy_map_monitor/lib:/home/devika/ws_moveit2/install/moveit_resources_prbt_ikfast_manipulator_plugin/lib:/home/devika/ws_moveit2/install/moveit_planners_chomp/lib:/home/devika/ws_moveit2/install/moveit_kinematics/lib:/home/devika/ws_moveit2/install/moveit_chomp_optimizer_adapter/lib:/home/devika/ws_moveit2/install/chomp_motion_planner/lib:/home/devika/ws_moveit2/install/moveit_core/lib:/home/devika/ws_moveit2/install/srdfdom/lib:/home/devika/ws_moveit2/install/rviz_marker_tools/lib:/home/devika/ws_moveit2/install/rosparam_shortcuts/lib:/home/devika/ws_moveit2/install/moveit_task_constructor_msgs/lib:/home/devika/robo_ws/install/warehouse_ros_mongo/lib:/home/devika/robo_ws/install/moveit_task_constructor_visualization/lib:/home/devika/robo_ws/install/moveit_task_constructor_demo/lib:/home/devika/robo_ws/install/moveit_task_constructor_capabilities/lib:/home/devika/robo_ws/install/hello_moveit_task_constructor/lib:/home/devika/robo_ws/install/gazebo_ros2_control/lib:/usr/lib/x86_64-linux-gnu/gazebo-11/plugins:/opt/ros/humble/opt/rviz_ogre_vendor/lib:/opt/ros/humble/lib/x86_64-linux-gnu:/opt/ros/humble/lib /usr/bin/cmake --build /home/devika/robo_ws/build/moveit_task_constructor_visualization
[15.721s] DEBUG:colcon.colcon_core.event_handler.log_command:Invoking command in '/home/devika/robo_ws/build/moveit_task_constructor_visualization': CMAKE_MODULE_PATH=/home/devika/robo_ws/install/moveit_task_constructor_core/share/moveit_task_constructor_core/cmake:/home/devika/ws_moveit2/install/moveit_task_constructor_core/share/moveit_task_constructor_core/cmake:/home/devika/robo_ws/install/warehouse_ros_mongo/share/warehouse_ros_mongo/cmake CMAKE_PREFIX_PATH=/home/devika/robo_ws/install/moveit_task_constructor_core:/home/devika/robo_ws/install/rviz_marker_tools:/home/devika/robo_ws/install/moveit_task_constructor_msgs:/home/devika/ws_moveit2/install/pilz_industrial_motion_planner_testutils:/home/devika/ws_moveit2/install/moveit_runtime:/home/devika/ws_moveit2/install/moveit2_tutorials:/home/devika/ws_moveit2/install/moveit:/home/devika/ws_moveit2/install/moveit_planners:/home/devika/ws_moveit2/install/pilz_industrial_motion_planner:/home/devika/ws_moveit2/install/moveit_visual_tools:/home/devika/ws_moveit2/install/moveit_task_constructor_visualization:/home/devika/ws_moveit2/install/moveit_task_constructor_demo:/home/devika/ws_moveit2/install/moveit_task_constructor_capabilities:/home/devika/ws_moveit2/install/moveit_task_constructor_core:/home/devika/ws_moveit2/install/moveit_ros_control_interface:/home/devika/ws_moveit2/install/moveit_plugins:/home/devika/ws_moveit2/install/moveit_simple_controller_manager:/home/devika/ws_moveit2/install/moveit_setup_assistant:/home/devika/ws_moveit2/install/moveit_setup_srdf_plugins:/home/devika/ws_moveit2/install/moveit_setup_core_plugins:/home/devika/ws_moveit2/install/moveit_setup_controllers:/home/devika/ws_moveit2/install/moveit_setup_app_plugins:/home/devika/ws_moveit2/install/moveit_setup_framework:/home/devika/ws_moveit2/install/moveit_servo:/home/devika/ws_moveit2/install/moveit_ros:/home/devika/ws_moveit2/install/moveit_ros_visualization:/home/devika/ws_moveit2/install/moveit_hybrid_planning:/home/devika/ws_moveit2/install/moveit_ros_planning_interface:/home/devika/ws_moveit2/install/moveit_ros_benchmarks:/home/devika/ws_moveit2/install/moveit_ros_warehouse:/home/devika/ws_moveit2/install/moveit_ros_robot_interaction:/home/devika/ws_moveit2/install/moveit_ros_perception:/home/devika/ws_moveit2/install/moveit_resources_prbt_pg70_support:/home/devika/ws_moveit2/install/moveit_resources_prbt_moveit_config:/home/devika/ws_moveit2/install/moveit_ros_move_group:/home/devika/ws_moveit2/install/moveit_planners_ompl:/home/devika/ws_moveit2/install/moveit_ros_planning:/home/devika/ws_moveit2/install/moveit_ros_occupancy_map_monitor:/home/devika/ws_moveit2/install/moveit_resources_prbt_ikfast_manipulator_plugin:/home/devika/ws_moveit2/install/moveit_planners_chomp:/home/devika/ws_moveit2/install/moveit_kinematics:/home/devika/ws_moveit2/install/moveit_chomp_optimizer_adapter:/home/devika/ws_moveit2/install/chomp_motion_planner:/home/devika/ws_moveit2/install/moveit_core:/home/devika/ws_moveit2/install/srdfdom:/home/devika/ws_moveit2/install/rviz_marker_tools:/home/devika/ws_moveit2/install/rosparam_shortcuts:/home/devika/ws_moveit2/install/moveit_task_constructor_msgs:/home/devika/ws_moveit2/install/moveit_resources_prbt_support:/home/devika/ws_moveit2/install/moveit_resources:/home/devika/ws_moveit2/install/moveit_resources_pr2_description:/home/devika/ws_moveit2/install/moveit_resources_panda_moveit_config:/home/devika/ws_moveit2/install/moveit_resources_panda_description:/home/devika/ws_moveit2/install/moveit_resources_fanuc_moveit_config:/home/devika/ws_moveit2/install/moveit_resources_fanuc_description:/home/devika/ws_moveit2/install/moveit_common:/home/devika/robo_ws/install/urdf_humble_test_moveit_config:/home/devika/robo_ws/install/warehouse_ros_mongo:/home/devika/robo_ws/install/urdf_humble_test:/home/devika/robo_ws/install/moveit_task_constructor_visualization:/home/devika/robo_ws/install/moveit_task_constructor_demo:/home/devika/robo_ws/install/moveit_task_constructor_capabilities:/home/devika/robo_ws/install/hello_moveit_task_constructor:/home/devika/robo_ws/install/hello_moveit:/home/devika/robo_ws/install/gazebo_ros2_control:/home/devika/manga_ws/install/urdf_humble_test_moveit_config:/home/devika/manga_ws/install/urdf_humble_test:/home/devika/manga_ws/install/hello_moveit:/home/devika/some_ws/install/motoman_hc10_support:/home/devika/some_ws/install/motoman_resources:/home/devika/some_ws/install/hello_moveit:/home/devika/some_ws/install/hc20_sim_moveit_config:/home/devika/some_ws/install/hc20_moveit_config:/home/devika/some_ws/install/hc10_movit2v3:/home/devika/some_ws/install/hc10dt_moveit_config:/home/devika/ws_moveit2/install/moveit_configs_utils:/home/devika/ws_moveit2/install/launch_param_builder:/home/devika/robo_ws/install/perception_vision:/home/devika/robo_ws/install/cylinder_position_estimator:/opt/ros/humble LD_LIBRARY_PATH=/home/devika/robo_ws/install/moveit_task_constructor_core/lib:/home/devika/robo_ws/install/rviz_marker_tools/lib:/home/devika/robo_ws/install/moveit_task_constructor_msgs/lib:/home/devika/ws_moveit2/install/pilz_industrial_motion_planner_testutils/lib:/home/devika/ws_moveit2/install/pilz_industrial_motion_planner/lib:/home/devika/ws_moveit2/install/moveit_visual_tools/lib:/home/devika/ws_moveit2/install/moveit_task_constructor_visualization/lib:/home/devika/ws_moveit2/install/moveit_task_constructor_demo/lib:/home/devika/ws_moveit2/install/moveit_task_constructor_capabilities/lib:/home/devika/ws_moveit2/install/moveit_task_constructor_core/lib:/home/devika/ws_moveit2/install/moveit_ros_control_interface/lib:/home/devika/ws_moveit2/install/moveit_simple_controller_manager/lib:/home/devika/ws_moveit2/install/moveit_setup_assistant/lib:/home/devika/ws_moveit2/install/moveit_setup_srdf_plugins/lib:/home/devika/ws_moveit2/install/moveit_setup_core_plugins/lib:/home/devika/ws_moveit2/install/moveit_setup_controllers/lib:/home/devika/ws_moveit2/install/moveit_setup_app_plugins/lib:/home/devika/ws_moveit2/install/moveit_setup_framework/lib:/home/devika/ws_moveit2/install/moveit_servo/lib:/home/devika/ws_moveit2/install/moveit_ros_visualization/lib:/home/devika/ws_moveit2/install/moveit_hybrid_planning/lib:/home/devika/ws_moveit2/install/moveit_ros_planning_interface/lib:/home/devika/ws_moveit2/install/moveit_ros_benchmarks/lib:/home/devika/ws_moveit2/install/moveit_ros_warehouse/lib:/home/devika/ws_moveit2/install/moveit_ros_robot_interaction/lib:/home/devika/ws_moveit2/install/moveit_ros_perception/lib:/home/devika/ws_moveit2/install/moveit_ros_move_group/lib:/home/devika/ws_moveit2/install/moveit_planners_ompl/lib:/home/devika/ws_moveit2/install/moveit_ros_planning/lib:/home/devika/ws_moveit2/install/moveit_ros_occupancy_map_monitor/lib:/home/devika/ws_moveit2/install/moveit_resources_prbt_ikfast_manipulator_plugin/lib:/home/devika/ws_moveit2/install/moveit_planners_chomp/lib:/home/devika/ws_moveit2/install/moveit_kinematics/lib:/home/devika/ws_moveit2/install/moveit_chomp_optimizer_adapter/lib:/home/devika/ws_moveit2/install/chomp_motion_planner/lib:/home/devika/ws_moveit2/install/moveit_core/lib:/home/devika/ws_moveit2/install/srdfdom/lib:/home/devika/ws_moveit2/install/rviz_marker_tools/lib:/home/devika/ws_moveit2/install/rosparam_shortcuts/lib:/home/devika/ws_moveit2/install/moveit_task_constructor_msgs/lib:/home/devika/robo_ws/install/warehouse_ros_mongo/lib:/home/devika/robo_ws/install/moveit_task_constructor_visualization/lib:/home/devika/robo_ws/install/moveit_task_constructor_demo/lib:/home/devika/robo_ws/install/moveit_task_constructor_capabilities/lib:/home/devika/robo_ws/install/hello_moveit_task_constructor/lib:/home/devika/robo_ws/install/gazebo_ros2_control/lib:/usr/lib/x86_64-linux-gnu/gazebo-11/plugins:/opt/ros/humble/opt/rviz_ogre_vendor/lib:/opt/ros/humble/lib/x86_64-linux-gnu:/opt/ros/humble/lib /usr/bin/cmake --install /home/devika/robo_ws/build/moveit_task_constructor_visualization
[15.787s] Level 1:colcon.colcon_core.environment:create_environment_scripts_only(moveit_task_constructor_visualization)
[15.788s] Level 1:colcon.colcon_core.environment:checking '/home/devika/robo_ws/install/moveit_task_constructor_visualization' for CMake module files
[15.789s] DEBUG:colcon.colcon_core.event_handler.log_command:Invoked command in '/home/devika/robo_ws/build/moveit_task_constructor_visualization' returned '0': CMAKE_MODULE_PATH=/home/devika/robo_ws/install/moveit_task_constructor_core/share/moveit_task_constructor_core/cmake:/home/devika/ws_moveit2/install/moveit_task_constructor_core/share/moveit_task_constructor_core/cmake:/home/devika/robo_ws/install/warehouse_ros_mongo/share/warehouse_ros_mongo/cmake CMAKE_PREFIX_PATH=/home/devika/robo_ws/install/moveit_task_constructor_core:/home/devika/robo_ws/install/rviz_marker_tools:/home/devika/robo_ws/install/moveit_task_constructor_msgs:/home/devika/ws_moveit2/install/pilz_industrial_motion_planner_testutils:/home/devika/ws_moveit2/install/moveit_runtime:/home/devika/ws_moveit2/install/moveit2_tutorials:/home/devika/ws_moveit2/install/moveit:/home/devika/ws_moveit2/install/moveit_planners:/home/devika/ws_moveit2/install/pilz_industrial_motion_planner:/home/devika/ws_moveit2/install/moveit_visual_tools:/home/devika/ws_moveit2/install/moveit_task_constructor_visualization:/home/devika/ws_moveit2/install/moveit_task_constructor_demo:/home/devika/ws_moveit2/install/moveit_task_constructor_capabilities:/home/devika/ws_moveit2/install/moveit_task_constructor_core:/home/devika/ws_moveit2/install/moveit_ros_control_interface:/home/devika/ws_moveit2/install/moveit_plugins:/home/devika/ws_moveit2/install/moveit_simple_controller_manager:/home/devika/ws_moveit2/install/moveit_setup_assistant:/home/devika/ws_moveit2/install/moveit_setup_srdf_plugins:/home/devika/ws_moveit2/install/moveit_setup_core_plugins:/home/devika/ws_moveit2/install/moveit_setup_controllers:/home/devika/ws_moveit2/install/moveit_setup_app_plugins:/home/devika/ws_moveit2/install/moveit_setup_framework:/home/devika/ws_moveit2/install/moveit_servo:/home/devika/ws_moveit2/install/moveit_ros:/home/devika/ws_moveit2/install/moveit_ros_visualization:/home/devika/ws_moveit2/install/moveit_hybrid_planning:/home/devika/ws_moveit2/install/moveit_ros_planning_interface:/home/devika/ws_moveit2/install/moveit_ros_benchmarks:/home/devika/ws_moveit2/install/moveit_ros_warehouse:/home/devika/ws_moveit2/install/moveit_ros_robot_interaction:/home/devika/ws_moveit2/install/moveit_ros_perception:/home/devika/ws_moveit2/install/moveit_resources_prbt_pg70_support:/home/devika/ws_moveit2/install/moveit_resources_prbt_moveit_config:/home/devika/ws_moveit2/install/moveit_ros_move_group:/home/devika/ws_moveit2/install/moveit_planners_ompl:/home/devika/ws_moveit2/install/moveit_ros_planning:/home/devika/ws_moveit2/install/moveit_ros_occupancy_map_monitor:/home/devika/ws_moveit2/install/moveit_resources_prbt_ikfast_manipulator_plugin:/home/devika/ws_moveit2/install/moveit_planners_chomp:/home/devika/ws_moveit2/install/moveit_kinematics:/home/devika/ws_moveit2/install/moveit_chomp_optimizer_adapter:/home/devika/ws_moveit2/install/chomp_motion_planner:/home/devika/ws_moveit2/install/moveit_core:/home/devika/ws_moveit2/install/srdfdom:/home/devika/ws_moveit2/install/rviz_marker_tools:/home/devika/ws_moveit2/install/rosparam_shortcuts:/home/devika/ws_moveit2/install/moveit_task_constructor_msgs:/home/devika/ws_moveit2/install/moveit_resources_prbt_support:/home/devika/ws_moveit2/install/moveit_resources:/home/devika/ws_moveit2/install/moveit_resources_pr2_description:/home/devika/ws_moveit2/install/moveit_resources_panda_moveit_config:/home/devika/ws_moveit2/install/moveit_resources_panda_description:/home/devika/ws_moveit2/install/moveit_resources_fanuc_moveit_config:/home/devika/ws_moveit2/install/moveit_resources_fanuc_description:/home/devika/ws_moveit2/install/moveit_common:/home/devika/robo_ws/install/urdf_humble_test_moveit_config:/home/devika/robo_ws/install/warehouse_ros_mongo:/home/devika/robo_ws/install/urdf_humble_test:/home/devika/robo_ws/install/moveit_task_constructor_visualization:/home/devika/robo_ws/install/moveit_task_constructor_demo:/home/devika/robo_ws/install/moveit_task_constructor_capabilities:/home/devika/robo_ws/install/hello_moveit_task_constructor:/home/devika/robo_ws/install/hello_moveit:/home/devika/robo_ws/install/gazebo_ros2_control:/home/devika/manga_ws/install/urdf_humble_test_moveit_config:/home/devika/manga_ws/install/urdf_humble_test:/home/devika/manga_ws/install/hello_moveit:/home/devika/some_ws/install/motoman_hc10_support:/home/devika/some_ws/install/motoman_resources:/home/devika/some_ws/install/hello_moveit:/home/devika/some_ws/install/hc20_sim_moveit_config:/home/devika/some_ws/install/hc20_moveit_config:/home/devika/some_ws/install/hc10_movit2v3:/home/devika/some_ws/install/hc10dt_moveit_config:/home/devika/ws_moveit2/install/moveit_configs_utils:/home/devika/ws_moveit2/install/launch_param_builder:/home/devika/robo_ws/install/perception_vision:/home/devika/robo_ws/install/cylinder_position_estimator:/opt/ros/humble LD_LIBRARY_PATH=/home/devika/robo_ws/install/moveit_task_constructor_core/lib:/home/devika/robo_ws/install/rviz_marker_tools/lib:/home/devika/robo_ws/install/moveit_task_constructor_msgs/lib:/home/devika/ws_moveit2/install/pilz_industrial_motion_planner_testutils/lib:/home/devika/ws_moveit2/install/pilz_industrial_motion_planner/lib:/home/devika/ws_moveit2/install/moveit_visual_tools/lib:/home/devika/ws_moveit2/install/moveit_task_constructor_visualization/lib:/home/devika/ws_moveit2/install/moveit_task_constructor_demo/lib:/home/devika/ws_moveit2/install/moveit_task_constructor_capabilities/lib:/home/devika/ws_moveit2/install/moveit_task_constructor_core/lib:/home/devika/ws_moveit2/install/moveit_ros_control_interface/lib:/home/devika/ws_moveit2/install/moveit_simple_controller_manager/lib:/home/devika/ws_moveit2/install/moveit_setup_assistant/lib:/home/devika/ws_moveit2/install/moveit_setup_srdf_plugins/lib:/home/devika/ws_moveit2/install/moveit_setup_core_plugins/lib:/home/devika/ws_moveit2/install/moveit_setup_controllers/lib:/home/devika/ws_moveit2/install/moveit_setup_app_plugins/lib:/home/devika/ws_moveit2/install/moveit_setup_framework/lib:/home/devika/ws_moveit2/install/moveit_servo/lib:/home/devika/ws_moveit2/install/moveit_ros_visualization/lib:/home/devika/ws_moveit2/install/moveit_hybrid_planning/lib:/home/devika/ws_moveit2/install/moveit_ros_planning_interface/lib:/home/devika/ws_moveit2/install/moveit_ros_benchmarks/lib:/home/devika/ws_moveit2/install/moveit_ros_warehouse/lib:/home/devika/ws_moveit2/install/moveit_ros_robot_interaction/lib:/home/devika/ws_moveit2/install/moveit_ros_perception/lib:/home/devika/ws_moveit2/install/moveit_ros_move_group/lib:/home/devika/ws_moveit2/install/moveit_planners_ompl/lib:/home/devika/ws_moveit2/install/moveit_ros_planning/lib:/home/devika/ws_moveit2/install/moveit_ros_occupancy_map_monitor/lib:/home/devika/ws_moveit2/install/moveit_resources_prbt_ikfast_manipulator_plugin/lib:/home/devika/ws_moveit2/install/moveit_planners_chomp/lib:/home/devika/ws_moveit2/install/moveit_kinematics/lib:/home/devika/ws_moveit2/install/moveit_chomp_optimizer_adapter/lib:/home/devika/ws_moveit2/install/chomp_motion_planner/lib:/home/devika/ws_moveit2/install/moveit_core/lib:/home/devika/ws_moveit2/install/srdfdom/lib:/home/devika/ws_moveit2/install/rviz_marker_tools/lib:/home/devika/ws_moveit2/install/rosparam_shortcuts/lib:/home/devika/ws_moveit2/install/moveit_task_constructor_msgs/lib:/home/devika/robo_ws/install/warehouse_ros_mongo/lib:/home/devika/robo_ws/install/moveit_task_constructor_visualization/lib:/home/devika/robo_ws/install/moveit_task_constructor_demo/lib:/home/devika/robo_ws/install/moveit_task_constructor_capabilities/lib:/home/devika/robo_ws/install/hello_moveit_task_constructor/lib:/home/devika/robo_ws/install/gazebo_ros2_control/lib:/usr/lib/x86_64-linux-gnu/gazebo-11/plugins:/opt/ros/humble/opt/rviz_ogre_vendor/lib:/opt/ros/humble/lib/x86_64-linux-gnu:/opt/ros/humble/lib /usr/bin/cmake --install /home/devika/robo_ws/build/moveit_task_constructor_visualization
[15.791s] Level 1:colcon.colcon_core.environment:checking '/home/devika/robo_ws/install/moveit_task_constructor_visualization' for CMake config files
[15.794s] Level 1:colcon.colcon_core.shell:create_environment_hook('moveit_task_constructor_visualization', 'cmake_prefix_path')
[15.795s] INFO:colcon.colcon_core.shell:Creating environment hook '/home/devika/robo_ws/install/moveit_task_constructor_visualization/share/moveit_task_constructor_visualization/hook/cmake_prefix_path.ps1'
[15.797s] INFO:colcon.colcon_core.shell:Creating environment descriptor '/home/devika/robo_ws/install/moveit_task_constructor_visualization/share/moveit_task_constructor_visualization/hook/cmake_prefix_path.dsv'
[15.799s] INFO:colcon.colcon_core.shell:Creating environment hook '/home/devika/robo_ws/install/moveit_task_constructor_visualization/share/moveit_task_constructor_visualization/hook/cmake_prefix_path.sh'
[15.800s] Level 1:colcon.colcon_core.environment:checking '/home/devika/robo_ws/install/moveit_task_constructor_visualization/lib'
[15.801s] Level 1:colcon.colcon_core.shell:create_environment_hook('moveit_task_constructor_visualization', 'ld_library_path_lib')
[15.802s] INFO:colcon.colcon_core.shell:Creating environment hook '/home/devika/robo_ws/install/moveit_task_constructor_visualization/share/moveit_task_constructor_visualization/hook/ld_library_path_lib.ps1'
[15.803s] INFO:colcon.colcon_core.shell:Creating environment descriptor '/home/devika/robo_ws/install/moveit_task_constructor_visualization/share/moveit_task_constructor_visualization/hook/ld_library_path_lib.dsv'
[15.805s] INFO:colcon.colcon_core.shell:Creating environment hook '/home/devika/robo_ws/install/moveit_task_constructor_visualization/share/moveit_task_constructor_visualization/hook/ld_library_path_lib.sh'
[15.806s] Level 1:colcon.colcon_core.environment:checking '/home/devika/robo_ws/install/moveit_task_constructor_visualization/bin'
[15.806s] Level 1:colcon.colcon_core.environment:checking '/home/devika/robo_ws/install/moveit_task_constructor_visualization/lib/pkgconfig/moveit_task_constructor_visualization.pc'
[15.807s] Level 1:colcon.colcon_core.environment:checking '/home/devika/robo_ws/install/moveit_task_constructor_visualization/lib/python3.10/site-packages'
[15.807s] Level 1:colcon.colcon_core.environment:checking '/home/devika/robo_ws/install/moveit_task_constructor_visualization/bin'
[15.808s] INFO:colcon.colcon_core.shell:Creating package script '/home/devika/robo_ws/install/moveit_task_constructor_visualization/share/moveit_task_constructor_visualization/package.ps1'
[15.810s] INFO:colcon.colcon_core.shell:Creating package descriptor '/home/devika/robo_ws/install/moveit_task_constructor_visualization/share/moveit_task_constructor_visualization/package.dsv'
[15.812s] INFO:colcon.colcon_core.shell:Creating package script '/home/devika/robo_ws/install/moveit_task_constructor_visualization/share/moveit_task_constructor_visualization/package.sh'
[15.815s] INFO:colcon.colcon_core.shell:Creating package script '/home/devika/robo_ws/install/moveit_task_constructor_visualization/share/moveit_task_constructor_visualization/package.bash'
[15.816s] INFO:colcon.colcon_core.shell:Creating package script '/home/devika/robo_ws/install/moveit_task_constructor_visualization/share/moveit_task_constructor_visualization/package.zsh'
[15.817s] Level 1:colcon.colcon_core.environment:create_file_with_runtime_dependencies(/home/devika/robo_ws/install/moveit_task_constructor_visualization/share/colcon-core/packages/moveit_task_constructor_visualization)
[15.819s] Level 1:colcon.colcon_core.environment:create_environment_scripts_only(moveit_task_constructor_visualization)
[15.820s] Level 1:colcon.colcon_core.environment:checking '/home/devika/robo_ws/install/moveit_task_constructor_visualization' for CMake module files
[15.822s] Level 1:colcon.colcon_core.environment:checking '/home/devika/robo_ws/install/moveit_task_constructor_visualization' for CMake config files
[15.823s] Level 1:colcon.colcon_core.shell:create_environment_hook('moveit_task_constructor_visualization', 'cmake_prefix_path')
[15.823s] INFO:colcon.colcon_core.shell:Creating environment hook '/home/devika/robo_ws/install/moveit_task_constructor_visualization/share/moveit_task_constructor_visualization/hook/cmake_prefix_path.ps1'
[15.825s] INFO:colcon.colcon_core.shell:Creating environment descriptor '/home/devika/robo_ws/install/moveit_task_constructor_visualization/share/moveit_task_constructor_visualization/hook/cmake_prefix_path.dsv'
[15.826s] INFO:colcon.colcon_core.shell:Creating environment hook '/home/devika/robo_ws/install/moveit_task_constructor_visualization/share/moveit_task_constructor_visualization/hook/cmake_prefix_path.sh'
[15.829s] Level 1:colcon.colcon_core.environment:checking '/home/devika/robo_ws/install/moveit_task_constructor_visualization/lib'
[15.830s] Level 1:colcon.colcon_core.shell:create_environment_hook('moveit_task_constructor_visualization', 'ld_library_path_lib')
[15.831s] INFO:colcon.colcon_core.shell:Creating environment hook '/home/devika/robo_ws/install/moveit_task_constructor_visualization/share/moveit_task_constructor_visualization/hook/ld_library_path_lib.ps1'
[15.833s] INFO:colcon.colcon_core.shell:Creating environment descriptor '/home/devika/robo_ws/install/moveit_task_constructor_visualization/share/moveit_task_constructor_visualization/hook/ld_library_path_lib.dsv'
[15.834s] INFO:colcon.colcon_core.shell:Creating environment hook '/home/devika/robo_ws/install/moveit_task_constructor_visualization/share/moveit_task_constructor_visualization/hook/ld_library_path_lib.sh'
[15.836s] Level 1:colcon.colcon_core.environment:checking '/home/devika/robo_ws/install/moveit_task_constructor_visualization/bin'
[15.837s] Level 1:colcon.colcon_core.environment:checking '/home/devika/robo_ws/install/moveit_task_constructor_visualization/lib/pkgconfig/moveit_task_constructor_visualization.pc'
[15.838s] Level 1:colcon.colcon_core.environment:checking '/home/devika/robo_ws/install/moveit_task_constructor_visualization/lib/python3.10/site-packages'
[15.838s] Level 1:colcon.colcon_core.environment:checking '/home/devika/robo_ws/install/moveit_task_constructor_visualization/bin'
[15.839s] INFO:colcon.colcon_core.shell:Creating package script '/home/devika/robo_ws/install/moveit_task_constructor_visualization/share/moveit_task_constructor_visualization/package.ps1'
[15.841s] INFO:colcon.colcon_core.shell:Creating package descriptor '/home/devika/robo_ws/install/moveit_task_constructor_visualization/share/moveit_task_constructor_visualization/package.dsv'
[15.843s] INFO:colcon.colcon_core.shell:Creating package script '/home/devika/robo_ws/install/moveit_task_constructor_visualization/share/moveit_task_constructor_visualization/package.sh'
[15.844s] INFO:colcon.colcon_core.shell:Creating package script '/home/devika/robo_ws/install/moveit_task_constructor_visualization/share/moveit_task_constructor_visualization/package.bash'
[15.846s] INFO:colcon.colcon_core.shell:Creating package script '/home/devika/robo_ws/install/moveit_task_constructor_visualization/share/moveit_task_constructor_visualization/package.zsh'
[15.848s] Level 1:colcon.colcon_core.environment:create_file_with_runtime_dependencies(/home/devika/robo_ws/install/moveit_task_constructor_visualization/share/colcon-core/packages/moveit_task_constructor_visualization)
[33.060s] DEBUG:colcon.colcon_core.event_handler.log_command:Invoked command in '/home/devika/robo_ws/build/hello_moveit' returned '0': CMAKE_PREFIX_PATH=${CMAKE_PREFIX_PATH}:/home/devika/ws_moveit2/install/moveit_configs_utils:/home/devika/ws_moveit2/install/launch_param_builder:/home/devika/robo_ws/install/perception_vision:/home/devika/robo_ws/install/cylinder_position_estimator:/opt/ros/humble /usr/bin/cmake --build /home/devika/robo_ws/build/hello_moveit
[33.064s] DEBUG:colcon.colcon_core.event_handler.log_command:Invoking command in '/home/devika/robo_ws/build/hello_moveit': CMAKE_PREFIX_PATH=${CMAKE_PREFIX_PATH}:/home/devika/ws_moveit2/install/moveit_configs_utils:/home/devika/ws_moveit2/install/launch_param_builder:/home/devika/robo_ws/install/perception_vision:/home/devika/robo_ws/install/cylinder_position_estimator:/opt/ros/humble /usr/bin/cmake --install /home/devika/robo_ws/build/hello_moveit
[33.114s] Level 1:colcon.colcon_core.environment:create_environment_scripts_only(hello_moveit)
[33.115s] Level 1:colcon.colcon_core.environment:checking '/home/devika/robo_ws/install/hello_moveit' for CMake module files
[33.116s] DEBUG:colcon.colcon_core.event_handler.log_command:Invoked command in '/home/devika/robo_ws/build/hello_moveit' returned '0': CMAKE_PREFIX_PATH=${CMAKE_PREFIX_PATH}:/home/devika/ws_moveit2/install/moveit_configs_utils:/home/devika/ws_moveit2/install/launch_param_builder:/home/devika/robo_ws/install/perception_vision:/home/devika/robo_ws/install/cylinder_position_estimator:/opt/ros/humble /usr/bin/cmake --install /home/devika/robo_ws/build/hello_moveit
[33.117s] Level 1:colcon.colcon_core.environment:checking '/home/devika/robo_ws/install/hello_moveit' for CMake config files
[33.118s] Level 1:colcon.colcon_core.shell:create_environment_hook('hello_moveit', 'cmake_prefix_path')
[33.118s] INFO:colcon.colcon_core.shell:Creating environment hook '/home/devika/robo_ws/install/hello_moveit/share/hello_moveit/hook/cmake_prefix_path.ps1'
[33.119s] INFO:colcon.colcon_core.shell:Creating environment descriptor '/home/devika/robo_ws/install/hello_moveit/share/hello_moveit/hook/cmake_prefix_path.dsv'
[33.120s] INFO:colcon.colcon_core.shell:Creating environment hook '/home/devika/robo_ws/install/hello_moveit/share/hello_moveit/hook/cmake_prefix_path.sh'
[33.122s] Level 1:colcon.colcon_core.environment:checking '/home/devika/robo_ws/install/hello_moveit/lib'
[33.122s] Level 1:colcon.colcon_core.environment:checking '/home/devika/robo_ws/install/hello_moveit/bin'
[33.123s] Level 1:colcon.colcon_core.environment:checking '/home/devika/robo_ws/install/hello_moveit/lib/pkgconfig/hello_moveit.pc'
[33.124s] Level 1:colcon.colcon_core.environment:checking '/home/devika/robo_ws/install/hello_moveit/lib/python3.10/site-packages'
[33.124s] Level 1:colcon.colcon_core.environment:checking '/home/devika/robo_ws/install/hello_moveit/bin'
[33.126s] INFO:colcon.colcon_core.shell:Creating package script '/home/devika/robo_ws/install/hello_moveit/share/hello_moveit/package.ps1'
[33.128s] INFO:colcon.colcon_core.shell:Creating package descriptor '/home/devika/robo_ws/install/hello_moveit/share/hello_moveit/package.dsv'
[33.130s] INFO:colcon.colcon_core.shell:Creating package script '/home/devika/robo_ws/install/hello_moveit/share/hello_moveit/package.sh'
[33.131s] INFO:colcon.colcon_core.shell:Creating package script '/home/devika/robo_ws/install/hello_moveit/share/hello_moveit/package.bash'
[33.134s] INFO:colcon.colcon_core.shell:Creating package script '/home/devika/robo_ws/install/hello_moveit/share/hello_moveit/package.zsh'
[33.136s] Level 1:colcon.colcon_core.environment:create_file_with_runtime_dependencies(/home/devika/robo_ws/install/hello_moveit/share/colcon-core/packages/hello_moveit)
[33.139s] Level 1:colcon.colcon_core.environment:create_environment_scripts_only(hello_moveit)
[33.141s] Level 1:colcon.colcon_core.environment:checking '/home/devika/robo_ws/install/hello_moveit' for CMake module files
[33.143s] Level 1:colcon.colcon_core.environment:checking '/home/devika/robo_ws/install/hello_moveit' for CMake config files
[33.144s] Level 1:colcon.colcon_core.shell:create_environment_hook('hello_moveit', 'cmake_prefix_path')
[33.145s] INFO:colcon.colcon_core.shell:Creating environment hook '/home/devika/robo_ws/install/hello_moveit/share/hello_moveit/hook/cmake_prefix_path.ps1'
[33.147s] INFO:colcon.colcon_core.shell:Creating environment descriptor '/home/devika/robo_ws/install/hello_moveit/share/hello_moveit/hook/cmake_prefix_path.dsv'
[33.149s] INFO:colcon.colcon_core.shell:Creating environment hook '/home/devika/robo_ws/install/hello_moveit/share/hello_moveit/hook/cmake_prefix_path.sh'
[33.151s] Level 1:colcon.colcon_core.environment:checking '/home/devika/robo_ws/install/hello_moveit/lib'
[33.151s] Level 1:colcon.colcon_core.environment:checking '/home/devika/robo_ws/install/hello_moveit/bin'
[33.151s] Level 1:colcon.colcon_core.environment:checking '/home/devika/robo_ws/install/hello_moveit/lib/pkgconfig/hello_moveit.pc'
[33.152s] Level 1:colcon.colcon_core.environment:checking '/home/devika/robo_ws/install/hello_moveit/lib/python3.10/site-packages'
[33.152s] Level 1:colcon.colcon_core.environment:checking '/home/devika/robo_ws/install/hello_moveit/bin'
[33.153s] INFO:colcon.colcon_core.shell:Creating package script '/home/devika/robo_ws/install/hello_moveit/share/hello_moveit/package.ps1'
[33.154s] INFO:colcon.colcon_core.shell:Creating package descriptor '/home/devika/robo_ws/install/hello_moveit/share/hello_moveit/package.dsv'
[33.155s] INFO:colcon.colcon_core.shell:Creating package script '/home/devika/robo_ws/install/hello_moveit/share/hello_moveit/package.sh'
[33.155s] INFO:colcon.colcon_core.shell:Creating package script '/home/devika/robo_ws/install/hello_moveit/share/hello_moveit/package.bash'
[33.156s] INFO:colcon.colcon_core.shell:Creating package script '/home/devika/robo_ws/install/hello_moveit/share/hello_moveit/package.zsh'
[33.156s] Level 1:colcon.colcon_core.environment:create_file_with_runtime_dependencies(/home/devika/robo_ws/install/hello_moveit/share/colcon-core/packages/hello_moveit)
[33.157s] DEBUG:colcon.colcon_parallel_executor.executor.parallel:closing loop
[33.158s] DEBUG:colcon.colcon_parallel_executor.executor.parallel:loop closed
[33.158s] DEBUG:colcon.colcon_parallel_executor.executor.parallel:run_until_complete finished with '0'
[33.158s] DEBUG:colcon.colcon_core.event_reactor:joining thread
[33.176s] INFO:colcon.colcon_core.plugin_system:Skipping extension 'colcon_notification.desktop_notification.terminal_notifier': Not used on non-Darwin systems
[33.176s] INFO:colcon.colcon_core.plugin_system:Skipping extension 'colcon_notification.desktop_notification.win32': Not used on non-Windows systems
[33.176s] INFO:colcon.colcon_notification.desktop_notification:Sending desktop notification using 'notify2'
[33.207s] DEBUG:colcon.colcon_core.event_reactor:joined thread
[33.207s] INFO:colcon.colcon_core.shell:Creating prefix script '/home/devika/robo_ws/install/local_setup.ps1'
[33.209s] INFO:colcon.colcon_core.shell:Creating prefix util module '/home/devika/robo_ws/install/_local_setup_util_ps1.py'
[33.212s] INFO:colcon.colcon_core.shell:Creating prefix chain script '/home/devika/robo_ws/install/setup.ps1'
[33.221s] INFO:colcon.colcon_core.shell:Creating prefix script '/home/devika/robo_ws/install/local_setup.sh'
[33.222s] INFO:colcon.colcon_core.shell:Creating prefix util module '/home/devika/robo_ws/install/_local_setup_util_sh.py'
[33.224s] INFO:colcon.colcon_core.shell:Creating prefix chain script '/home/devika/robo_ws/install/setup.sh'
[33.235s] INFO:colcon.colcon_core.shell:Creating prefix script '/home/devika/robo_ws/install/local_setup.bash'
[33.236s] INFO:colcon.colcon_core.shell:Creating prefix chain script '/home/devika/robo_ws/install/setup.bash'
[33.245s] INFO:colcon.colcon_core.shell:Creating prefix script '/home/devika/robo_ws/install/local_setup.zsh'
[33.247s] INFO:colcon.colcon_core.shell:Creating prefix chain script '/home/devika/robo_ws/install/setup.zsh'
